INSERT INTO sisbela.TB_CONTATO (ds_email, nu_tel1) VALUES ("sisccaug@gmail.com", "4324325342");

INSERT INTO sisbela.TB_PESSOA (no_pessoa, co_contato, dt_cadastro) VALUES ("Leo Bessa top", "71", "2021-06-16 10:38:49");

INSERT INTO sisbela.TB_EMPRESA (no_fantasia, dt_cadastro) VALUES ("Salão novo Stylo 1010", "2021-06-16 10:38:49");

INSERT INTO TB_ASSINANTE (tp_assinante, co_pessoa, co_empresa, dt_cadastro, dt_expiracao) VALUES ("M", "109", "67", "2021-06-16 10:38:49", "2021-07-16");

INSERT INTO sisbela.TB_USUARIO (co_assinante, co_pessoa, ds_senha, ds_code, st_status, dt_cadastro) VALUES ("66", "109", "EBX2BBG3", "UlVKWU1rSkNSek09", "I", "2021-06-16 10:38:49");

INSERT INTO TB_PLANO_ASSINANTE_ASSINATURA (co_plano_assinante, co_assinante, nu_filiais, nu_valor_assinatura, tp_pagamento, dt_cadastro, dt_expiracao) VALUES ("13", "66", "0", "17.00", "5", "2021-06-16 10:38:49", "2021-07-16");

INSERT INTO TB_HISTORICO_PAG_ASSINATURA (co_plano_assinante_assinatura, dt_cadastro, ds_acao, ds_usuario, st_pagamento) VALUES ("46", "2021-06-16 10:38:49", "Inicia o pagamento", "Leo Bessa top Iniciou o pagamento", "0");

INSERT INTO TB_PLANO_ASSINANTE_ASSINATURA (st_pagamento, dt_modificado, nu_valor_desconto, nu_valor_real, ds_link_boleto, ds_code_transacao, co_plano_assinante) VALUES ("1", "2021-06-16T10:38:53.000-03:00", "1.08", "15.92", "https://sandbox.pagseguro.uol.com.br/checkout/payment/booklet/print.jhtml?c=5f399ba66651b6dfe81aab1e5ad460f9666043f520c1a09acdf2c97ed3f59a2d0aa57abfd14ffed3", "3C3D03FD-8BD1-4AB9-BB94-B46DA4B90F03", "13");

INSERT INTO sisbela.TB_CONTATO (ds_email, nu_tel1) VALUES ("sisccaug@gmail.com", "57677889887");

INSERT INTO sisbela.TB_PESSOA (no_pessoa, co_contato, dt_cadastro) VALUES ("Leo Bessa top", "72", "2021-06-16 10:44:02");

INSERT INTO sisbela.TB_EMPRESA (no_fantasia, dt_cadastro) VALUES ("Salão novo Stylo 1010", "2021-06-16 10:44:02");

INSERT INTO TB_ASSINANTE (tp_assinante, co_pessoa, co_empresa, dt_cadastro, dt_expiracao) VALUES ("M", "110", "68", "2021-06-16 10:44:02", "2022-06-16");

INSERT INTO sisbela.TB_USUARIO (co_assinante, co_pessoa, ds_senha, ds_code, st_status, dt_cadastro) VALUES ("67", "110", "HDJ5CNX4", "U0VSS05VTk9XRFE9", "I", "2021-06-16 10:44:02");

INSERT INTO TB_PLANO_ASSINANTE_ASSINATURA (co_plano_assinante, co_assinante, nu_filiais, nu_valor_assinatura, tp_pagamento, dt_cadastro, dt_expiracao) VALUES ("11", "67", "0", "187.00", "5", "2021-06-16 10:44:02", "2022-06-16");

INSERT INTO TB_HISTORICO_PAG_ASSINATURA (co_plano_assinante_assinatura, dt_cadastro, ds_acao, ds_usuario, st_pagamento) VALUES ("48", "2021-06-16 10:44:02", "Inicia o pagamento", "Leo Bessa top Iniciou o pagamento", "0");

INSERT INTO sisbela.TB_CONTATO (ds_email, nu_tel1) VALUES ("sisccaug@gmail.com", "57677889887");

INSERT INTO sisbela.TB_PESSOA (no_pessoa, co_contato, dt_cadastro) VALUES ("Leo Bessa top", "73", "2021-06-16 10:44:41");

INSERT INTO sisbela.TB_EMPRESA (no_fantasia, dt_cadastro) VALUES ("Salão novo Stylo 1010", "2021-06-16 10:44:41");

INSERT INTO TB_ASSINANTE (tp_assinante, co_pessoa, co_empresa, dt_cadastro, dt_expiracao) VALUES ("M", "111", "69", "2021-06-16 10:44:41", "2022-06-16");

INSERT INTO sisbela.TB_USUARIO (co_assinante, co_pessoa, ds_senha, ds_code, st_status, dt_cadastro) VALUES ("68", "111", "MBU4RXX9", "VFVKVk5GSllXRGs9", "I", "2021-06-16 10:44:41");

INSERT INTO TB_PLANO_ASSINANTE_ASSINATURA (co_plano_assinante, co_assinante, nu_filiais, nu_valor_assinatura, tp_pagamento, dt_cadastro, dt_expiracao) VALUES ("11", "68", "0", "187.00", "5", "2021-06-16 10:44:41", "2022-06-16");

INSERT INTO TB_HISTORICO_PAG_ASSINATURA (co_plano_assinante_assinatura, dt_cadastro, ds_acao, ds_usuario, st_pagamento) VALUES ("49", "2021-06-16 10:44:41", "Inicia o pagamento", "Leo Bessa top Iniciou o pagamento", "0");

INSERT INTO TB_PLANO_ASSINANTE_ASSINATURA (st_pagamento, dt_modificado, nu_valor_desconto, nu_valor_real, ds_link_boleto, ds_code_transacao, co_plano_assinante) VALUES ("1", "2021-06-16T10:44:44.000-03:00", "7.86", "179.14", "https://sandbox.pagseguro.uol.com.br/checkout/payment/booklet/print.jhtml?c=1f98873647c5176d296eff2d2ec687b1e1d7443250b082d312f518d4abe772f289e372980cad27c2", "6E40D970-D7B1-44B1-BB7F-46212E0167F6", "11");

INSERT INTO sisbela.TB_CONTATO (ds_email, nu_tel1) VALUES ("sisccaug@gmail.com", "57677889887");

INSERT INTO sisbela.TB_PESSOA (no_pessoa, co_contato, dt_cadastro) VALUES ("Leo Bessa top", "74", "2021-06-16 10:45:43");

INSERT INTO sisbela.TB_EMPRESA (no_fantasia, dt_cadastro) VALUES ("Salão novo Stylo 1010", "2021-06-16 10:45:43");

INSERT INTO TB_ASSINANTE (tp_assinante, co_pessoa, co_empresa, dt_cadastro, dt_expiracao) VALUES ("M", "112", "70", "2021-06-16 10:45:44", "2022-06-16");

INSERT INTO sisbela.TB_USUARIO (co_assinante, co_pessoa, ds_senha, ds_code, st_status, dt_cadastro) VALUES ("69", "112", "NGS2WMN2", "VGtkVE1sZE5Uakk9", "I", "2021-06-16 10:45:44");

INSERT INTO TB_PLANO_ASSINANTE_ASSINATURA (co_plano_assinante, co_assinante, nu_filiais, nu_valor_assinatura, tp_pagamento, dt_cadastro, dt_expiracao) VALUES ("11", "69", "0", "187.00", "5", "2021-06-16 10:45:44", "2022-06-16");

INSERT INTO TB_HISTORICO_PAG_ASSINATURA (co_plano_assinante_assinatura, dt_cadastro, ds_acao, ds_usuario, st_pagamento) VALUES ("51", "2021-06-16 10:45:44", "Inicia o pagamento", "Leo Bessa top Iniciou o pagamento", "0");

INSERT INTO TB_PLANO_ASSINANTE_ASSINATURA (st_pagamento, dt_modificado, nu_valor_desconto, nu_valor_real, ds_link_boleto, ds_code_transacao, co_plano_assinante) VALUES ("1", "2021-06-16T10:45:47.000-03:00", "7.86", "179.14", "https://sandbox.pagseguro.uol.com.br/checkout/payment/booklet/print.jhtml?c=e956892fe0fda9699b320365c3e8b01a81e128485dd9cd1e5385a5c614daf6ae9d4a1156a5359a5a", "4B5EDC38-655B-4D94-A5FE-60C7A3D4912C", "11");

INSERT INTO sisbela.TB_CONTATO (ds_email, nu_tel1) VALUES ("sisccaug@gmail.com", "57677889887");

INSERT INTO sisbela.TB_PESSOA (no_pessoa, co_contato, dt_cadastro) VALUES ("Leo Bessa top", "75", "2021-06-16 10:47:25");

INSERT INTO sisbela.TB_EMPRESA (no_fantasia, dt_cadastro) VALUES ("Salão novo Stylo 1010", "2021-06-16 10:47:25");

INSERT INTO TB_ASSINANTE (tp_assinante, co_pessoa, co_empresa, dt_cadastro, dt_expiracao) VALUES ("M", "113", "71", "2021-06-16 10:47:25", "2022-06-16");

INSERT INTO sisbela.TB_USUARIO (co_assinante, co_pessoa, ds_senha, ds_code, st_status, dt_cadastro) VALUES ("70", "113", "NYT6NRR5", "VGxsVU5rNVNValU9", "I", "2021-06-16 10:47:25");

INSERT INTO TB_PLANO_ASSINANTE_ASSINATURA (co_plano_assinante, co_assinante, nu_filiais, nu_valor_assinatura, tp_pagamento, dt_cadastro, dt_expiracao) VALUES ("11", "70", "0", "187.00", "5", "2021-06-16 10:47:25", "2022-06-16");

INSERT INTO TB_HISTORICO_PAG_ASSINATURA (co_plano_assinante_assinatura, dt_cadastro, ds_acao, ds_usuario, st_pagamento) VALUES ("53", "2021-06-16 10:47:25", "Inicia o pagamento", "Leo Bessa top Iniciou o pagamento", "0");

INSERT INTO sisbela.TB_CONTATO (ds_email, nu_tel1) VALUES ("sisccaug@gmail.com", "57677889887");

INSERT INTO sisbela.TB_PESSOA (no_pessoa, co_contato, dt_cadastro) VALUES ("Leo Bessa top", "76", "2021-06-16 10:47:43");

INSERT INTO sisbela.TB_EMPRESA (no_fantasia, dt_cadastro) VALUES ("Salão novo Stylo 1010", "2021-06-16 10:47:43");

INSERT INTO TB_ASSINANTE (tp_assinante, co_pessoa, co_empresa, dt_cadastro, dt_expiracao) VALUES ("M", "114", "72", "2021-06-16 10:47:43", "2022-06-16");

INSERT INTO sisbela.TB_USUARIO (co_assinante, co_pessoa, ds_senha, ds_code, st_status, dt_cadastro) VALUES ("71", "114", "JQL2ZWJ7", "U2xGTU1scFhTamM9", "I", "2021-06-16 10:47:43");

INSERT INTO TB_PLANO_ASSINANTE_ASSINATURA (co_plano_assinante, co_assinante, nu_filiais, nu_valor_assinatura, tp_pagamento, dt_cadastro, dt_expiracao) VALUES ("11", "71", "0", "187.00", "5", "2021-06-16 10:47:43", "2022-06-16");

INSERT INTO TB_HISTORICO_PAG_ASSINATURA (co_plano_assinante_assinatura, dt_cadastro, ds_acao, ds_usuario, st_pagamento) VALUES ("54", "2021-06-16 10:47:43", "Inicia o pagamento", "Leo Bessa top Iniciou o pagamento", "0");

INSERT INTO sisbela.TB_CONTATO (ds_email, nu_tel1) VALUES ("sisccaug@gmail.com", "57677889887");

INSERT INTO sisbela.TB_PESSOA (no_pessoa, co_contato, dt_cadastro) VALUES ("Leo Bessa top", "77", "2021-06-16 10:50:19");

INSERT INTO sisbela.TB_EMPRESA (no_fantasia, dt_cadastro) VALUES ("Salão novo Stylo 1010", "2021-06-16 10:50:19");

INSERT INTO TB_ASSINANTE (tp_assinante, co_pessoa, co_empresa, dt_cadastro, dt_expiracao) VALUES ("M", "115", "73", "2021-06-16 10:50:19", "2022-06-16");

INSERT INTO sisbela.TB_USUARIO (co_assinante, co_pessoa, ds_senha, ds_code, st_status, dt_cadastro) VALUES ("72", "115", "CDR6JPO1", "UTBSU05rcFFUekU9", "I", "2021-06-16 10:50:19");

INSERT INTO TB_PLANO_ASSINANTE_ASSINATURA (co_plano_assinante, co_assinante, nu_filiais, nu_valor_assinatura, tp_pagamento, dt_cadastro, dt_expiracao) VALUES ("11", "72", "0", "187.00", "5", "2021-06-16 10:50:19", "2022-06-16");

INSERT INTO TB_HISTORICO_PAG_ASSINATURA (co_plano_assinante_assinatura, dt_cadastro, ds_acao, ds_usuario, st_pagamento) VALUES ("55", "2021-06-16 10:50:19", "Inicia o pagamento", "Leo Bessa top Iniciou o pagamento", "0");

INSERT INTO sisbela.TB_CONTATO (ds_email, nu_tel1) VALUES ("sisccaug@gmail.com", "57677889887");

INSERT INTO sisbela.TB_PESSOA (no_pessoa, co_contato, dt_cadastro) VALUES ("Leo Bessa top", "78", "2021-06-16 10:50:30");

INSERT INTO sisbela.TB_EMPRESA (no_fantasia, dt_cadastro) VALUES ("Salão novo Stylo 1010", "2021-06-16 10:50:30");

INSERT INTO TB_ASSINANTE (tp_assinante, co_pessoa, co_empresa, dt_cadastro, dt_expiracao) VALUES ("M", "116", "74", "2021-06-16 10:50:30", "2022-06-16");

INSERT INTO sisbela.TB_USUARIO (co_assinante, co_pessoa, ds_senha, ds_code, st_status, dt_cadastro) VALUES ("73", "116", "ZFC5CBF7", "V2taRE5VTkNSamM9", "I", "2021-06-16 10:50:30");

INSERT INTO TB_PLANO_ASSINANTE_ASSINATURA (co_plano_assinante, co_assinante, nu_filiais, nu_valor_assinatura, tp_pagamento, dt_cadastro, dt_expiracao) VALUES ("11", "73", "0", "187.00", "5", "2021-06-16 10:50:30", "2022-06-16");

INSERT INTO TB_HISTORICO_PAG_ASSINATURA (co_plano_assinante_assinatura, dt_cadastro, ds_acao, ds_usuario, st_pagamento) VALUES ("56", "2021-06-16 10:50:30", "Inicia o pagamento", "Leo Bessa top Iniciou o pagamento", "0");

UPDATE TB_PLANO_ASSINANTE_ASSINATURA SET st_pagamento = "1", dt_modificado = "2021-06-16T10:50:34.000-03:00", nu_valor_desconto = "7.86", nu_valor_real = "179.14", ds_link_boleto = "https://sandbox.pagseguro.uol.com.br/checkout/payment/booklet/print.jhtml?c=b9790c377b5e9f29538fb9ff529a1c9a77efff6736966ac20892ce777db47cacea4abece8c785d29", ds_code_transacao = "6217A281-8433-4CEB-A64C-63FE09F4216A", co_plano_assinante = "11" where co_plano_assinante_assinatura = 56;

INSERT INTO sisbela.TB_CONTATO (ds_email, nu_tel1) VALUES ("sisccaug@gmail.com", "57677889887");

INSERT INTO sisbela.TB_PESSOA (no_pessoa, co_contato, dt_cadastro) VALUES ("Leo Bessa top", "79", "2021-06-16 10:52:05");

INSERT INTO sisbela.TB_EMPRESA (no_fantasia, dt_cadastro) VALUES ("Salão novo Stylo 1010", "2021-06-16 10:52:05");

INSERT INTO TB_ASSINANTE (tp_assinante, co_pessoa, co_empresa, dt_cadastro, dt_expiracao) VALUES ("M", "117", "75", "2021-06-16 10:52:05", "2022-06-16");

INSERT INTO sisbela.TB_USUARIO (co_assinante, co_pessoa, ds_senha, ds_code, st_status, dt_cadastro) VALUES ("74", "117", "GQE8WKR4", "UjFGRk9GZExValE9", "I", "2021-06-16 10:52:05");

INSERT INTO TB_PLANO_ASSINANTE_ASSINATURA (co_plano_assinante, co_assinante, nu_filiais, nu_valor_assinatura, tp_pagamento, dt_cadastro, dt_expiracao) VALUES ("11", "74", "0", "187.00", "5", "2021-06-16 10:52:05", "2022-06-16");

INSERT INTO TB_HISTORICO_PAG_ASSINATURA (co_plano_assinante_assinatura, dt_cadastro, ds_acao, ds_usuario, st_pagamento) VALUES ("57", "2021-06-16 10:52:05", "Inicia o pagamento", "Leo Bessa top Iniciou o pagamento", "0");

INSERT INTO TB_PLANO_ASSINANTE_ASSINATURA (st_pagamento, dt_modificado, nu_valor_desconto, nu_valor_real, ds_link_boleto, ds_code_transacao, co_plano_assinante) VALUES ("", "", "", "", "", "", "11");

INSERT INTO TB_HISTORICO_PAG_ASSINATURA (co_plano_assinante_assinatura, dt_cadastro, ds_acao, ds_usuario, st_pagamento) VALUES ("0", "", "Mudou o Status do pagamento para ", "Retorno da operadora do pagamento", "");

INSERT INTO sisbela.TB_USUARIO_PERFIL (co_perfil, co_usuario) VALUES ("2", "78");

INSERT INTO sisbela.TB_CONTATO (ds_email, nu_tel1) VALUES ("barbecue@gmail.com", "32445435356");

INSERT INTO sisbela.TB_PESSOA (no_pessoa, co_contato, dt_cadastro) VALUES ("Barbecue", "80", "2021-06-16 10:55:43");

INSERT INTO sisbela.TB_EMPRESA (no_fantasia, dt_cadastro) VALUES ("Barbearia top 10", "2021-06-16 10:55:43");

INSERT INTO TB_ASSINANTE (tp_assinante, co_pessoa, co_empresa, dt_cadastro, dt_expiracao) VALUES ("M", "118", "76", "2021-06-16 10:55:43", "2021-07-16");

INSERT INTO sisbela.TB_USUARIO (co_assinante, co_pessoa, ds_senha, ds_code, st_status, dt_cadastro) VALUES ("75", "118", "PDS5ZUD6", "VUVSVE5WcFZSRFk9", "I", "2021-06-16 10:55:43");

INSERT INTO TB_PLANO_ASSINANTE_ASSINATURA (co_plano_assinante, co_assinante, nu_filiais, nu_valor_assinatura, tp_pagamento, dt_cadastro, dt_expiracao) VALUES ("13", "75", "0", "17.00", "5", "2021-06-16 10:55:43", "2021-07-16");

INSERT INTO TB_HISTORICO_PAG_ASSINATURA (co_plano_assinante_assinatura, dt_cadastro, ds_acao, ds_usuario, st_pagamento) VALUES ("59", "2021-06-16 10:55:43", "Inicia o pagamento", "Barbecue Iniciou o pagamento", "0");

INSERT INTO sisbela.TB_USUARIO_PERFIL (co_perfil, co_usuario) VALUES ("2", "79");

INSERT INTO sisbela.TB_CONTATO (ds_email, nu_tel1) VALUES ("barbecue@gmail.com", "65476776777");

INSERT INTO sisbela.TB_PESSOA (no_pessoa, co_contato, dt_cadastro) VALUES ("Barbecue", "81", "2021-06-16 11:02:06");

INSERT INTO sisbela.TB_EMPRESA (no_fantasia, dt_cadastro) VALUES ("Salão novo Stylo 1010", "2021-06-16 11:02:06");

INSERT INTO TB_ASSINANTE (tp_assinante, co_pessoa, co_empresa, dt_cadastro, dt_expiracao) VALUES ("M", "119", "77", "2021-06-16 11:02:06", "2022-06-16");

INSERT INTO sisbela.TB_USUARIO (co_assinante, co_pessoa, ds_senha, ds_code, st_status, dt_cadastro) VALUES ("1", "119", "CIT1MSE5", "UTBsVU1VMVRSVFU9", "I", "2021-06-16 11:02:06");

INSERT INTO TB_PLANO_ASSINANTE_ASSINATURA (co_plano_assinante, co_assinante, nu_filiais, nu_valor_assinatura, tp_pagamento, dt_cadastro, dt_expiracao) VALUES ("11", "1", "0", "187.00", "5", "2021-06-16 11:02:06", "2022-06-16");

INSERT INTO TB_HISTORICO_PAG_ASSINATURA (co_plano_assinante_assinatura, dt_cadastro, ds_acao, ds_usuario, st_pagamento) VALUES ("1", "2021-06-16 11:02:06", "Inicia o pagamento", "Barbecue Iniciou o pagamento", "0");

INSERT INTO sisbela.TB_USUARIO_PERFIL (co_perfil, co_usuario) VALUES ("2", "80");

INSERT INTO sisbela.TB_CONTATO (ds_email, nu_tel1) VALUES ("barbecue@gmail.com", "43243242445");

INSERT INTO sisbela.TB_PESSOA (no_pessoa, co_contato, dt_cadastro) VALUES ("Leo BEssa", "82", "2021-06-16 11:03:36");

INSERT INTO sisbela.TB_EMPRESA (no_fantasia, dt_cadastro) VALUES ("Salão novo Stylo 1010", "2021-06-16 11:03:36");

INSERT INTO TB_ASSINANTE (tp_assinante, co_pessoa, co_empresa, dt_cadastro, dt_expiracao) VALUES ("M", "120", "78", "2021-06-16 11:03:36", "2021-07-16");

INSERT INTO sisbela.TB_USUARIO (co_assinante, co_pessoa, ds_senha, ds_code, st_status, dt_cadastro) VALUES ("2", "120", "IIZ3KKT1", "U1VsYU0wdExWREU9", "I", "2021-06-16 11:03:36");

INSERT INTO TB_PLANO_ASSINANTE_ASSINATURA (co_plano_assinante, co_assinante, nu_filiais, nu_valor_assinatura, tp_pagamento, dt_cadastro, dt_expiracao) VALUES ("13", "2", "0", "17.00", "5", "2021-06-16 11:03:36", "2021-07-16");

INSERT INTO TB_HISTORICO_PAG_ASSINATURA (co_plano_assinante_assinatura, dt_cadastro, ds_acao, ds_usuario, st_pagamento) VALUES ("2", "2021-06-16 11:03:36", "Inicia o pagamento", "Leo BEssa Iniciou o pagamento", "0");

INSERT INTO sisbela.TB_CONTATO (ds_email, nu_tel1) VALUES ("barbecue@gmail.com", "43243242445");

INSERT INTO sisbela.TB_PESSOA (no_pessoa, co_contato, dt_cadastro) VALUES ("Leo BEssa", "83", "2021-06-16 11:04:25");

INSERT INTO sisbela.TB_EMPRESA (no_fantasia, dt_cadastro) VALUES ("Salão novo Stylo 1010", "2021-06-16 11:04:25");

INSERT INTO TB_ASSINANTE (tp_assinante, co_pessoa, co_empresa, dt_cadastro, dt_expiracao) VALUES ("M", "121", "79", "2021-06-16 11:04:25", "2021-07-16");

INSERT INTO sisbela.TB_USUARIO (co_assinante, co_pessoa, ds_senha, ds_code, st_status, dt_cadastro) VALUES ("3", "121", "MEW2GQJ0", "VFVWWE1rZFJTakE9", "I", "2021-06-16 11:04:25");

INSERT INTO TB_PLANO_ASSINANTE_ASSINATURA (co_plano_assinante, co_assinante, nu_filiais, nu_valor_assinatura, tp_pagamento, dt_cadastro, dt_expiracao) VALUES ("13", "3", "0", "17.00", "5", "2021-06-16 11:04:25", "2021-07-16");

INSERT INTO TB_HISTORICO_PAG_ASSINATURA (co_plano_assinante_assinatura, dt_cadastro, ds_acao, ds_usuario, st_pagamento) VALUES ("3", "2021-06-16 11:04:25", "Inicia o pagamento", "Leo BEssa Iniciou o pagamento", "0");

UPDATE TB_PLANO_ASSINANTE_ASSINATURA SET st_pagamento = "1", dt_modificado = "2021-06-16T11:04:28.000-03:00", nu_valor_desconto = "1.08", nu_valor_real = "15.92", ds_link_boleto = "https://sandbox.pagseguro.uol.com.br/checkout/payment/booklet/print.jhtml?c=805e382be82b0925d65f7871d8877d17453abe57846dd44ad7dda4676da9cee199fc4100b1833e81", ds_code_transacao = "5577B094-8130-4D54-84A6-8CBA5D7A2EC2", co_plano_assinante = "13" where co_plano_assinante_assinatura = 3;

INSERT INTO sisbela.TB_CONTATO (ds_email, nu_tel1) VALUES ("barbecue@gmail.com", "43243242445");

INSERT INTO sisbela.TB_PESSOA (no_pessoa, co_contato, dt_cadastro) VALUES ("Leo BEssa", "84", "2021-06-16 11:10:36");

INSERT INTO sisbela.TB_EMPRESA (no_fantasia, dt_cadastro) VALUES ("Salão novo Stylo 1010", "2021-06-16 11:10:36");

INSERT INTO TB_ASSINANTE (tp_assinante, co_pessoa, co_empresa, dt_cadastro, dt_expiracao) VALUES ("M", "122", "80", "2021-06-16 11:10:36", "2021-07-16");

INSERT INTO sisbela.TB_USUARIO (co_assinante, co_pessoa, ds_senha, ds_code, st_status, dt_cadastro) VALUES ("4", "122", "JQO5KZL1", "U2xGUE5VdGFUREU9", "I", "2021-06-16 11:10:36");

INSERT INTO TB_PLANO_ASSINANTE_ASSINATURA (co_plano_assinante, co_assinante, nu_filiais, nu_valor_assinatura, tp_pagamento, dt_cadastro, dt_expiracao) VALUES ("13", "4", "0", "17.00", "5", "2021-06-16 11:10:36", "2021-07-16");

INSERT INTO TB_HISTORICO_PAG_ASSINATURA (co_plano_assinante_assinatura, dt_cadastro, ds_acao, ds_usuario, st_pagamento) VALUES ("4", "2021-06-16 11:10:36", "Inicia o pagamento", "Leo BEssa Iniciou o pagamento", "0");

UPDATE TB_PLANO_ASSINANTE_ASSINATURA SET st_pagamento = "1", dt_modificado = "2021-06-16T11:10:40.000-03:00", nu_valor_desconto = "1.08", nu_valor_real = "15.92", ds_link_boleto = "https://sandbox.pagseguro.uol.com.br/checkout/payment/booklet/print.jhtml?c=f0d34bcb3cf53d59bbbcb14c7ef8f597e1beca06ded171ddf840922a83527ffd505609ca987b3222", ds_code_transacao = "034862E9-6BA3-47A2-B068-871BC00B80E7", co_plano_assinante = "13" where co_plano_assinante_assinatura = 4;

INSERT INTO TB_HISTORICO_PAG_ASSINATURA (co_plano_assinante_assinatura, dt_cadastro, ds_acao, ds_usuario, st_pagamento) VALUES ("4", "2021-06-16T11:10:40.000-03:00", "Mudou o Status do pagamento para Aguardando pagamento", "Retorno da operadora do pagamento", "1");

INSERT INTO sisbela.TB_USUARIO_PERFIL (co_perfil, co_usuario) VALUES ("2", "83");

INSERT INTO TB_PLANO_ASSINANTE_ASSINATURA (st_status) VALUES ("I");

UPDATE TB_ASSINANTE SET dt_expiracao = "2021-07-16" where co_assinante = 4;

INSERT INTO TB_HISTORICO_PAG_ASSINATURA (co_plano_assinante_assinatura, dt_cadastro, ds_acao, ds_usuario, st_pagamento) VALUES ("4", "2021-06-16T11:18:36.000-03:00", "Mudou o Status do pagamento para Pago ", "Retorno da operadora do pagamento", "3");

UPDATE TB_PLANO_ASSINANTE_ASSINATURA SET st_pagamento = "3", dt_modificado = "2021-06-16T11:18:36.000-03:00", dt_confirma_pagamento = "2021-06-16T11:18:36.000-03:00", st_status = "A" where co_plano_assinante_assinatura = 4;

INSERT INTO sisbela.TB_CONTATO (ds_email, nu_tel1) VALUES ("leonardomcbessa@gmail.com", "61993274991");

INSERT INTO sisbela.TB_PESSOA (no_pessoa, co_contato, dt_cadastro) VALUES ("Sou eu mesmo", "85", "2021-06-16 11:44:15");

INSERT INTO sisbela.TB_EMPRESA (no_fantasia, dt_cadastro) VALUES ("Nova Esmaltaria top", "2021-06-16 11:44:15");

INSERT INTO TB_ASSINANTE (tp_assinante, co_pessoa, co_empresa, dt_cadastro, dt_expiracao) VALUES ("M", "123", "81", "2021-06-16 11:44:15", "2021-12-16");

INSERT INTO sisbela.TB_USUARIO (co_assinante, co_pessoa, ds_senha, ds_code, st_status, dt_cadastro) VALUES ("5", "123", "MAK7GEW6", "VFVGTE4wZEZWelk9", "I", "2021-06-16 11:44:15");

INSERT INTO TB_PLANO_ASSINANTE_ASSINATURA (co_plano_assinante, co_assinante, nu_filiais, nu_valor_assinatura, tp_pagamento, dt_cadastro, dt_expiracao) VALUES ("12", "5", "0", "97.00", "5", "2021-06-16 11:44:15", "2021-12-16");

INSERT INTO TB_HISTORICO_PAG_ASSINATURA (co_plano_assinante_assinatura, dt_cadastro, ds_acao, ds_usuario, st_pagamento) VALUES ("6", "2021-06-16 11:44:15", "Inicia o pagamento", "Sou eu mesmo Iniciou o pagamento", "0");

UPDATE TB_PLANO_ASSINANTE_ASSINATURA SET st_pagamento = "1", dt_modificado = "2021-06-16T11:44:18.000-03:00", nu_valor_desconto = "4.27", nu_valor_real = "92.73", ds_link_boleto = "https://sandbox.pagseguro.uol.com.br/checkout/payment/booklet/print.jhtml?c=ab216616f2eb656b0cef63409320c9fc881fa56bba3c761f03268a5f55f7f8f1a4954e1f817c50ac", ds_code_transacao = "A06E67F6-DA5A-4C87-9F46-E91E0759CAD3", co_plano_assinante = "12" where co_plano_assinante_assinatura = 6;

INSERT INTO TB_HISTORICO_PAG_ASSINATURA (co_plano_assinante_assinatura, dt_cadastro, ds_acao, ds_usuario, st_pagamento) VALUES ("6", "2021-06-16T11:44:18.000-03:00", "Mudou o Status do pagamento para Aguardando pagamento", "Retorno da operadora do pagamento", "1");

INSERT INTO sisbela.TB_USUARIO_PERFIL (co_perfil, co_usuario) VALUES ("2", "84");

UPDATE TB_PLANO_ASSINANTE_ASSINATURA SET st_pagamento = "1", dt_modificado = "2021-06-16T11:44:18.000-03:00" where co_plano_assinante_assinatura = 6;

INSERT INTO TB_PLANO_ASSINANTE_ASSINATURA (st_status) VALUES ("I");

UPDATE TB_ASSINANTE SET dt_expiracao = "2021-12-16" where co_assinante = 5;

INSERT INTO TB_HISTORICO_PAG_ASSINATURA (co_plano_assinante_assinatura, dt_cadastro, ds_acao, ds_usuario, st_pagamento) VALUES ("6", "2021-06-16T11:46:25.000-03:00", "Mudou o Status do pagamento para Pago ", "Retorno da operadora do pagamento", "3");

UPDATE TB_PLANO_ASSINANTE_ASSINATURA SET st_pagamento = "3", dt_modificado = "2021-06-16T11:46:25.000-03:00", dt_confirma_pagamento = "2021-06-16T11:46:25.000-03:00", st_status = "A" where co_plano_assinante_assinatura = 6;

INSERT INTO sisbela.TB_CONTATO (ds_email, nu_tel1) VALUES ("sisbela@gmail.com", "2342424343");

INSERT INTO sisbela.TB_PESSOA (no_pessoa, co_contato, dt_cadastro) VALUES ("Leo Bessa top", "86", "2021-06-16 15:28:53");

INSERT INTO sisbela.TB_EMPRESA (no_fantasia, dt_cadastro) VALUES ("Salão novo Stylo 1010", "2021-06-16 15:28:53");

INSERT INTO TB_ASSINANTE (tp_assinante, co_pessoa, co_empresa, dt_cadastro, dt_expiracao) VALUES ("M", "124", "82", "2021-06-16 15:28:53", "2021-07-16");

INSERT INTO sisbela.TB_USUARIO (co_assinante, co_pessoa, ds_senha, ds_code, st_status, dt_cadastro) VALUES ("6", "124", "ZTT5IWZ0", "V2xSVU5VbFhXakE9", "I", "2021-06-16 15:28:53");

INSERT INTO TB_PLANO_ASSINANTE_ASSINATURA (co_plano_assinante, co_assinante, nu_filiais, nu_valor_assinatura, tp_pagamento, dt_cadastro, dt_expiracao) VALUES ("13", "6", "0", "17.00", "3", "2021-06-16 15:28:54", "2021-07-16");

INSERT INTO TB_HISTORICO_PAG_ASSINATURA (co_plano_assinante_assinatura, dt_cadastro, ds_acao, ds_usuario, st_pagamento) VALUES ("8", "2021-06-16 15:28:54", "Inicia o pagamento", "Leo Bessa top Iniciou o pagamento", "0");

INSERT INTO sisbela.TB_CONTATO (ds_email, nu_tel1) VALUES ("sisbela@gmail.com", "2342424343");

INSERT INTO sisbela.TB_PESSOA (no_pessoa, co_contato, dt_cadastro) VALUES ("Leo Bessa top", "87", "2021-06-16 15:29:07");

INSERT INTO sisbela.TB_EMPRESA (no_fantasia, dt_cadastro) VALUES ("Salão novo Stylo 1010", "2021-06-16 15:29:07");

INSERT INTO TB_ASSINANTE (tp_assinante, co_pessoa, co_empresa, dt_cadastro, dt_expiracao) VALUES ("M", "125", "83", "2021-06-16 15:29:07", "2021-07-16");

INSERT INTO sisbela.TB_USUARIO (co_assinante, co_pessoa, ds_senha, ds_code, st_status, dt_cadastro) VALUES ("7", "125", "FNW8KKW0", "Ums1WE9FdExWekE9", "I", "2021-06-16 15:29:07");

INSERT INTO TB_PLANO_ASSINANTE_ASSINATURA (co_plano_assinante, co_assinante, nu_filiais, nu_valor_assinatura, tp_pagamento, dt_cadastro, dt_expiracao) VALUES ("13", "7", "0", "17.00", "3", "2021-06-16 15:29:07", "2021-07-16");

INSERT INTO TB_HISTORICO_PAG_ASSINATURA (co_plano_assinante_assinatura, dt_cadastro, ds_acao, ds_usuario, st_pagamento) VALUES ("9", "2021-06-16 15:29:07", "Inicia o pagamento", "Leo Bessa top Iniciou o pagamento", "0");

INSERT INTO sisbela.TB_CONTATO (ds_email, nu_tel1) VALUES ("sisbela@gmail.com", "2342424343");

INSERT INTO sisbela.TB_PESSOA (no_pessoa, co_contato, dt_cadastro) VALUES ("Leo Bessa top", "88", "2021-06-16 15:32:25");

INSERT INTO sisbela.TB_EMPRESA (no_fantasia, dt_cadastro) VALUES ("Salão novo Stylo 1010", "2021-06-16 15:32:25");

INSERT INTO TB_ASSINANTE (tp_assinante, co_pessoa, co_empresa, dt_cadastro, dt_expiracao) VALUES ("M", "126", "84", "2021-06-16 15:32:25", "2021-07-16");

INSERT INTO sisbela.TB_USUARIO (co_assinante, co_pessoa, ds_senha, ds_code, st_status, dt_cadastro) VALUES ("8", "126", "QIL6LCF2", "VVVsTU5reERSakk9", "I", "2021-06-16 15:32:25");

INSERT INTO TB_PLANO_ASSINANTE_ASSINATURA (co_plano_assinante, co_assinante, nu_filiais, nu_valor_assinatura, tp_pagamento, dt_cadastro, dt_expiracao) VALUES ("13", "8", "0", "17.00", "3", "2021-06-16 15:32:25", "2021-07-16");

INSERT INTO TB_HISTORICO_PAG_ASSINATURA (co_plano_assinante_assinatura, dt_cadastro, ds_acao, ds_usuario, st_pagamento) VALUES ("10", "2021-06-16 15:32:25", "Inicia o pagamento", "Leo Bessa top Iniciou o pagamento", "0");

INSERT INTO sisbela.TB_CONTATO (ds_email, nu_tel1) VALUES ("barbecue@gmail.com", "23424234324");

INSERT INTO sisbela.TB_PESSOA (no_pessoa, co_contato, dt_cadastro) VALUES ("Leo Bessa", "89", "2021-06-16 15:37:29");

INSERT INTO sisbela.TB_EMPRESA (no_fantasia, dt_cadastro) VALUES ("Salão novo Stylo", "2021-06-16 15:37:29");

INSERT INTO TB_ASSINANTE (tp_assinante, co_pessoa, co_empresa, dt_cadastro, dt_expiracao) VALUES ("M", "127", "85", "2021-06-16 15:37:29", "2021-12-16");

INSERT INTO sisbela.TB_USUARIO (co_assinante, co_pessoa, ds_senha, ds_code, st_status, dt_cadastro) VALUES ("9", "127", "SAP0KFB6", "VTBGUU1FdEdRalk9", "I", "2021-06-16 15:37:29");

INSERT INTO TB_PLANO_ASSINANTE_ASSINATURA (co_plano_assinante, co_assinante, nu_filiais, nu_valor_assinatura, tp_pagamento, dt_cadastro, dt_expiracao) VALUES ("12", "9", "0", "97.00", "3", "2021-06-16 15:37:29", "2021-12-16");

INSERT INTO TB_HISTORICO_PAG_ASSINATURA (co_plano_assinante_assinatura, dt_cadastro, ds_acao, ds_usuario, st_pagamento) VALUES ("11", "2021-06-16 15:37:29", "Inicia o pagamento", "Leo Bessa Iniciou o pagamento", "0");

INSERT INTO sisbela.TB_CONTATO (ds_email, nu_tel1) VALUES ("leonardomcbessa@gmail.com", "21321444444");

INSERT INTO sisbela.TB_PESSOA (no_pessoa, co_contato, dt_cadastro) VALUES ("Leo Bessa", "90", "2021-06-16 15:43:50");

INSERT INTO sisbela.TB_EMPRESA (no_fantasia, dt_cadastro) VALUES ("Salão novo Stylo", "2021-06-16 15:43:50");

INSERT INTO TB_ASSINANTE (tp_assinante, co_pessoa, co_empresa, dt_cadastro, dt_expiracao) VALUES ("M", "128", "86", "2021-06-16 15:43:50", "2022-06-16");

INSERT INTO sisbela.TB_USUARIO (co_assinante, co_pessoa, ds_senha, ds_code, st_status, dt_cadastro) VALUES ("10", "128", "BFX1CGE9", "UWtaWU1VTkhSVGs9", "I", "2021-06-16 15:43:50");

INSERT INTO TB_PLANO_ASSINANTE_ASSINATURA (co_plano_assinante, co_assinante, nu_filiais, nu_valor_assinatura, tp_pagamento, dt_cadastro, dt_expiracao) VALUES ("11", "10", "0", "187.00", "3", "2021-06-16 15:43:50", "2022-06-16");

INSERT INTO TB_HISTORICO_PAG_ASSINATURA (co_plano_assinante_assinatura, dt_cadastro, ds_acao, ds_usuario, st_pagamento) VALUES ("12", "2021-06-16 15:43:50", "Inicia o pagamento", "Leo Bessa Iniciou o pagamento", "0");

INSERT INTO sisbela.TB_CONTATO (ds_email, nu_tel1) VALUES ("leonardomcbessa@gmail.com", "21321444444");

INSERT INTO sisbela.TB_PESSOA (no_pessoa, co_contato, dt_cadastro) VALUES ("Leo Bessa", "91", "2021-06-16 15:45:09");

INSERT INTO sisbela.TB_EMPRESA (no_fantasia, dt_cadastro) VALUES ("Salão novo Stylo", "2021-06-16 15:45:09");

INSERT INTO TB_ASSINANTE (tp_assinante, co_pessoa, co_empresa, dt_cadastro, dt_expiracao) VALUES ("M", "129", "87", "2021-06-16 15:45:09", "2022-06-16");

INSERT INTO sisbela.TB_USUARIO (co_assinante, co_pessoa, ds_senha, ds_code, st_status, dt_cadastro) VALUES ("11", "129", "HOW8LHF1", "U0U5WE9FeElSakU9", "I", "2021-06-16 15:45:10");

INSERT INTO TB_PLANO_ASSINANTE_ASSINATURA (co_plano_assinante, co_assinante, nu_filiais, nu_valor_assinatura, tp_pagamento, dt_cadastro, dt_expiracao) VALUES ("11", "11", "0", "187.00", "3", "2021-06-16 15:45:10", "2022-06-16");

INSERT INTO TB_HISTORICO_PAG_ASSINATURA (co_plano_assinante_assinatura, dt_cadastro, ds_acao, ds_usuario, st_pagamento) VALUES ("13", "2021-06-16 15:45:10", "Inicia o pagamento", "Leo Bessa Iniciou o pagamento", "0");

INSERT INTO sisbela.TB_CONTATO (ds_email, nu_tel1) VALUES ("barbecue@gmail.com", "13232133333");

INSERT INTO sisbela.TB_PESSOA (no_pessoa, co_contato, dt_cadastro) VALUES ("Leo Bessa", "92", "2021-06-16 15:47:29");

INSERT INTO sisbela.TB_EMPRESA (no_fantasia, dt_cadastro) VALUES ("Salão novo Stylo 1010", "2021-06-16 15:47:29");

INSERT INTO TB_ASSINANTE (tp_assinante, co_pessoa, co_empresa, dt_cadastro, dt_expiracao) VALUES ("M", "130", "88", "2021-06-16 15:47:29", "2022-06-16");

INSERT INTO sisbela.TB_USUARIO (co_assinante, co_pessoa, ds_senha, ds_code, st_status, dt_cadastro) VALUES ("12", "130", "VSI9NHV3", "VmxOSk9VNUlWak09", "I", "2021-06-16 15:47:29");

INSERT INTO TB_PLANO_ASSINANTE_ASSINATURA (co_plano_assinante, co_assinante, nu_filiais, nu_valor_assinatura, tp_pagamento, dt_cadastro, dt_expiracao) VALUES ("11", "12", "0", "187.00", "3", "2021-06-16 15:47:29", "2022-06-16");

INSERT INTO TB_HISTORICO_PAG_ASSINATURA (co_plano_assinante_assinatura, dt_cadastro, ds_acao, ds_usuario, st_pagamento) VALUES ("14", "2021-06-16 15:47:29", "Inicia o pagamento", "Leo Bessa Iniciou o pagamento", "0");

INSERT INTO sisbela.TB_CONTATO (ds_email, nu_tel1) VALUES ("sisccaug@gmail.com", "32132132233");

INSERT INTO sisbela.TB_PESSOA (no_pessoa, co_contato, dt_cadastro) VALUES ("Leo Bessa", "93", "2021-06-16 15:51:58");

INSERT INTO sisbela.TB_EMPRESA (no_fantasia, dt_cadastro) VALUES ("Salão novo Stylo 1010", "2021-06-16 15:51:58");

INSERT INTO TB_ASSINANTE (tp_assinante, co_pessoa, co_empresa, dt_cadastro, dt_expiracao) VALUES ("M", "131", "89", "2021-06-16 15:51:58", "2021-12-16");

INSERT INTO sisbela.TB_USUARIO (co_assinante, co_pessoa, ds_senha, ds_code, st_status, dt_cadastro) VALUES ("13", "131", "RMZ9FNI6", "VWsxYU9VWk9TVFk9", "I", "2021-06-16 15:51:58");

INSERT INTO TB_PLANO_ASSINANTE_ASSINATURA (co_plano_assinante, co_assinante, nu_filiais, nu_valor_assinatura, tp_pagamento, dt_cadastro, dt_expiracao) VALUES ("12", "13", "0", "97.00", "3", "2021-06-16 15:51:58", "2021-12-16");

INSERT INTO TB_HISTORICO_PAG_ASSINATURA (co_plano_assinante_assinatura, dt_cadastro, ds_acao, ds_usuario, st_pagamento) VALUES ("15", "2021-06-16 15:51:58", "Inicia o pagamento", "Leo Bessa Iniciou o pagamento", "0");

INSERT INTO sisbela.TB_CONTATO (ds_email, nu_tel1) VALUES ("barbecue@gmail.com", "21432132133");

INSERT INTO sisbela.TB_PESSOA (no_pessoa, co_contato, dt_cadastro) VALUES ("Leo Bessa", "94", "2021-06-16 15:56:10");

INSERT INTO sisbela.TB_EMPRESA (no_fantasia, dt_cadastro) VALUES ("Salão novo Stylo 1010", "2021-06-16 15:56:10");

INSERT INTO TB_ASSINANTE (tp_assinante, co_pessoa, co_empresa, dt_cadastro, dt_expiracao) VALUES ("M", "132", "90", "2021-06-16 15:56:10", "2021-07-16");

INSERT INTO sisbela.TB_USUARIO (co_assinante, co_pessoa, ds_senha, ds_code, st_status, dt_cadastro) VALUES ("14", "132", "JRW9PYV1", "U2xKWE9WQlpWakU9", "I", "2021-06-16 15:56:10");

INSERT INTO TB_PLANO_ASSINANTE_ASSINATURA (co_plano_assinante, co_assinante, nu_filiais, nu_valor_assinatura, tp_pagamento, dt_cadastro, dt_expiracao) VALUES ("13", "14", "0", "17.00", "3", "2021-06-16 15:56:10", "2021-07-16");

INSERT INTO TB_HISTORICO_PAG_ASSINATURA (co_plano_assinante_assinatura, dt_cadastro, ds_acao, ds_usuario, st_pagamento) VALUES ("16", "2021-06-16 15:56:10", "Inicia o pagamento", "Leo Bessa Iniciou o pagamento", "0");

INSERT INTO sisbela.TB_CONTATO (ds_email, nu_tel1) VALUES ("barbecue@gmail.com", "1314141444");

INSERT INTO sisbela.TB_PESSOA (no_pessoa, co_contato, dt_cadastro) VALUES ("Leo Bessa top", "95", "2021-06-16 16:03:16");

INSERT INTO sisbela.TB_EMPRESA (no_fantasia, dt_cadastro) VALUES ("Barbearia top 10", "2021-06-16 16:03:16");

INSERT INTO TB_ASSINANTE (tp_assinante, co_pessoa, co_empresa, dt_cadastro, dt_expiracao) VALUES ("M", "133", "91", "2021-06-16 16:03:16", "2022-06-16");

INSERT INTO sisbela.TB_USUARIO (co_assinante, co_pessoa, ds_senha, ds_code, st_status, dt_cadastro) VALUES ("15", "133", "HNG6OUK9", "U0U1SE5rOVZTems9", "I", "2021-06-16 16:03:16");

INSERT INTO TB_PLANO_ASSINANTE_ASSINATURA (co_plano_assinante, co_assinante, nu_filiais, nu_valor_assinatura, tp_pagamento, dt_cadastro, dt_expiracao) VALUES ("11", "15", "0", "187.00", "3", "2021-06-16 16:03:16", "2022-06-16");

INSERT INTO TB_HISTORICO_PAG_ASSINATURA (co_plano_assinante_assinatura, dt_cadastro, ds_acao, ds_usuario, st_pagamento) VALUES ("17", "2021-06-16 16:03:16", "Inicia o pagamento", "Leo Bessa top Iniciou o pagamento", "0");

INSERT INTO sisbela.TB_CONTATO (ds_email, nu_tel1) VALUES ("barbecue@gmail.com", "1314141444");

INSERT INTO sisbela.TB_PESSOA (no_pessoa, co_contato, dt_cadastro) VALUES ("Leo Bessa top", "96", "2021-06-16 16:03:46");

INSERT INTO sisbela.TB_EMPRESA (no_fantasia, dt_cadastro) VALUES ("Barbearia top 10", "2021-06-16 16:03:46");

INSERT INTO TB_ASSINANTE (tp_assinante, co_pessoa, co_empresa, dt_cadastro, dt_expiracao) VALUES ("M", "134", "92", "2021-06-16 16:03:46", "2022-06-16");

INSERT INTO sisbela.TB_USUARIO (co_assinante, co_pessoa, ds_senha, ds_code, st_status, dt_cadastro) VALUES ("16", "134", "TIA6ZOR0", "VkVsQk5scFBVakE9", "I", "2021-06-16 16:03:46");

INSERT INTO TB_PLANO_ASSINANTE_ASSINATURA (co_plano_assinante, co_assinante, nu_filiais, nu_valor_assinatura, tp_pagamento, dt_cadastro, dt_expiracao) VALUES ("11", "16", "0", "187.00", "3", "2021-06-16 16:03:46", "2022-06-16");

INSERT INTO TB_HISTORICO_PAG_ASSINATURA (co_plano_assinante_assinatura, dt_cadastro, ds_acao, ds_usuario, st_pagamento) VALUES ("18", "2021-06-16 16:03:46", "Inicia o pagamento", "Leo Bessa top Iniciou o pagamento", "0");

INSERT INTO sisbela.TB_CONTATO (ds_email, nu_tel1) VALUES ("sisccaug@gmail.com", "9809809000");

INSERT INTO sisbela.TB_PESSOA (no_pessoa, co_contato, dt_cadastro) VALUES ("Leo Bessa", "97", "2021-06-16 16:09:47");

INSERT INTO sisbela.TB_EMPRESA (no_fantasia, dt_cadastro) VALUES ("Salão novo Stylo", "2021-06-16 16:09:47");

INSERT INTO TB_ASSINANTE (tp_assinante, co_pessoa, co_empresa, dt_cadastro, dt_expiracao) VALUES ("M", "135", "93", "2021-06-16 16:09:47", "2021-07-16");

INSERT INTO sisbela.TB_USUARIO (co_assinante, co_pessoa, ds_senha, ds_code, st_status, dt_cadastro) VALUES ("17", "135", "HYR0RQH0", "U0ZsU01GSlJTREE9", "I", "2021-06-16 16:09:47");

INSERT INTO sisbela.TB_CONTATO (ds_email, nu_tel1) VALUES ("sisccaug@gmail.com", "9809809000");

INSERT INTO sisbela.TB_PESSOA (no_pessoa, co_contato, dt_cadastro) VALUES ("Leo Bessa", "98", "2021-06-16 16:10:04");

INSERT INTO sisbela.TB_EMPRESA (no_fantasia, dt_cadastro) VALUES ("Salão novo Stylo", "2021-06-16 16:10:04");

INSERT INTO TB_ASSINANTE (tp_assinante, co_pessoa, co_empresa, dt_cadastro, dt_expiracao) VALUES ("M", "136", "94", "2021-06-16 16:10:04", "2021-07-16");

INSERT INTO sisbela.TB_USUARIO (co_assinante, co_pessoa, ds_senha, ds_code, st_status, dt_cadastro) VALUES ("18", "136", "YZV2DCS6", "V1ZwV01rUkRVelk9", "I", "2021-06-16 16:10:04");

INSERT INTO TB_PLANO_ASSINANTE_ASSINATURA (co_plano_assinante, co_assinante, nu_filiais, nu_valor_assinatura, tp_pagamento, dt_cadastro, dt_expiracao) VALUES ("13", "18", "0", "17.00", "3", "2021-06-16 16:10:04", "2021-07-16");

INSERT INTO TB_HISTORICO_PAG_ASSINATURA (co_plano_assinante_assinatura, dt_cadastro, ds_acao, ds_usuario, st_pagamento) VALUES ("19", "2021-06-16 16:10:04", "Inicia o pagamento", "Leo Bessa Iniciou o pagamento", "0");

INSERT INTO sisbela.TB_CONTATO (ds_email, nu_tel1) VALUES ("barbecue@gmail.com", "3333333333");

INSERT INTO sisbela.TB_PESSOA (no_pessoa, co_contato, dt_cadastro) VALUES ("Leo Bessa", "99", "2021-06-16 16:13:20");

INSERT INTO sisbela.TB_EMPRESA (no_fantasia, dt_cadastro) VALUES ("Salão novo Stylo 1010", "2021-06-16 16:13:20");

INSERT INTO TB_ASSINANTE (tp_assinante, co_pessoa, co_empresa, dt_cadastro, dt_expiracao) VALUES ("M", "137", "95", "2021-06-16 16:13:20", "2021-12-16");

INSERT INTO sisbela.TB_USUARIO (co_assinante, co_pessoa, ds_senha, ds_code, st_status, dt_cadastro) VALUES ("19", "137", "FAB8CEG8", "UmtGQ09FTkZSemc9", "I", "2021-06-16 16:13:20");

INSERT INTO TB_PLANO_ASSINANTE_ASSINATURA (co_plano_assinante, co_assinante, nu_filiais, nu_valor_assinatura, tp_pagamento, dt_cadastro, dt_expiracao) VALUES ("12", "19", "0", "97.00", "3", "2021-06-16 16:13:20", "2021-12-16");

INSERT INTO TB_HISTORICO_PAG_ASSINATURA (co_plano_assinante_assinatura, dt_cadastro, ds_acao, ds_usuario, st_pagamento) VALUES ("20", "2021-06-16 16:13:20", "Inicia o pagamento", "Leo Bessa Iniciou o pagamento", "0");

INSERT INTO sisbela.TB_CONTATO (ds_email, nu_tel1) VALUES ("barbecue@gmail.com", "3333333333");

INSERT INTO sisbela.TB_PESSOA (no_pessoa, co_contato, dt_cadastro) VALUES ("Leo Bessa", "100", "2021-06-16 16:13:37");

INSERT INTO sisbela.TB_EMPRESA (no_fantasia, dt_cadastro) VALUES ("Salão novo Stylo 1010", "2021-06-16 16:13:37");

INSERT INTO TB_ASSINANTE (tp_assinante, co_pessoa, co_empresa, dt_cadastro, dt_expiracao) VALUES ("M", "138", "96", "2021-06-16 16:13:37", "2021-12-16");

INSERT INTO sisbela.TB_USUARIO (co_assinante, co_pessoa, ds_senha, ds_code, st_status, dt_cadastro) VALUES ("20", "138", "BVJ5GKZ5", "UWxaS05VZExXalU9", "I", "2021-06-16 16:13:37");

INSERT INTO TB_PLANO_ASSINANTE_ASSINATURA (co_plano_assinante, co_assinante, nu_filiais, nu_valor_assinatura, tp_pagamento, dt_cadastro, dt_expiracao) VALUES ("12", "20", "0", "97.00", "3", "2021-06-16 16:13:37", "2021-12-16");

INSERT INTO TB_HISTORICO_PAG_ASSINATURA (co_plano_assinante_assinatura, dt_cadastro, ds_acao, ds_usuario, st_pagamento) VALUES ("21", "2021-06-16 16:13:37", "Inicia o pagamento", "Leo Bessa Iniciou o pagamento", "0");

INSERT INTO sisbela.TB_CONTATO (ds_email, nu_tel1) VALUES ("barbecue@gmail.com", "3333333333");

INSERT INTO sisbela.TB_PESSOA (no_pessoa, co_contato, dt_cadastro) VALUES ("Leo Bessa", "101", "2021-06-16 16:13:56");

INSERT INTO sisbela.TB_EMPRESA (no_fantasia, dt_cadastro) VALUES ("Salão novo Stylo 1010", "2021-06-16 16:13:56");

INSERT INTO TB_ASSINANTE (tp_assinante, co_pessoa, co_empresa, dt_cadastro, dt_expiracao) VALUES ("M", "139", "97", "2021-06-16 16:13:56", "2021-12-16");

INSERT INTO sisbela.TB_USUARIO (co_assinante, co_pessoa, ds_senha, ds_code, st_status, dt_cadastro) VALUES ("21", "139", "YTE9WVQ5", "V1ZSRk9WZFdVVFU9", "I", "2021-06-16 16:13:56");

INSERT INTO TB_PLANO_ASSINANTE_ASSINATURA (co_plano_assinante, co_assinante, nu_filiais, nu_valor_assinatura, tp_pagamento, dt_cadastro, dt_expiracao) VALUES ("12", "21", "0", "97.00", "3", "2021-06-16 16:13:56", "2021-12-16");

INSERT INTO TB_HISTORICO_PAG_ASSINATURA (co_plano_assinante_assinatura, dt_cadastro, ds_acao, ds_usuario, st_pagamento) VALUES ("22", "2021-06-16 16:13:56", "Inicia o pagamento", "Leo Bessa Iniciou o pagamento", "0");

INSERT INTO sisbela.TB_CONTATO (ds_email, nu_tel1) VALUES ("barbecue@gmail.com", "3333333333");

INSERT INTO sisbela.TB_PESSOA (no_pessoa, co_contato, dt_cadastro) VALUES ("Leo Bessa", "102", "2021-06-16 16:14:10");

INSERT INTO sisbela.TB_EMPRESA (no_fantasia, dt_cadastro) VALUES ("Salão novo Stylo 1010", "2021-06-16 16:14:10");

INSERT INTO TB_ASSINANTE (tp_assinante, co_pessoa, co_empresa, dt_cadastro, dt_expiracao) VALUES ("M", "140", "98", "2021-06-16 16:14:10", "2021-12-16");

INSERT INTO sisbela.TB_USUARIO (co_assinante, co_pessoa, ds_senha, ds_code, st_status, dt_cadastro) VALUES ("22", "140", "ZJM7VHQ7", "V2twTk4xWklVVGM9", "I", "2021-06-16 16:14:10");

INSERT INTO TB_PLANO_ASSINANTE_ASSINATURA (co_plano_assinante, co_assinante, nu_filiais, nu_valor_assinatura, tp_pagamento, dt_cadastro, dt_expiracao) VALUES ("12", "22", "0", "97.00", "3", "2021-06-16 16:14:10", "2021-12-16");

INSERT INTO TB_HISTORICO_PAG_ASSINATURA (co_plano_assinante_assinatura, dt_cadastro, ds_acao, ds_usuario, st_pagamento) VALUES ("23", "2021-06-16 16:14:10", "Inicia o pagamento", "Leo Bessa Iniciou o pagamento", "0");

INSERT INTO sisbela.TB_CONTATO (ds_email, nu_tel1) VALUES ("barbecue@gmail.com", "3333333333");

INSERT INTO sisbela.TB_PESSOA (no_pessoa, co_contato, dt_cadastro) VALUES ("Leo Bessa", "103", "2021-06-16 16:14:22");

INSERT INTO sisbela.TB_EMPRESA (no_fantasia, dt_cadastro) VALUES ("Salão novo Stylo 1010", "2021-06-16 16:14:22");

INSERT INTO TB_ASSINANTE (tp_assinante, co_pessoa, co_empresa, dt_cadastro, dt_expiracao) VALUES ("M", "141", "99", "2021-06-16 16:14:22", "2021-12-16");

INSERT INTO sisbela.TB_USUARIO (co_assinante, co_pessoa, ds_senha, ds_code, st_status, dt_cadastro) VALUES ("23", "141", "LYB5MDX2", "VEZsQ05VMUVXREk9", "I", "2021-06-16 16:14:22");

INSERT INTO TB_PLANO_ASSINANTE_ASSINATURA (co_plano_assinante, co_assinante, nu_filiais, nu_valor_assinatura, tp_pagamento, dt_cadastro, dt_expiracao) VALUES ("12", "23", "0", "97.00", "3", "2021-06-16 16:14:22", "2021-12-16");

INSERT INTO TB_HISTORICO_PAG_ASSINATURA (co_plano_assinante_assinatura, dt_cadastro, ds_acao, ds_usuario, st_pagamento) VALUES ("24", "2021-06-16 16:14:22", "Inicia o pagamento", "Leo Bessa Iniciou o pagamento", "0");

INSERT INTO sisbela.TB_CONTATO (ds_email, nu_tel1) VALUES ("barbecue@gmail.com", "3333333333");

INSERT INTO sisbela.TB_PESSOA (no_pessoa, co_contato, dt_cadastro) VALUES ("Leo Bessa", "104", "2021-06-16 16:14:34");

INSERT INTO sisbela.TB_EMPRESA (no_fantasia, dt_cadastro) VALUES ("Salão novo Stylo 1010", "2021-06-16 16:14:34");

INSERT INTO TB_ASSINANTE (tp_assinante, co_pessoa, co_empresa, dt_cadastro, dt_expiracao) VALUES ("M", "142", "100", "2021-06-16 16:14:34", "2021-12-16");

INSERT INTO sisbela.TB_USUARIO (co_assinante, co_pessoa, ds_senha, ds_code, st_status, dt_cadastro) VALUES ("24", "142", "AJZ2MME5", "UVVwYU1rMU5SVFU9", "I", "2021-06-16 16:14:34");

INSERT INTO TB_PLANO_ASSINANTE_ASSINATURA (co_plano_assinante, co_assinante, nu_filiais, nu_valor_assinatura, tp_pagamento, dt_cadastro, dt_expiracao) VALUES ("12", "24", "0", "97.00", "3", "2021-06-16 16:14:34", "2021-12-16");

INSERT INTO TB_HISTORICO_PAG_ASSINATURA (co_plano_assinante_assinatura, dt_cadastro, ds_acao, ds_usuario, st_pagamento) VALUES ("25", "2021-06-16 16:14:34", "Inicia o pagamento", "Leo Bessa Iniciou o pagamento", "0");

INSERT INTO sisbela.TB_CONTATO (ds_email, nu_tel1) VALUES ("barbecue@gmail.com", "3333333333");

INSERT INTO sisbela.TB_PESSOA (no_pessoa, co_contato, dt_cadastro) VALUES ("Leo Bessa", "105", "2021-06-16 16:14:42");

INSERT INTO sisbela.TB_EMPRESA (no_fantasia, dt_cadastro) VALUES ("Salão novo Stylo 1010", "2021-06-16 16:14:42");

INSERT INTO TB_ASSINANTE (tp_assinante, co_pessoa, co_empresa, dt_cadastro, dt_expiracao) VALUES ("M", "143", "101", "2021-06-16 16:14:42", "2021-12-16");

INSERT INTO sisbela.TB_USUARIO (co_assinante, co_pessoa, ds_senha, ds_code, st_status, dt_cadastro) VALUES ("25", "143", "CWB1GJM6", "UTFkQ01VZEtUVFk9", "I", "2021-06-16 16:14:42");

INSERT INTO TB_PLANO_ASSINANTE_ASSINATURA (co_plano_assinante, co_assinante, nu_filiais, nu_valor_assinatura, tp_pagamento, dt_cadastro, dt_expiracao) VALUES ("12", "25", "0", "97.00", "3", "2021-06-16 16:14:42", "2021-12-16");

INSERT INTO TB_HISTORICO_PAG_ASSINATURA (co_plano_assinante_assinatura, dt_cadastro, ds_acao, ds_usuario, st_pagamento) VALUES ("26", "2021-06-16 16:14:42", "Inicia o pagamento", "Leo Bessa Iniciou o pagamento", "0");

UPDATE TB_PLANO_ASSINANTE_ASSINATURA SET st_pagamento = "1", dt_modificado = "2021-06-16T16:14:44.000-03:00", nu_valor_desconto = "5.89", nu_valor_real = "91.11", ds_link_boleto = "", ds_code_transacao = "6471E9A6-FBBF-4E1A-BAF9-7BAAEB526D18", co_plano_assinante = "12" where co_plano_assinante_assinatura = 26;

INSERT INTO TB_HISTORICO_PAG_ASSINATURA (co_plano_assinante_assinatura, dt_cadastro, ds_acao, ds_usuario, st_pagamento) VALUES ("26", "2021-06-16T16:14:44.000-03:00", "Mudou o Status do pagamento para Aguardando pagamento", "Retorno da operadora do pagamento", "1");

INSERT INTO sisbela.TB_CONTATO (ds_email, nu_tel1) VALUES ("barbecue@gmail.com", "3333333333");

INSERT INTO sisbela.TB_PESSOA (no_pessoa, co_contato, dt_cadastro) VALUES ("Leo Bessa", "106", "2021-06-16 16:15:09");

INSERT INTO sisbela.TB_EMPRESA (no_fantasia, dt_cadastro) VALUES ("Salão novo Stylo 1010", "2021-06-16 16:15:09");

INSERT INTO TB_ASSINANTE (tp_assinante, co_pessoa, co_empresa, dt_cadastro, dt_expiracao) VALUES ("M", "144", "102", "2021-06-16 16:15:09", "2021-12-16");

INSERT INTO sisbela.TB_USUARIO (co_assinante, co_pessoa, ds_senha, ds_code, st_status, dt_cadastro) VALUES ("26", "144", "MRF2EQM3", "VFZKR01rVlJUVE09", "I", "2021-06-16 16:15:09");

INSERT INTO TB_PLANO_ASSINANTE_ASSINATURA (co_plano_assinante, co_assinante, nu_filiais, nu_valor_assinatura, tp_pagamento, dt_cadastro, dt_expiracao) VALUES ("12", "26", "0", "97.00", "3", "2021-06-16 16:15:09", "2021-12-16");

INSERT INTO TB_HISTORICO_PAG_ASSINATURA (co_plano_assinante_assinatura, dt_cadastro, ds_acao, ds_usuario, st_pagamento) VALUES ("27", "2021-06-16 16:15:09", "Inicia o pagamento", "Leo Bessa Iniciou o pagamento", "0");

UPDATE TB_PLANO_ASSINANTE_ASSINATURA SET st_pagamento = "1", dt_modificado = "2021-06-16T16:15:11.000-03:00", nu_valor_desconto = "5.89", nu_valor_real = "91.11", ds_link_boleto = "", ds_code_transacao = "5DBB6C7C-8B54-448C-87DC-28365EA0658C", co_plano_assinante = "12" where co_plano_assinante_assinatura = 27;

INSERT INTO TB_HISTORICO_PAG_ASSINATURA (co_plano_assinante_assinatura, dt_cadastro, ds_acao, ds_usuario, st_pagamento) VALUES ("27", "2021-06-16T16:15:11.000-03:00", "Mudou o Status do pagamento para Aguardando pagamento", "Retorno da operadora do pagamento", "1");

INSERT INTO sisbela.TB_USUARIO_PERFIL (co_perfil, co_usuario) VALUES ("2", "105");

UPDATE TB_PLANO_ASSINANTE_ASSINATURA SET st_pagamento = "1", dt_modificado = "2021-06-16T16:15:11.000-03:00" where co_plano_assinante_assinatura = 27;

UPDATE TB_PLANO_ASSINANTE_ASSINATURA SET st_pagamento = "1", dt_modificado = "2021-06-16T16:15:11.000-03:00" where co_plano_assinante_assinatura = 27;

UPDATE TB_PLANO_ASSINANTE_ASSINATURA SET st_pagamento = "1", dt_modificado = "2021-06-16T16:15:11.000-03:00" where co_plano_assinante_assinatura = 27;

INSERT INTO TB_HISTORICO_PAG_ASSINATURA (co_plano_assinante_assinatura, dt_cadastro, ds_acao, ds_usuario, st_pagamento) VALUES ("27", "2021-06-16T16:17:09.000-03:00", "Mudou o Status do pagamento para Em análise", "Retorno da operadora do pagamento", "2");

UPDATE TB_PLANO_ASSINANTE_ASSINATURA SET st_pagamento = "2", dt_modificado = "2021-06-16T16:17:09.000-03:00" where co_plano_assinante_assinatura = 27;

INSERT INTO sisbela.TB_CONTATO (ds_email, nu_tel1) VALUES ("barbecue@gmail.com", "2323244444");

INSERT INTO sisbela.TB_PESSOA (no_pessoa, co_contato, dt_cadastro) VALUES ("Sou eu mesmo 1010", "107", "2021-06-16 16:26:36");

INSERT INTO sisbela.TB_EMPRESA (no_fantasia, dt_cadastro) VALUES ("Nova Esmaltaria top 1010", "2021-06-16 16:26:36");

INSERT INTO TB_ASSINANTE (tp_assinante, co_pessoa, co_empresa, dt_cadastro, dt_expiracao) VALUES ("M", "145", "103", "2021-06-16 16:26:36", "2021-12-16");

INSERT INTO sisbela.TB_USUARIO (co_assinante, co_pessoa, ds_senha, ds_code, st_status, dt_cadastro) VALUES ("27", "145", "QNC3VJI4", "VVU1RE0xWktTVFE9", "I", "2021-06-16 16:26:36");

INSERT INTO TB_PLANO_ASSINANTE_ASSINATURA (co_plano_assinante, co_assinante, nu_filiais, nu_valor_assinatura, tp_pagamento, dt_cadastro, dt_expiracao) VALUES ("12", "27", "0", "97.00", "3", "2021-06-16 16:26:36", "2021-12-16");

INSERT INTO TB_HISTORICO_PAG_ASSINATURA (co_plano_assinante_assinatura, dt_cadastro, ds_acao, ds_usuario, st_pagamento) VALUES ("28", "2021-06-16 16:26:36", "Inicia o pagamento", "Sou eu mesmo 1010 Iniciou o pagamento", "0");

UPDATE TB_PLANO_ASSINANTE_ASSINATURA SET st_pagamento = "1", dt_modificado = "2021-06-16T16:26:37.000-03:00", nu_valor_desconto = "6.33", nu_valor_real = "90.67", ds_link_boleto = "", ds_code_transacao = "D5212774-A746-4A9E-9FF4-49F0D63A45BA", co_plano_assinante = "12" where co_plano_assinante_assinatura = 28;

INSERT INTO TB_HISTORICO_PAG_ASSINATURA (co_plano_assinante_assinatura, dt_cadastro, ds_acao, ds_usuario, st_pagamento) VALUES ("28", "2021-06-16T16:26:37.000-03:00", "Mudou o Status do pagamento para Aguardando pagamento", "Retorno da operadora do pagamento", "1");

INSERT INTO sisbela.TB_USUARIO_PERFIL (co_perfil, co_usuario) VALUES ("2", "106");

UPDATE TB_PLANO_ASSINANTE_ASSINATURA SET st_pagamento = "1", dt_modificado = "2021-06-16T16:26:37.000-03:00" where co_plano_assinante_assinatura = 28;

INSERT INTO TB_PLANO_ASSINANTE_ASSINATURA (st_status) VALUES ("I");

UPDATE TB_ASSINANTE SET dt_expiracao = "2021-12-16" where co_assinante = 27;

INSERT INTO TB_HISTORICO_PAG_ASSINATURA (co_plano_assinante_assinatura, dt_cadastro, ds_acao, ds_usuario, st_pagamento) VALUES ("28", "2021-06-16T16:27:15.000-03:00", "Mudou o Status do pagamento para Pago ", "Retorno da operadora do pagamento", "3");

UPDATE TB_PLANO_ASSINANTE_ASSINATURA SET st_pagamento = "3", dt_modificado = "2021-06-16T16:27:15.000-03:00", dt_confirma_pagamento = "2021-06-16T16:27:15.000-03:00", st_status = "A" where co_plano_assinante_assinatura = 28;

UPDATE TB_PLANO_ASSINANTE_ASSINATURA SET st_status = "I" where co_plano_assinante_assinatura = 27;

INSERT INTO TB_PLANO_ASSINANTE_ASSINATURA (st_status) VALUES ("A");

UPDATE TB_PLANO_ASSINANTE_ASSINATURA SET st_status = "I" where co_plano_assinante_assinatura = 27;

INSERT INTO TB_PLANO_ASSINANTE_ASSINATURA (st_status) VALUES ("A");

UPDATE TB_PLANO_ASSINANTE_ASSINATURA SET st_status = "I" where co_plano_assinante_assinatura = 27;

INSERT INTO TB_PLANO_ASSINANTE_ASSINATURA (st_status) VALUES ("A");

INSERT INTO sisbela.TB_CONTATO (ds_email, nu_tel1) VALUES ("barbecue@gmail.com", "32442455535");

INSERT INTO sisbela.TB_PESSOA (no_pessoa, co_contato, dt_cadastro) VALUES ("jgfjgj", "108", "2021-06-16 16:59:02");

INSERT INTO sisbela.TB_EMPRESA (no_fantasia, dt_cadastro) VALUES ("gfgfjj", "2021-06-16 16:59:02");

INSERT INTO TB_ASSINANTE (tp_assinante, co_pessoa, co_empresa, dt_cadastro, dt_expiracao) VALUES ("M", "146", "104", "2021-06-16 16:59:02", "2021-07-16");

INSERT INTO sisbela.TB_USUARIO (co_assinante, co_pessoa, ds_senha, ds_code, st_status, dt_cadastro) VALUES ("28", "146", "CRS0ABR2", "UTFKVE1FRkNVakk9", "I", "2021-06-16 16:59:02");

INSERT INTO TB_PLANO_ASSINANTE_ASSINATURA (co_plano_assinante, co_assinante, nu_filiais, nu_valor_assinatura, tp_pagamento, dt_cadastro, dt_expiracao) VALUES ("13", "28", "0", "17.00", "5", "2021-06-16 16:59:02", "2021-07-16");

INSERT INTO TB_HISTORICO_PAG_ASSINATURA (co_plano_assinante_assinatura, dt_cadastro, ds_acao, ds_usuario, st_pagamento) VALUES ("33", "2021-06-16 16:59:02", "Inicia o pagamento", "jgfjgj Iniciou o pagamento", "0");

INSERT INTO sisbela.TB_CONTATO (ds_email, nu_tel1) VALUES ("barbecue@gmail.com", "32442455535");

INSERT INTO sisbela.TB_PESSOA (no_pessoa, co_contato, dt_cadastro) VALUES ("jgfjgj", "109", "2021-06-16 16:59:13");

INSERT INTO sisbela.TB_EMPRESA (no_fantasia, dt_cadastro) VALUES ("gfgfjj", "2021-06-16 16:59:13");

INSERT INTO TB_ASSINANTE (tp_assinante, co_pessoa, co_empresa, dt_cadastro, dt_expiracao) VALUES ("M", "147", "105", "2021-06-16 16:59:13", "2021-07-16");

INSERT INTO sisbela.TB_USUARIO (co_assinante, co_pessoa, ds_senha, ds_code, st_status, dt_cadastro) VALUES ("29", "147", "BHE2IQJ5", "UWtoRk1rbFJTalU9", "I", "2021-06-16 16:59:13");

INSERT INTO TB_PLANO_ASSINANTE_ASSINATURA (co_plano_assinante, co_assinante, nu_filiais, nu_valor_assinatura, tp_pagamento, dt_cadastro, dt_expiracao) VALUES ("13", "29", "0", "17.00", "5", "2021-06-16 16:59:13", "2021-07-16");

INSERT INTO TB_HISTORICO_PAG_ASSINATURA (co_plano_assinante_assinatura, dt_cadastro, ds_acao, ds_usuario, st_pagamento) VALUES ("34", "2021-06-16 16:59:13", "Inicia o pagamento", "jgfjgj Iniciou o pagamento", "0");

INSERT INTO sisbela.TB_CONTATO (ds_email, nu_tel1) VALUES ("barbecue@gmail.com", "32442455535");

INSERT INTO sisbela.TB_PESSOA (no_pessoa, co_contato, dt_cadastro) VALUES ("jgfjgj", "110", "2021-06-16 17:00:36");

INSERT INTO sisbela.TB_EMPRESA (no_fantasia, dt_cadastro) VALUES ("gfgfjj", "2021-06-16 17:00:36");

INSERT INTO TB_ASSINANTE (tp_assinante, co_pessoa, co_empresa, dt_cadastro, dt_expiracao) VALUES ("M", "148", "106", "2021-06-16 17:00:36", "2021-07-16");

INSERT INTO sisbela.TB_USUARIO (co_assinante, co_pessoa, ds_senha, ds_code, st_status, dt_cadastro) VALUES ("30", "148", "XVO3DAB9", "V0ZaUE0wUkJRams9", "I", "2021-06-16 17:00:36");

INSERT INTO TB_PLANO_ASSINANTE_ASSINATURA (co_plano_assinante, co_assinante, nu_filiais, nu_valor_assinatura, tp_pagamento, dt_cadastro, dt_expiracao) VALUES ("13", "30", "0", "17.00", "5", "2021-06-16 17:00:36", "2021-07-16");

INSERT INTO TB_HISTORICO_PAG_ASSINATURA (co_plano_assinante_assinatura, dt_cadastro, ds_acao, ds_usuario, st_pagamento) VALUES ("35", "2021-06-16 17:00:36", "Inicia o pagamento", "jgfjgj Iniciou o pagamento", "0");

INSERT INTO sisbela.TB_CONTATO (ds_email, nu_tel1) VALUES ("barbecue@gmail.com", "32442455535");

INSERT INTO sisbela.TB_PESSOA (no_pessoa, co_contato, dt_cadastro) VALUES ("jgfjgj", "111", "2021-06-16 17:00:41");

INSERT INTO sisbela.TB_EMPRESA (no_fantasia, dt_cadastro) VALUES ("gfgfjj", "2021-06-16 17:00:41");

INSERT INTO TB_ASSINANTE (tp_assinante, co_pessoa, co_empresa, dt_cadastro, dt_expiracao) VALUES ("M", "149", "107", "2021-06-16 17:00:41", "2021-07-16");

INSERT INTO sisbela.TB_USUARIO (co_assinante, co_pessoa, ds_senha, ds_code, st_status, dt_cadastro) VALUES ("31", "149", "NHA4VYB8", "VGtoQk5GWlpRamc9", "I", "2021-06-16 17:00:41");

INSERT INTO TB_PLANO_ASSINANTE_ASSINATURA (co_plano_assinante, co_assinante, nu_filiais, nu_valor_assinatura, tp_pagamento, dt_cadastro, dt_expiracao) VALUES ("13", "31", "0", "17.00", "5", "2021-06-16 17:00:41", "2021-07-16");

INSERT INTO TB_HISTORICO_PAG_ASSINATURA (co_plano_assinante_assinatura, dt_cadastro, ds_acao, ds_usuario, st_pagamento) VALUES ("36", "2021-06-16 17:00:41", "Inicia o pagamento", "jgfjgj Iniciou o pagamento", "0");

INSERT INTO sisbela.TB_CONTATO (ds_email, nu_tel1) VALUES ("sisccaug@gmail.com", "6547777457");

INSERT INTO sisbela.TB_PESSOA (no_pessoa, co_contato, dt_cadastro) VALUES ("jgfjgj", "112", "2021-06-16 17:02:05");

INSERT INTO sisbela.TB_EMPRESA (no_fantasia, dt_cadastro) VALUES ("gfgfjj", "2021-06-16 17:02:05");

INSERT INTO TB_ASSINANTE (tp_assinante, co_pessoa, co_empresa, dt_cadastro, dt_expiracao) VALUES ("M", "150", "108", "2021-06-16 17:02:05", "2022-06-16");

INSERT INTO sisbela.TB_USUARIO (co_assinante, co_pessoa, ds_senha, ds_code, st_status, dt_cadastro) VALUES ("32", "150", "IBN6WLK2", "U1VKT05sZE1Tekk9", "I", "2021-06-16 17:02:05");

INSERT INTO TB_PLANO_ASSINANTE_ASSINATURA (co_plano_assinante, co_assinante, nu_filiais, nu_valor_assinatura, tp_pagamento, dt_cadastro, dt_expiracao) VALUES ("11", "32", "0", "187.00", "5", "2021-06-16 17:02:05", "2022-06-16");

INSERT INTO TB_HISTORICO_PAG_ASSINATURA (co_plano_assinante_assinatura, dt_cadastro, ds_acao, ds_usuario, st_pagamento) VALUES ("37", "2021-06-16 17:02:05", "Inicia o pagamento", "jgfjgj Iniciou o pagamento", "0");

INSERT INTO sisbela.TB_CONTATO (ds_email, nu_tel1) VALUES ("sisccaug@gmail.com", "6547777457");

INSERT INTO sisbela.TB_PESSOA (no_pessoa, co_contato, dt_cadastro) VALUES ("jgfjgj", "113", "2021-06-16 17:02:09");

INSERT INTO sisbela.TB_EMPRESA (no_fantasia, dt_cadastro) VALUES ("gfgfjj", "2021-06-16 17:02:09");

INSERT INTO TB_ASSINANTE (tp_assinante, co_pessoa, co_empresa, dt_cadastro, dt_expiracao) VALUES ("M", "151", "109", "2021-06-16 17:02:09", "2022-06-16");

INSERT INTO sisbela.TB_USUARIO (co_assinante, co_pessoa, ds_senha, ds_code, st_status, dt_cadastro) VALUES ("33", "151", "YJO7YYR3", "V1VwUE4xbFpVak09", "I", "2021-06-16 17:02:09");

INSERT INTO TB_PLANO_ASSINANTE_ASSINATURA (co_plano_assinante, co_assinante, nu_filiais, nu_valor_assinatura, tp_pagamento, dt_cadastro, dt_expiracao) VALUES ("11", "33", "0", "187.00", "5", "2021-06-16 17:02:09", "2022-06-16");

INSERT INTO TB_HISTORICO_PAG_ASSINATURA (co_plano_assinante_assinatura, dt_cadastro, ds_acao, ds_usuario, st_pagamento) VALUES ("38", "2021-06-16 17:02:09", "Inicia o pagamento", "jgfjgj Iniciou o pagamento", "0");

INSERT INTO sisbela.TB_CONTATO (ds_email, nu_tel1) VALUES ("barbecue@gmail.com", "34324242455");

INSERT INTO sisbela.TB_PESSOA (no_pessoa, co_contato, dt_cadastro) VALUES ("Leo BEssa", "114", "2021-06-16 17:04:45");

INSERT INTO sisbela.TB_EMPRESA (no_fantasia, dt_cadastro) VALUES ("gfgfjj", "2021-06-16 17:04:45");

INSERT INTO TB_ASSINANTE (tp_assinante, co_pessoa, co_empresa, dt_cadastro, dt_expiracao) VALUES ("M", "152", "110", "2021-06-16 17:04:45", "2021-07-16");

INSERT INTO sisbela.TB_USUARIO (co_assinante, co_pessoa, ds_senha, ds_code, st_status, dt_cadastro) VALUES ("34", "152", "QXY5WSU0", "VVZoWk5WZFRWVEE9", "I", "2021-06-16 17:04:45");

INSERT INTO TB_PLANO_ASSINANTE_ASSINATURA (co_plano_assinante, co_assinante, nu_filiais, nu_valor_assinatura, tp_pagamento, dt_cadastro, dt_expiracao) VALUES ("13", "34", "0", "17.00", "3", "2021-06-16 17:04:45", "2021-07-16");

INSERT INTO TB_HISTORICO_PAG_ASSINATURA (co_plano_assinante_assinatura, dt_cadastro, ds_acao, ds_usuario, st_pagamento) VALUES ("39", "2021-06-16 17:04:45", "Inicia o pagamento", "Leo BEssa Iniciou o pagamento", "0");

INSERT INTO sisbela.TB_CONTATO (ds_email, nu_tel1) VALUES ("barbecue@gmail.com", "34324242455");

INSERT INTO sisbela.TB_PESSOA (no_pessoa, co_contato, dt_cadastro) VALUES ("Leo BEssa", "115", "2021-06-16 17:04:51");

INSERT INTO sisbela.TB_EMPRESA (no_fantasia, dt_cadastro) VALUES ("gfgfjj", "2021-06-16 17:04:51");

INSERT INTO TB_ASSINANTE (tp_assinante, co_pessoa, co_empresa, dt_cadastro, dt_expiracao) VALUES ("M", "153", "111", "2021-06-16 17:04:51", "2021-07-16");

INSERT INTO sisbela.TB_USUARIO (co_assinante, co_pessoa, ds_senha, ds_code, st_status, dt_cadastro) VALUES ("35", "153", "GXA4QDA4", "UjFoQk5GRkVRVFE9", "I", "2021-06-16 17:04:51");

INSERT INTO TB_PLANO_ASSINANTE_ASSINATURA (co_plano_assinante, co_assinante, nu_filiais, nu_valor_assinatura, tp_pagamento, dt_cadastro, dt_expiracao) VALUES ("13", "35", "0", "17.00", "3", "2021-06-16 17:04:51", "2021-07-16");

INSERT INTO TB_HISTORICO_PAG_ASSINATURA (co_plano_assinante_assinatura, dt_cadastro, ds_acao, ds_usuario, st_pagamento) VALUES ("40", "2021-06-16 17:04:51", "Inicia o pagamento", "Leo BEssa Iniciou o pagamento", "0");

INSERT INTO sisbela.TB_CONTATO (ds_email, nu_tel1) VALUES ("barbecue@gmail.com", "34324242455");

INSERT INTO sisbela.TB_PESSOA (no_pessoa, co_contato, dt_cadastro) VALUES ("Leo BEssa", "116", "2021-06-16 17:07:20");

INSERT INTO sisbela.TB_EMPRESA (no_fantasia, dt_cadastro) VALUES ("gfgfjj", "2021-06-16 17:07:20");

INSERT INTO TB_ASSINANTE (tp_assinante, co_pessoa, co_empresa, dt_cadastro, dt_expiracao) VALUES ("M", "154", "112", "2021-06-16 17:07:20", "2021-07-16");

INSERT INTO sisbela.TB_USUARIO (co_assinante, co_pessoa, ds_senha, ds_code, st_status, dt_cadastro) VALUES ("36", "154", "EZG2SXR4", "UlZwSE1sTllValE9", "I", "2021-06-16 17:07:20");

INSERT INTO TB_PLANO_ASSINANTE_ASSINATURA (co_plano_assinante, co_assinante, nu_filiais, nu_valor_assinatura, tp_pagamento, dt_cadastro, dt_expiracao) VALUES ("13", "36", "0", "17.00", "3", "2021-06-16 17:07:20", "2021-07-16");

INSERT INTO TB_HISTORICO_PAG_ASSINATURA (co_plano_assinante_assinatura, dt_cadastro, ds_acao, ds_usuario, st_pagamento) VALUES ("41", "2021-06-16 17:07:20", "Inicia o pagamento", "Leo BEssa Iniciou o pagamento", "0");

UPDATE TB_PLANO_ASSINANTE_ASSINATURA SET st_pagamento = "1", dt_modificado = "2021-06-16T17:07:22.000-03:00", nu_valor_desconto = "1.69", nu_valor_real = "15.31", ds_link_boleto = "", ds_code_transacao = "04F91C92-4D81-4735-95B7-CB266866AD4D", co_plano_assinante = "13" where co_plano_assinante_assinatura = 41;

INSERT INTO TB_HISTORICO_PAG_ASSINATURA (co_plano_assinante_assinatura, dt_cadastro, ds_acao, ds_usuario, st_pagamento) VALUES ("41", "2021-06-16T17:07:22.000-03:00", "Mudou o Status do pagamento para Aguardando pagamento", "Retorno da operadora do pagamento", "1");

INSERT INTO sisbela.TB_USUARIO_PERFIL (co_perfil, co_usuario) VALUES ("2", "115");

UPDATE TB_PLANO_ASSINANTE_ASSINATURA SET st_pagamento = "1", dt_modificado = "2021-06-16T17:07:22.000-03:00" where co_plano_assinante_assinatura = 41;

INSERT INTO sisbela.TB_CONTATO (ds_email, nu_tel1) VALUES ("sisccaug@gmail.com", "2344442414");

INSERT INTO sisbela.TB_PESSOA (no_pessoa, co_contato, dt_cadastro) VALUES ("Leo BEssa", "117", "2021-06-16 17:08:25");

INSERT INTO sisbela.TB_EMPRESA (no_fantasia, dt_cadastro) VALUES ("Salão novo Stylo", "2021-06-16 17:08:25");

INSERT INTO TB_ASSINANTE (tp_assinante, co_pessoa, co_empresa, dt_cadastro, dt_expiracao) VALUES ("M", "155", "113", "2021-06-16 17:08:25", "2021-12-16");

INSERT INTO sisbela.TB_USUARIO (co_assinante, co_pessoa, ds_senha, ds_code, st_status, dt_cadastro) VALUES ("37", "155", "QQT8MWC8", "VVZGVU9FMVhRemc9", "I", "2021-06-16 17:08:25");

INSERT INTO TB_PLANO_ASSINANTE_ASSINATURA (co_plano_assinante, co_assinante, nu_filiais, nu_valor_assinatura, tp_pagamento, dt_cadastro, dt_expiracao) VALUES ("12", "37", "0", "97.00", "5", "2021-06-16 17:08:25", "2021-12-16");

INSERT INTO TB_HISTORICO_PAG_ASSINATURA (co_plano_assinante_assinatura, dt_cadastro, ds_acao, ds_usuario, st_pagamento) VALUES ("42", "2021-06-16 17:08:25", "Inicia o pagamento", "Leo BEssa Iniciou o pagamento", "0");

UPDATE TB_PLANO_ASSINANTE_ASSINATURA SET st_pagamento = "1", dt_modificado = "2021-06-16T17:08:28.000-03:00", nu_valor_desconto = "4.27", nu_valor_real = "92.73", ds_link_boleto = "https://sandbox.pagseguro.uol.com.br/checkout/payment/booklet/print.jhtml?c=a0b47b6ae10bf2d095ca7d60fd913c449d82989b5bcd3e59db23dc8e7ce2516800b5092217149787", ds_code_transacao = "ED952A6F-EF5B-444F-9895-10E75D116B88", co_plano_assinante = "12" where co_plano_assinante_assinatura = 42;

INSERT INTO TB_HISTORICO_PAG_ASSINATURA (co_plano_assinante_assinatura, dt_cadastro, ds_acao, ds_usuario, st_pagamento) VALUES ("42", "2021-06-16T17:08:28.000-03:00", "Mudou o Status do pagamento para Aguardando pagamento", "Retorno da operadora do pagamento", "1");

INSERT INTO sisbela.TB_USUARIO_PERFIL (co_perfil, co_usuario) VALUES ("2", "116");

UPDATE TB_PLANO_ASSINANTE_ASSINATURA SET st_pagamento = "1", dt_modificado = "2021-06-16T17:08:28.000-03:00" where co_plano_assinante_assinatura = 42;

UPDATE TB_PLANO_ASSINANTE_ASSINATURA SET st_pagamento = "1", dt_modificado = "2021-06-16T17:07:22.000-03:00" where co_plano_assinante_assinatura = 41;

UPDATE TB_PLANO_ASSINANTE_ASSINATURA SET st_pagamento = "1", dt_modificado = "2021-06-16T17:08:28.000-03:00" where co_plano_assinante_assinatura = 42;

UPDATE TB_PLANO_ASSINANTE_ASSINATURA SET st_pagamento = "1", dt_modificado = "2021-06-16T17:07:22.000-03:00" where co_plano_assinante_assinatura = 41;

UPDATE TB_PLANO_ASSINANTE_ASSINATURA SET st_pagamento = "1", dt_modificado = "2021-06-16T17:08:28.000-03:00" where co_plano_assinante_assinatura = 42;

UPDATE TB_PLANO_ASSINANTE_ASSINATURA SET st_pagamento = "1", dt_modificado = "2021-06-16T17:07:22.000-03:00" where co_plano_assinante_assinatura = 41;

INSERT INTO sisbela.TB_CONTATO (ds_email, nu_tel1) VALUES ("sisccaug@gmail.com", "76666666978");

INSERT INTO sisbela.TB_PESSOA (no_pessoa, co_contato, dt_cadastro) VALUES ("jgfjgj", "118", "2021-06-16 17:20:09");

INSERT INTO sisbela.TB_EMPRESA (no_fantasia, dt_cadastro) VALUES ("gfgfjj", "2021-06-16 17:20:09");

INSERT INTO TB_ASSINANTE (tp_assinante, co_pessoa, co_empresa, dt_cadastro, dt_expiracao) VALUES ("M", "156", "114", "2021-06-16 17:20:09", "2021-07-16");

INSERT INTO sisbela.TB_USUARIO (co_assinante, co_pessoa, ds_senha, ds_code, st_status, dt_cadastro) VALUES ("38", "156", "COY2LKP0", "UTA5Wk1reExVREE9", "I", "2021-06-16 17:20:09");

INSERT INTO TB_PLANO_ASSINANTE_ASSINATURA (co_plano_assinante, co_assinante, nu_filiais, nu_valor_assinatura, tp_pagamento, dt_cadastro, dt_expiracao) VALUES ("13", "38", "0", "17.00", "5", "2021-06-16 17:20:09", "2021-07-16");

INSERT INTO TB_HISTORICO_PAG_ASSINATURA (co_plano_assinante_assinatura, dt_cadastro, ds_acao, ds_usuario, st_pagamento) VALUES ("43", "2021-06-16 17:20:09", "Inicia o pagamento", "jgfjgj Iniciou o pagamento", "0");

INSERT INTO sisbela.TB_CONTATO (ds_email, nu_tel1) VALUES ("sisccaug@gmail.com", "76666666978");

INSERT INTO sisbela.TB_PESSOA (no_pessoa, co_contato, dt_cadastro) VALUES ("jgfjgj", "119", "2021-06-16 17:22:38");

INSERT INTO sisbela.TB_EMPRESA (no_fantasia, dt_cadastro) VALUES ("gfgfjj", "2021-06-16 17:22:38");

INSERT INTO TB_ASSINANTE (tp_assinante, co_pessoa, co_empresa, dt_cadastro, dt_expiracao) VALUES ("M", "157", "115", "2021-06-16 17:22:38", "2021-07-16");

INSERT INTO sisbela.TB_USUARIO (co_assinante, co_pessoa, ds_senha, ds_code, st_status, dt_cadastro) VALUES ("39", "157", "NWY9LDK9", "VGxkWk9VeEVTems9", "I", "2021-06-16 17:22:38");

INSERT INTO TB_PLANO_ASSINANTE_ASSINATURA (co_plano_assinante, co_assinante, nu_filiais, nu_valor_assinatura, tp_pagamento, dt_cadastro, dt_expiracao) VALUES ("13", "39", "0", "17.00", "5", "2021-06-16 17:22:38", "2021-07-16");

INSERT INTO TB_HISTORICO_PAG_ASSINATURA (co_plano_assinante_assinatura, dt_cadastro, ds_acao, ds_usuario, st_pagamento) VALUES ("44", "2021-06-16 17:22:38", "Inicia o pagamento", "jgfjgj Iniciou o pagamento", "0");

INSERT INTO sisbela.TB_CONTATO (ds_email, nu_tel1) VALUES ("sisccaug@gmail.com", "76666666978");

INSERT INTO sisbela.TB_PESSOA (no_pessoa, co_contato, dt_cadastro) VALUES ("jgfjgj", "120", "2021-06-16 17:23:17");

INSERT INTO sisbela.TB_EMPRESA (no_fantasia, dt_cadastro) VALUES ("gfgfjj", "2021-06-16 17:23:17");

INSERT INTO TB_ASSINANTE (tp_assinante, co_pessoa, co_empresa, dt_cadastro, dt_expiracao) VALUES ("M", "158", "116", "2021-06-16 17:23:17", "2021-07-16");

INSERT INTO sisbela.TB_USUARIO (co_assinante, co_pessoa, ds_senha, ds_code, st_status, dt_cadastro) VALUES ("40", "158", "DDV1XCK7", "UkVSV01WaERTemM9", "I", "2021-06-16 17:23:17");

INSERT INTO TB_PLANO_ASSINANTE_ASSINATURA (co_plano_assinante, co_assinante, nu_filiais, nu_valor_assinatura, tp_pagamento, dt_cadastro, dt_expiracao) VALUES ("13", "40", "0", "17.00", "5", "2021-06-16 17:23:17", "2021-07-16");

INSERT INTO TB_HISTORICO_PAG_ASSINATURA (co_plano_assinante_assinatura, dt_cadastro, ds_acao, ds_usuario, st_pagamento) VALUES ("45", "2021-06-16 17:23:17", "Inicia o pagamento", "jgfjgj Iniciou o pagamento", "0");

INSERT INTO sisbela.TB_CONTATO (ds_email, nu_tel1) VALUES ("sisccaug@gmail.com", "76666666978");

INSERT INTO sisbela.TB_PESSOA (no_pessoa, co_contato, dt_cadastro) VALUES ("jgfjgj", "121", "2021-06-16 17:23:21");

INSERT INTO sisbela.TB_EMPRESA (no_fantasia, dt_cadastro) VALUES ("gfgfjj", "2021-06-16 17:23:21");

INSERT INTO TB_ASSINANTE (tp_assinante, co_pessoa, co_empresa, dt_cadastro, dt_expiracao) VALUES ("M", "159", "117", "2021-06-16 17:23:21", "2021-07-16");

INSERT INTO sisbela.TB_USUARIO (co_assinante, co_pessoa, ds_senha, ds_code, st_status, dt_cadastro) VALUES ("41", "159", "VOY7XJZ8", "Vms5Wk4xaEtXamc9", "I", "2021-06-16 17:23:21");

INSERT INTO TB_PLANO_ASSINANTE_ASSINATURA (co_plano_assinante, co_assinante, nu_filiais, nu_valor_assinatura, tp_pagamento, dt_cadastro, dt_expiracao) VALUES ("13", "41", "0", "17.00", "5", "2021-06-16 17:23:21", "2021-07-16");

INSERT INTO TB_HISTORICO_PAG_ASSINATURA (co_plano_assinante_assinatura, dt_cadastro, ds_acao, ds_usuario, st_pagamento) VALUES ("46", "2021-06-16 17:23:21", "Inicia o pagamento", "jgfjgj Iniciou o pagamento", "0");

INSERT INTO sisbela.TB_CONTATO (ds_email, nu_tel1) VALUES ("sisccaug@gmail.com", "0980909000");

INSERT INTO sisbela.TB_PESSOA (no_pessoa, co_contato, dt_cadastro) VALUES ("jgfjgj", "122", "2021-06-16 17:34:45");

INSERT INTO sisbela.TB_EMPRESA (no_fantasia, dt_cadastro) VALUES ("gfgfjj", "2021-06-16 17:34:45");

INSERT INTO TB_ASSINANTE (tp_assinante, co_pessoa, co_empresa, dt_cadastro, dt_expiracao) VALUES ("M", "160", "118", "2021-06-16 17:34:45", "2021-07-16");

INSERT INTO sisbela.TB_USUARIO (co_assinante, co_pessoa, ds_senha, ds_code, st_status, dt_cadastro) VALUES ("42", "160", "ZED3TZE2", "V2tWRU0xUmFSVEk9", "I", "2021-06-16 17:34:45");

INSERT INTO TB_PLANO_ASSINANTE_ASSINATURA (co_plano_assinante, co_assinante, nu_filiais, nu_valor_assinatura, tp_pagamento, dt_cadastro, dt_expiracao) VALUES ("13", "42", "0", "17.00", "5", "2021-06-16 17:34:45", "2021-07-16");

INSERT INTO TB_HISTORICO_PAG_ASSINATURA (co_plano_assinante_assinatura, dt_cadastro, ds_acao, ds_usuario, st_pagamento) VALUES ("47", "2021-06-16 17:34:45", "Inicia o pagamento", "jgfjgj Iniciou o pagamento", "0");

INSERT INTO sisbela.TB_CONTATO (ds_email, nu_tel1) VALUES ("sisccaug@gmail.com", "0980909000");

INSERT INTO sisbela.TB_PESSOA (no_pessoa, co_contato, dt_cadastro) VALUES ("jgfjgj", "123", "2021-06-16 17:35:22");

INSERT INTO sisbela.TB_EMPRESA (no_fantasia, dt_cadastro) VALUES ("gfgfjj", "2021-06-16 17:35:22");

INSERT INTO TB_ASSINANTE (tp_assinante, co_pessoa, co_empresa, dt_cadastro, dt_expiracao) VALUES ("M", "161", "119", "2021-06-16 17:35:22", "2021-07-16");

INSERT INTO sisbela.TB_USUARIO (co_assinante, co_pessoa, ds_senha, ds_code, st_status, dt_cadastro) VALUES ("43", "161", "YQV8PHP6", "V1ZGV09GQklVRFk9", "I", "2021-06-16 17:35:22");

INSERT INTO TB_PLANO_ASSINANTE_ASSINATURA (co_plano_assinante, co_assinante, nu_filiais, nu_valor_assinatura, tp_pagamento, dt_cadastro, dt_expiracao) VALUES ("13", "43", "0", "17.00", "5", "2021-06-16 17:35:22", "2021-07-16");

INSERT INTO TB_HISTORICO_PAG_ASSINATURA (co_plano_assinante_assinatura, dt_cadastro, ds_acao, ds_usuario, st_pagamento) VALUES ("48", "2021-06-16 17:35:22", "Inicia o pagamento", "jgfjgj Iniciou o pagamento", "0");

INSERT INTO sisbela.TB_CONTATO (ds_email, nu_tel1) VALUES ("barbecue@gmail.com", "6199833900");

INSERT INTO sisbela.TB_PESSOA (no_pessoa, co_contato, dt_cadastro) VALUES ("Marcio Braga", "124", "2021-06-16 17:37:24");

INSERT INTO sisbela.TB_EMPRESA (no_fantasia, dt_cadastro) VALUES ("Cabeleleiro novo", "2021-06-16 17:37:24");

INSERT INTO TB_ASSINANTE (tp_assinante, co_pessoa, co_empresa, dt_cadastro, dt_expiracao) VALUES ("M", "162", "120", "2021-06-16 17:37:24", "2021-07-16");

INSERT INTO sisbela.TB_USUARIO (co_assinante, co_pessoa, ds_senha, ds_code, st_status, dt_cadastro) VALUES ("44", "162", "RFJ0TKC7", "VWtaS01GUkxRemM9", "I", "2021-06-16 17:37:24");

INSERT INTO TB_PLANO_ASSINANTE_ASSINATURA (co_plano_assinante, co_assinante, nu_filiais, nu_valor_assinatura, tp_pagamento, dt_cadastro, dt_expiracao) VALUES ("13", "44", "0", "17.00", "5", "2021-06-16 17:37:24", "2021-07-16");

INSERT INTO TB_HISTORICO_PAG_ASSINATURA (co_plano_assinante_assinatura, dt_cadastro, ds_acao, ds_usuario, st_pagamento) VALUES ("49", "2021-06-16 17:37:24", "Inicia o pagamento", "Marcio Braga Iniciou o pagamento", "0");

UPDATE TB_PLANO_ASSINANTE_ASSINATURA SET st_pagamento = "1", dt_modificado = "2021-06-16T17:37:29.000-03:00", nu_valor_desconto = "1.08", nu_valor_real = "15.92", ds_link_boleto = "https://sandbox.pagseguro.uol.com.br/checkout/payment/booklet/print.jhtml?c=1050a7dcedab7081a6e71b0b1a94dd0c099fba33249523d6991de47a692095ba98943a6e8d2edfa2", ds_code_transacao = "A7E13DA7-B1E1-457D-B8AF-A866AF3C4FFA", co_plano_assinante = "13" where co_plano_assinante_assinatura = 49;

INSERT INTO TB_HISTORICO_PAG_ASSINATURA (co_plano_assinante_assinatura, dt_cadastro, ds_acao, ds_usuario, st_pagamento) VALUES ("49", "2021-06-16T17:37:29.000-03:00", "Mudou o Status do pagamento para Aguardando pagamento", "Retorno da operadora do pagamento", "1");

INSERT INTO sisbela.TB_USUARIO_PERFIL (co_perfil, co_usuario) VALUES ("2", "123");

INSERT INTO sisbela.TB_CONTATO (ds_email, nu_tel1) VALUES ("barbecue@gmail.com", "6199494044");

INSERT INTO sisbela.TB_PESSOA (no_pessoa, co_contato, dt_cadastro) VALUES ("Marcio Braga", "125", "2021-06-16 17:47:00");

INSERT INTO sisbela.TB_EMPRESA (no_fantasia, dt_cadastro) VALUES ("Salão novo Stylo 1010", "2021-06-16 17:47:00");

INSERT INTO TB_ASSINANTE (tp_assinante, co_pessoa, co_empresa, dt_cadastro, dt_expiracao) VALUES ("M", "163", "121", "2021-06-16 17:47:00", "2021-12-16");

INSERT INTO sisbela.TB_USUARIO (co_assinante, co_pessoa, ds_senha, ds_code, st_status, dt_cadastro) VALUES ("45", "163", "EVP6COG0", "UlZaUU5rTlBSekE9", "I", "2021-06-16 17:47:00");

INSERT INTO TB_PLANO_ASSINANTE_ASSINATURA (co_plano_assinante, co_assinante, nu_filiais, nu_valor_assinatura, tp_pagamento, dt_cadastro, dt_expiracao) VALUES ("12", "45", "0", "97.00", "3", "2021-06-16 17:47:00", "2021-12-16");

INSERT INTO TB_HISTORICO_PAG_ASSINATURA (co_plano_assinante_assinatura, dt_cadastro, ds_acao, ds_usuario, st_pagamento) VALUES ("50", "2021-06-16 17:47:00", "Inicia o pagamento", "Marcio Braga Iniciou o pagamento", "0");

INSERT INTO sisbela.TB_CONTATO (ds_email, nu_tel1) VALUES ("barbecue@gmail.com", "6199494044");

INSERT INTO sisbela.TB_PESSOA (no_pessoa, co_contato, dt_cadastro) VALUES ("Marcio Braga", "126", "2021-06-16 17:47:10");

INSERT INTO sisbela.TB_EMPRESA (no_fantasia, dt_cadastro) VALUES ("Salão novo Stylo 1010", "2021-06-16 17:47:10");

INSERT INTO TB_ASSINANTE (tp_assinante, co_pessoa, co_empresa, dt_cadastro, dt_expiracao) VALUES ("M", "164", "122", "2021-06-16 17:47:10", "2021-12-16");

INSERT INTO sisbela.TB_USUARIO (co_assinante, co_pessoa, ds_senha, ds_code, st_status, dt_cadastro) VALUES ("46", "164", "ZIS0ICY6", "V2tsVE1FbERXVFk9", "I", "2021-06-16 17:47:10");

INSERT INTO TB_PLANO_ASSINANTE_ASSINATURA (co_plano_assinante, co_assinante, nu_filiais, nu_valor_assinatura, tp_pagamento, dt_cadastro, dt_expiracao) VALUES ("12", "46", "0", "97.00", "3", "2021-06-16 17:47:10", "2021-12-16");

INSERT INTO TB_HISTORICO_PAG_ASSINATURA (co_plano_assinante_assinatura, dt_cadastro, ds_acao, ds_usuario, st_pagamento) VALUES ("51", "2021-06-16 17:47:10", "Inicia o pagamento", "Marcio Braga Iniciou o pagamento", "0");

INSERT INTO sisbela.TB_CONTATO (ds_email, nu_tel1) VALUES ("barbecue@gmail.com", "6199494044");

INSERT INTO sisbela.TB_PESSOA (no_pessoa, co_contato, dt_cadastro) VALUES ("Marcio Braga", "127", "2021-06-16 17:47:45");

INSERT INTO sisbela.TB_EMPRESA (no_fantasia, dt_cadastro) VALUES ("Salão novo Stylo 1010", "2021-06-16 17:47:45");

INSERT INTO TB_ASSINANTE (tp_assinante, co_pessoa, co_empresa, dt_cadastro, dt_expiracao) VALUES ("M", "165", "123", "2021-06-16 17:47:45", "2021-12-16");

INSERT INTO sisbela.TB_USUARIO (co_assinante, co_pessoa, ds_senha, ds_code, st_status, dt_cadastro) VALUES ("47", "165", "NPH5WFT7", "VGxCSU5WZEdWRGM9", "I", "2021-06-16 17:47:45");

INSERT INTO TB_PLANO_ASSINANTE_ASSINATURA (co_plano_assinante, co_assinante, nu_filiais, nu_valor_assinatura, tp_pagamento, dt_cadastro, dt_expiracao) VALUES ("12", "47", "0", "97.00", "3", "2021-06-16 17:47:45", "2021-12-16");

INSERT INTO TB_HISTORICO_PAG_ASSINATURA (co_plano_assinante_assinatura, dt_cadastro, ds_acao, ds_usuario, st_pagamento) VALUES ("52", "2021-06-16 17:47:45", "Inicia o pagamento", "Marcio Braga Iniciou o pagamento", "0");

INSERT INTO sisbela.TB_CONTATO (ds_email, nu_tel1) VALUES ("barbecue@gmail.com", "6199494044");

INSERT INTO sisbela.TB_PESSOA (no_pessoa, co_contato, dt_cadastro) VALUES ("Marcio Braga", "128", "2021-06-16 17:48:32");

INSERT INTO sisbela.TB_EMPRESA (no_fantasia, dt_cadastro) VALUES ("Salão novo Stylo 1010", "2021-06-16 17:48:32");

INSERT INTO TB_ASSINANTE (tp_assinante, co_pessoa, co_empresa, dt_cadastro, dt_expiracao) VALUES ("M", "166", "124", "2021-06-16 17:48:32", "2021-12-16");

INSERT INTO sisbela.TB_USUARIO (co_assinante, co_pessoa, ds_senha, ds_code, st_status, dt_cadastro) VALUES ("48", "166", "NHC7JBW7", "VGtoRE4wcENWemM9", "I", "2021-06-16 17:48:32");

INSERT INTO TB_PLANO_ASSINANTE_ASSINATURA (co_plano_assinante, co_assinante, nu_filiais, nu_valor_assinatura, tp_pagamento, dt_cadastro, dt_expiracao) VALUES ("12", "48", "0", "97.00", "3", "2021-06-16 17:48:32", "2021-12-16");

INSERT INTO TB_HISTORICO_PAG_ASSINATURA (co_plano_assinante_assinatura, dt_cadastro, ds_acao, ds_usuario, st_pagamento) VALUES ("53", "2021-06-16 17:48:32", "Inicia o pagamento", "Marcio Braga Iniciou o pagamento", "0");

UPDATE TB_PLANO_ASSINANTE_ASSINATURA SET st_pagamento = "1", dt_modificado = "2021-06-16T17:48:33.000-03:00", nu_valor_desconto = "5.42", nu_valor_real = "91.58", ds_link_boleto = "", ds_code_transacao = "3F3DEAEA-4B65-4B20-8CA0-1246E6D931B0", co_plano_assinante = "12" where co_plano_assinante_assinatura = 53;

INSERT INTO TB_HISTORICO_PAG_ASSINATURA (co_plano_assinante_assinatura, dt_cadastro, ds_acao, ds_usuario, st_pagamento) VALUES ("53", "2021-06-16T17:48:33.000-03:00", "Mudou o Status do pagamento para Aguardando pagamento", "Retorno da operadora do pagamento", "1");

INSERT INTO sisbela.TB_USUARIO_PERFIL (co_perfil, co_usuario) VALUES ("2", "127");

INSERT INTO sisbela.TB_CONTATO (ds_email, nu_tel1) VALUES ("sisbela@gmail.com", "6167887667");

INSERT INTO sisbela.TB_PESSOA (no_pessoa, co_contato, dt_cadastro) VALUES ("Leo Bessa", "129", "2021-06-16 17:48:58");

INSERT INTO sisbela.TB_EMPRESA (no_fantasia, dt_cadastro) VALUES ("Salão novo Stylo", "2021-06-16 17:48:58");

INSERT INTO TB_ASSINANTE (tp_assinante, co_pessoa, co_empresa, dt_cadastro, dt_expiracao) VALUES ("M", "167", "125", "2021-06-16 17:48:58", "2021-07-16");

INSERT INTO sisbela.TB_USUARIO (co_assinante, co_pessoa, ds_senha, ds_code, st_status, dt_cadastro) VALUES ("49", "167", "QJD2UYN1", "VVVwRU1sVlpUakU9", "I", "2021-06-16 17:48:58");

INSERT INTO TB_PLANO_ASSINANTE_ASSINATURA (co_plano_assinante, co_assinante, nu_filiais, nu_valor_assinatura, tp_pagamento, dt_cadastro, dt_expiracao) VALUES ("13", "49", "0", "17.00", "5", "2021-06-16 17:48:58", "2021-07-16");

INSERT INTO TB_HISTORICO_PAG_ASSINATURA (co_plano_assinante_assinatura, dt_cadastro, ds_acao, ds_usuario, st_pagamento) VALUES ("54", "2021-06-16 17:48:58", "Inicia o pagamento", "Leo Bessa Iniciou o pagamento", "0");

UPDATE TB_PLANO_ASSINANTE_ASSINATURA SET st_pagamento = "1", dt_modificado = "2021-06-16T17:49:01.000-03:00", nu_valor_desconto = "1.08", nu_valor_real = "15.92", ds_link_boleto = "https://sandbox.pagseguro.uol.com.br/checkout/payment/booklet/print.jhtml?c=00d84e2213097433c27dda53ebb82d72c40ad12241c5e810c7883b8da5b2d0b3f92f906a16af5afe", ds_code_transacao = "740F3095-684E-448C-BAD8-F683D42A6D97", co_plano_assinante = "13" where co_plano_assinante_assinatura = 54;

INSERT INTO TB_HISTORICO_PAG_ASSINATURA (co_plano_assinante_assinatura, dt_cadastro, ds_acao, ds_usuario, st_pagamento) VALUES ("54", "2021-06-16T17:49:01.000-03:00", "Mudou o Status do pagamento para Aguardando pagamento", "Retorno da operadora do pagamento", "1");

INSERT INTO sisbela.TB_USUARIO_PERFIL (co_perfil, co_usuario) VALUES ("2", "128");

INSERT INTO sisbela.TB_CONTATO (ds_email, nu_tel1) VALUES ("sisccaug@gmail.com", "6233999999");

INSERT INTO sisbela.TB_PESSOA (no_pessoa, co_contato, dt_cadastro) VALUES ("Osmar", "130", "2021-06-16 17:59:06");

INSERT INTO sisbela.TB_EMPRESA (no_fantasia, dt_cadastro) VALUES ("barbearia novo stylo", "2021-06-16 17:59:06");

INSERT INTO TB_ASSINANTE (tp_assinante, co_pessoa, co_empresa, dt_cadastro, dt_expiracao) VALUES ("M", "168", "126", "2021-06-16 17:59:06", "2021-07-16");

INSERT INTO sisbela.TB_USUARIO (co_assinante, co_pessoa, ds_senha, ds_code, st_status, dt_cadastro) VALUES ("50", "168", "NDU9RPT9", "VGtSVk9WSlFWRGs9", "I", "2021-06-16 17:59:06");

INSERT INTO TB_PLANO_ASSINANTE_ASSINATURA (co_plano_assinante, co_assinante, nu_filiais, nu_valor_assinatura, tp_pagamento, dt_cadastro, dt_expiracao) VALUES ("13", "50", "0", "17.00", "5", "2021-06-16 17:59:06", "2021-07-16");

INSERT INTO TB_HISTORICO_PAG_ASSINATURA (co_plano_assinante_assinatura, dt_cadastro, ds_acao, ds_usuario, st_pagamento) VALUES ("55", "2021-06-16 17:59:06", "Inicia o pagamento", "Osmar Iniciou o pagamento", "0");

INSERT INTO sisbela.TB_CONTATO (ds_email, nu_tel1) VALUES ("sisccaug@gmail.com", "6233999999");

INSERT INTO sisbela.TB_PESSOA (no_pessoa, co_contato, dt_cadastro) VALUES ("Osmar", "131", "2021-06-16 17:59:17");

INSERT INTO sisbela.TB_EMPRESA (no_fantasia, dt_cadastro) VALUES ("barbearia novo stylo", "2021-06-16 17:59:17");

INSERT INTO TB_ASSINANTE (tp_assinante, co_pessoa, co_empresa, dt_cadastro, dt_expiracao) VALUES ("M", "169", "127", "2021-06-16 17:59:17", "2021-07-16");

INSERT INTO sisbela.TB_USUARIO (co_assinante, co_pessoa, ds_senha, ds_code, st_status, dt_cadastro) VALUES ("51", "169", "QPW3YPO5", "VVZCWE0xbFFUelU9", "I", "2021-06-16 17:59:17");

INSERT INTO TB_PLANO_ASSINANTE_ASSINATURA (co_plano_assinante, co_assinante, nu_filiais, nu_valor_assinatura, tp_pagamento, dt_cadastro, dt_expiracao) VALUES ("13", "51", "0", "17.00", "5", "2021-06-16 17:59:17", "2021-07-16");

INSERT INTO TB_HISTORICO_PAG_ASSINATURA (co_plano_assinante_assinatura, dt_cadastro, ds_acao, ds_usuario, st_pagamento) VALUES ("56", "2021-06-16 17:59:17", "Inicia o pagamento", "Osmar Iniciou o pagamento", "0");

INSERT INTO sisbela.TB_CONTATO (ds_email, nu_tel1) VALUES ("barbecue@gmail.com", "6198839333");

INSERT INTO sisbela.TB_PESSOA (no_pessoa, co_contato, dt_cadastro) VALUES ("Osmar Novo", "132", "2021-06-16 18:00:07");

INSERT INTO sisbela.TB_EMPRESA (no_fantasia, dt_cadastro) VALUES ("barbearia novo stylo", "2021-06-16 18:00:07");

INSERT INTO TB_ASSINANTE (tp_assinante, co_pessoa, co_empresa, dt_cadastro, dt_expiracao) VALUES ("M", "170", "128", "2021-06-16 18:00:07", "2021-07-16");

INSERT INTO sisbela.TB_USUARIO (co_assinante, co_pessoa, ds_senha, ds_code, st_status, dt_cadastro) VALUES ("52", "170", "FMB5GME1", "UmsxQ05VZE5SVEU9", "I", "2021-06-16 18:00:07");

INSERT INTO TB_PLANO_ASSINANTE_ASSINATURA (co_plano_assinante, co_assinante, nu_filiais, nu_valor_assinatura, tp_pagamento, dt_cadastro, dt_expiracao) VALUES ("13", "52", "0", "17.00", "5", "2021-06-16 18:00:07", "2021-07-16");

INSERT INTO TB_HISTORICO_PAG_ASSINATURA (co_plano_assinante_assinatura, dt_cadastro, ds_acao, ds_usuario, st_pagamento) VALUES ("57", "2021-06-16 18:00:07", "Inicia o pagamento", "Osmar Novo Iniciou o pagamento", "0");

INSERT INTO sisbela.TB_CONTATO (ds_email, nu_tel1) VALUES ("barbecue@gmail.com", "6198839333");

INSERT INTO sisbela.TB_PESSOA (no_pessoa, co_contato, dt_cadastro) VALUES ("Osmar Novo", "133", "2021-06-16 18:01:06");

INSERT INTO sisbela.TB_EMPRESA (no_fantasia, dt_cadastro) VALUES ("barbearia novo stylo", "2021-06-16 18:01:06");

INSERT INTO TB_ASSINANTE (tp_assinante, co_pessoa, co_empresa, dt_cadastro, dt_expiracao) VALUES ("M", "171", "129", "2021-06-16 18:01:06", "2021-07-16");

INSERT INTO sisbela.TB_USUARIO (co_assinante, co_pessoa, ds_senha, ds_code, st_status, dt_cadastro) VALUES ("53", "171", "YZQ7PWD3", "V1ZwUk4xQlhSRE09", "I", "2021-06-16 18:01:06");

INSERT INTO TB_PLANO_ASSINANTE_ASSINATURA (co_plano_assinante, co_assinante, nu_filiais, nu_valor_assinatura, tp_pagamento, dt_cadastro, dt_expiracao) VALUES ("13", "53", "0", "17.00", "5", "2021-06-16 18:01:06", "2021-07-16");

INSERT INTO TB_HISTORICO_PAG_ASSINATURA (co_plano_assinante_assinatura, dt_cadastro, ds_acao, ds_usuario, st_pagamento) VALUES ("58", "2021-06-16 18:01:06", "Inicia o pagamento", "Osmar Novo Iniciou o pagamento", "0");

UPDATE TB_PLANO_ASSINANTE_ASSINATURA SET st_pagamento = "1", dt_modificado = "2021-06-16T18:01:11.000-03:00", nu_valor_desconto = "1.08", nu_valor_real = "15.92", ds_link_boleto = "https://sandbox.pagseguro.uol.com.br/checkout/payment/booklet/print.jhtml?c=83b79dfbf3c4cdc53159aca2e41360d447168b44dda6838755f7829d9669c44246ff40e867f8abbc", ds_code_transacao = "A4E2E0A2-20D2-458C-8C66-CE5090D3AF79", co_plano_assinante = "13" where co_plano_assinante_assinatura = 58;

INSERT INTO TB_HISTORICO_PAG_ASSINATURA (co_plano_assinante_assinatura, dt_cadastro, ds_acao, ds_usuario, st_pagamento) VALUES ("58", "2021-06-16T18:01:11.000-03:00", "Mudou o Status do pagamento para Aguardando pagamento", "Retorno da operadora do pagamento", "1");

INSERT INTO sisbela.TB_USUARIO_PERFIL (co_perfil, co_usuario) VALUES ("2", "132");

INSERT INTO sisbela.TB_CONTATO (ds_email, nu_tel1) VALUES ("barbecue@gmail.com", "6198754445");

INSERT INTO sisbela.TB_PESSOA (no_pessoa, co_contato, dt_cadastro) VALUES ("Osmar No", "134", "2021-06-16 18:01:50");

INSERT INTO sisbela.TB_EMPRESA (no_fantasia, dt_cadastro) VALUES ("Salão novo Stylo 1010", "2021-06-16 18:01:50");

INSERT INTO TB_ASSINANTE (tp_assinante, co_pessoa, co_empresa, dt_cadastro, dt_expiracao) VALUES ("M", "172", "130", "2021-06-16 18:01:50", "2021-07-16");

INSERT INTO sisbela.TB_USUARIO (co_assinante, co_pessoa, ds_senha, ds_code, st_status, dt_cadastro) VALUES ("54", "172", "GFV6XEC0", "UjBaV05saEZRekE9", "I", "2021-06-16 18:01:50");

INSERT INTO TB_PLANO_ASSINANTE_ASSINATURA (co_plano_assinante, co_assinante, nu_filiais, nu_valor_assinatura, tp_pagamento, dt_cadastro, dt_expiracao) VALUES ("13", "54", "0", "17.00", "5", "2021-06-16 18:01:50", "2021-07-16");

INSERT INTO TB_HISTORICO_PAG_ASSINATURA (co_plano_assinante_assinatura, dt_cadastro, ds_acao, ds_usuario, st_pagamento) VALUES ("59", "2021-06-16 18:01:50", "Inicia o pagamento", "Osmar No Iniciou o pagamento", "0");

UPDATE TB_PLANO_ASSINANTE_ASSINATURA SET st_pagamento = "1", dt_modificado = "2021-06-16T18:01:54.000-03:00", nu_valor_desconto = "1.08", nu_valor_real = "15.92", ds_link_boleto = "https://sandbox.pagseguro.uol.com.br/checkout/payment/booklet/print.jhtml?c=a673078ca4f370f81505c5c489ca1d8016527b1acf8530bab017484da0756d447aaec6ce3c3bd8c7", ds_code_transacao = "FC45952C-882F-4D26-82A8-2AC1AE8B5622", co_plano_assinante = "13" where co_plano_assinante_assinatura = 59;

INSERT INTO TB_HISTORICO_PAG_ASSINATURA (co_plano_assinante_assinatura, dt_cadastro, ds_acao, ds_usuario, st_pagamento) VALUES ("59", "2021-06-16T18:01:54.000-03:00", "Mudou o Status do pagamento para Aguardando pagamento", "Retorno da operadora do pagamento", "1");

INSERT INTO sisbela.TB_USUARIO_PERFIL (co_perfil, co_usuario) VALUES ("2", "133");

INSERT INTO sisbela.TB_CONTATO (ds_email, nu_tel1) VALUES ("barbecue@gmail.com", "76965656560");

INSERT INTO sisbela.TB_PESSOA (no_pessoa, co_contato, dt_cadastro) VALUES ("Osr No", "135", "2021-06-16 18:02:37");

INSERT INTO sisbela.TB_EMPRESA (no_fantasia, dt_cadastro) VALUES ("Salão novo Stylo 1010", "2021-06-16 18:02:37");

INSERT INTO TB_ASSINANTE (tp_assinante, co_pessoa, co_empresa, dt_cadastro, dt_expiracao) VALUES ("M", "173", "131", "2021-06-16 18:02:37", "2021-07-16");

INSERT INTO sisbela.TB_USUARIO (co_assinante, co_pessoa, ds_senha, ds_code, st_status, dt_cadastro) VALUES ("55", "173", "LYJ9BIX7", "VEZsS09VSkpXRGM9", "I", "2021-06-16 18:02:37");

INSERT INTO TB_PLANO_ASSINANTE_ASSINATURA (co_plano_assinante, co_assinante, nu_filiais, nu_valor_assinatura, tp_pagamento, dt_cadastro, dt_expiracao) VALUES ("13", "55", "0", "17.00", "5", "2021-06-16 18:02:37", "2021-07-16");

INSERT INTO TB_HISTORICO_PAG_ASSINATURA (co_plano_assinante_assinatura, dt_cadastro, ds_acao, ds_usuario, st_pagamento) VALUES ("60", "2021-06-16 18:02:37", "Inicia o pagamento", "Osr No Iniciou o pagamento", "0");

UPDATE TB_PLANO_ASSINANTE_ASSINATURA SET st_pagamento = "1", dt_modificado = "2021-06-16T18:02:41.000-03:00", nu_valor_desconto = "1.08", nu_valor_real = "15.92", ds_link_boleto = "https://sandbox.pagseguro.uol.com.br/checkout/payment/booklet/print.jhtml?c=902be1eb43139b2ea3ba616c42452a5fe80803eda0896cb074696448d782efa6a4cfe67979358c10", ds_code_transacao = "9C859AEB-66BC-4812-A12F-D4E2C8033C18", co_plano_assinante = "13" where co_plano_assinante_assinatura = 60;

INSERT INTO TB_HISTORICO_PAG_ASSINATURA (co_plano_assinante_assinatura, dt_cadastro, ds_acao, ds_usuario, st_pagamento) VALUES ("60", "2021-06-16T18:02:41.000-03:00", "Mudou o Status do pagamento para Aguardando pagamento", "Retorno da operadora do pagamento", "1");

INSERT INTO sisbela.TB_USUARIO_PERFIL (co_perfil, co_usuario) VALUES ("2", "134");

