INSERT INTO sisbela100.TB_CONTATO (ds_email, nu_tel1) VALUES ("barbecue@gmail.com", "61993223355");

INSERT INTO sisbela100.TB_PESSOA (no_pessoa, co_contato, dt_cadastro) VALUES ("Barbecue", "26", "2021-08-09 16:16:48");

INSERT INTO sisbela100.TB_EMPRESA (no_fantasia, dt_cadastro) VALUES ("Barbearia top 10", "2021-08-09 16:16:48");

INSERT INTO TB_ASSINANTE (tp_assinante, co_pessoa, co_empresa, dt_cadastro, dt_expiracao) VALUES ("M", "26", "25", "2021-08-09 16:16:48", "2021-09-09");

INSERT INTO sisbela100.TB_USUARIO (co_assinante, co_pessoa, ds_senha, ds_code, st_status, dt_cadastro) VALUES ("24", "26", "NXV1VBP9", "VGxoV01WWkNVRGs9", "I", "2021-08-09 16:16:48");

INSERT INTO TB_PLANO_ASSINANTE_ASSINATURA (co_plano_assinante, co_assinante, nu_filiais, nu_valor_assinatura, tp_pagamento, dt_cadastro, dt_expiracao) VALUES ("13", "24", "0", "27.97", "4", "2021-08-09 16:16:48", "2021-09-09");

INSERT INTO TB_HISTORICO_PAG_ASSINATURA (co_plano_assinante_assinatura, dt_cadastro, ds_acao, ds_usuario, st_pagamento) VALUES ("12", "2021-08-09 16:16:48", "Inicia o pagamento", "Barbecue Iniciou o pagamento", "0");

INSERT INTO sisbela100.TB_CONTATO (ds_email, nu_tel1) VALUES ("barbecue@gmail.com", "61993223355");

INSERT INTO sisbela100.TB_PESSOA (no_pessoa, co_contato, dt_cadastro) VALUES ("Barbecue", "27", "2021-08-09 16:19:13");

INSERT INTO sisbela100.TB_EMPRESA (no_fantasia, dt_cadastro) VALUES ("Barbearia top 10", "2021-08-09 16:19:13");

INSERT INTO sisbela100.TB_CONTATO (ds_email, nu_tel1) VALUES ("barbecue@gmail.com", "61993223355");

INSERT INTO sisbela100.TB_PESSOA (no_pessoa, co_contato, dt_cadastro) VALUES ("Barbecue", "28", "2021-08-09 16:19:38");

INSERT INTO sisbela100.TB_EMPRESA (no_fantasia, dt_cadastro) VALUES ("Barbearia top 10", "2021-08-09 16:19:38");

INSERT INTO TB_ASSINANTE (tp_assinante, co_pessoa, co_empresa, dt_cadastro, dt_expiracao) VALUES ("M", "28", "27", "2021-08-09 16:19:38", "2021-09-09");

INSERT INTO sisbela100.TB_CONTATO (ds_email, nu_tel1) VALUES ("barbecue@gmail.com", "61993223355");

INSERT INTO sisbela100.TB_PESSOA (no_pessoa, co_contato, dt_cadastro) VALUES ("Barbecue", "29", "2021-08-09 16:19:49");

INSERT INTO sisbela100.TB_EMPRESA (no_fantasia, dt_cadastro) VALUES ("Barbearia top 10", "2021-08-09 16:19:49");

INSERT INTO TB_ASSINANTE (tp_assinante, co_pessoa, co_empresa, dt_cadastro, dt_expiracao) VALUES ("M", "29", "28", "2021-08-09 16:19:49", "2021-09-09");

INSERT INTO sisbela100.TB_USUARIO (co_assinante, co_pessoa, ds_senha, ds_code, st_status, dt_cadastro) VALUES ("26", "29", "UFN8ZJJ0", "VlVaT09GcEtTakE9", "I", "2021-08-09 16:19:49");

INSERT INTO sisbela100.TB_CONTATO (ds_email, nu_tel1) VALUES ("barbecue@gmail.com", "61993223355");

INSERT INTO sisbela100.TB_PESSOA (no_pessoa, co_contato, dt_cadastro) VALUES ("Barbecue", "30", "2021-08-09 16:22:47");

INSERT INTO sisbela100.TB_EMPRESA (no_fantasia, dt_cadastro) VALUES ("Barbearia top 10", "2021-08-09 16:22:47");

INSERT INTO TB_ASSINANTE (tp_assinante, co_pessoa, co_empresa, dt_cadastro, dt_expiracao) VALUES ("M", "30", "29", "2021-08-09 16:22:47", "2021-09-09");

INSERT INTO sisbela100.TB_USUARIO (co_assinante, co_pessoa, ds_senha, ds_code, st_status, dt_cadastro) VALUES ("27", "30", "KNG1UMD7", "UzA1SE1WVk5SRGM9", "I", "2021-08-09 16:22:47");

INSERT INTO sisbela100.TB_CONTATO (ds_email, nu_tel1) VALUES ("barbecue@gmail.com", "61993223355");

INSERT INTO sisbela100.TB_PESSOA (no_pessoa, co_contato, dt_cadastro) VALUES ("Barbecue", "31", "2021-08-09 16:23:23");

INSERT INTO sisbela100.TB_EMPRESA (no_fantasia, dt_cadastro) VALUES ("Barbearia top 10", "2021-08-09 16:23:23");

INSERT INTO TB_ASSINANTE (tp_assinante, co_pessoa, co_empresa, dt_cadastro, dt_expiracao) VALUES ("M", "31", "30", "2021-08-09 16:23:23", "2021-09-09");

INSERT INTO sisbela100.TB_USUARIO (co_assinante, co_pessoa, ds_senha, ds_code, st_status, dt_cadastro) VALUES ("28", "31", "SJN4CIK9", "VTBwT05FTkpTems9", "I", "2021-08-09 16:23:23");

INSERT INTO TB_PLANO_ASSINANTE_ASSINATURA (co_plano_assinante, co_assinante, nu_filiais, nu_valor_assinatura, tp_pagamento, dt_cadastro, dt_expiracao) VALUES ("13", "28", "0", "27.97", "4", "2021-08-09 16:23:23", "2021-09-09");

INSERT INTO TB_HISTORICO_PAG_ASSINATURA (co_plano_assinante_assinatura, dt_cadastro, ds_acao, ds_usuario, st_pagamento) VALUES ("13", "2021-08-09 16:23:23", "Inicia o pagamento", "Barbecue Iniciou o pagamento", "0");

INSERT INTO sisbela100.TB_CONTATO (ds_email, nu_tel1) VALUES ("barbecue@gmail.com", "61993223355");

INSERT INTO sisbela100.TB_PESSOA (no_pessoa, co_contato, dt_cadastro) VALUES ("Barbecue", "32", "2021-08-09 16:28:15");

INSERT INTO sisbela100.TB_EMPRESA (no_fantasia, dt_cadastro) VALUES ("Barbearia top 10", "2021-08-09 16:28:15");

INSERT INTO TB_ASSINANTE (tp_assinante, co_pessoa, co_empresa, dt_cadastro, dt_expiracao) VALUES ("M", "32", "31", "2021-08-09 16:28:15", "2021-09-09");

INSERT INTO sisbela100.TB_USUARIO (co_assinante, co_pessoa, ds_senha, ds_code, st_status, dt_cadastro) VALUES ("29", "32", "CVZ9ULN8", "UTFaYU9WVk1Uamc9", "I", "2021-08-09 16:28:15");

INSERT INTO sisbela100.TB_CONTATO (ds_email, nu_tel1) VALUES ("barbecue@gmail.com", "61993223355");

INSERT INTO sisbela100.TB_PESSOA (no_pessoa, co_contato, dt_cadastro) VALUES ("Barbecue", "33", "2021-08-09 16:28:44");

INSERT INTO sisbela100.TB_EMPRESA (no_fantasia, dt_cadastro) VALUES ("Barbearia top 10", "2021-08-09 16:28:44");

INSERT INTO TB_ASSINANTE (tp_assinante, co_pessoa, co_empresa, dt_cadastro, dt_expiracao) VALUES ("M", "33", "32", "2021-08-09 16:28:44", "2021-09-09");

INSERT INTO sisbela100.TB_USUARIO (co_assinante, co_pessoa, ds_senha, ds_code, st_status, dt_cadastro) VALUES ("30", "33", "WVS9ETH3", "VjFaVE9VVlVTRE09", "I", "2021-08-09 16:28:44");

INSERT INTO TB_PLANO_ASSINANTE_ASSINATURA (co_plano_assinante, co_assinante, nu_filiais, nu_valor_assinatura, tp_pagamento, dt_cadastro, dt_expiracao) VALUES ("13", "30", "0", "27.97", "4", "2021-08-09 16:28:44", "2021-09-09");

INSERT INTO sisbela100.TB_CONTATO (ds_email, nu_tel1) VALUES ("barbecue@gmail.com", "61993223355");

INSERT INTO sisbela100.TB_PESSOA (no_pessoa, co_contato, dt_cadastro) VALUES ("Barbecue", "34", "2021-08-09 16:29:15");

INSERT INTO sisbela100.TB_EMPRESA (no_fantasia, dt_cadastro) VALUES ("Barbearia top 10", "2021-08-09 16:29:15");

INSERT INTO TB_ASSINANTE (tp_assinante, co_pessoa, co_empresa, dt_cadastro, dt_expiracao) VALUES ("M", "34", "33", "2021-08-09 16:29:15", "2021-09-09");

INSERT INTO sisbela100.TB_USUARIO (co_assinante, co_pessoa, ds_senha, ds_code, st_status, dt_cadastro) VALUES ("31", "34", "JKE2SGI2", "U2t0Rk1sTkhTVEk9", "I", "2021-08-09 16:29:15");

INSERT INTO TB_PLANO_ASSINANTE_ASSINATURA (co_plano_assinante, co_assinante, nu_filiais, nu_valor_assinatura, tp_pagamento, dt_cadastro, dt_expiracao) VALUES ("13", "31", "0", "27.97", "4", "2021-08-09 16:29:15", "2021-09-09");

INSERT INTO sisbela100.TB_CONTATO (ds_email, nu_tel1) VALUES ("barbecue@gmail.com", "61993223355");

INSERT INTO sisbela100.TB_PESSOA (no_pessoa, co_contato, dt_cadastro) VALUES ("Barbecue", "35", "2021-08-09 16:29:30");

INSERT INTO sisbela100.TB_EMPRESA (no_fantasia, dt_cadastro) VALUES ("Barbearia top 10", "2021-08-09 16:29:30");

INSERT INTO TB_ASSINANTE (tp_assinante, co_pessoa, co_empresa, dt_cadastro, dt_expiracao) VALUES ("M", "35", "34", "2021-08-09 16:29:30", "2021-09-09");

INSERT INTO sisbela100.TB_USUARIO (co_assinante, co_pessoa, ds_senha, ds_code, st_status, dt_cadastro) VALUES ("32", "35", "XLD4HYK1", "V0V4RU5FaFpTekU9", "I", "2021-08-09 16:29:30");

INSERT INTO TB_PLANO_ASSINANTE_ASSINATURA (co_plano_assinante, co_assinante, nu_filiais, nu_valor_assinatura, tp_pagamento, dt_cadastro, dt_expiracao) VALUES ("13", "32", "0", "27.97", "4", "2021-08-09 16:29:30", "2021-09-09");

INSERT INTO TB_HISTORICO_PAG_ASSINATURA (co_plano_assinante_assinatura, dt_cadastro, ds_acao, ds_usuario, st_pagamento) VALUES ("16", "2021-08-09 16:29:30", "Inicia o pagamento", "Barbecue Iniciou o pagamento", "0");

INSERT INTO sisbela100.TB_CONTATO (ds_email, nu_tel1) VALUES ("barbecue@gmail.com", "61993223355");

INSERT INTO sisbela100.TB_PESSOA (no_pessoa, co_contato, dt_cadastro) VALUES ("Barbecue", "36", "2021-08-09 16:29:44");

INSERT INTO sisbela100.TB_EMPRESA (no_fantasia, dt_cadastro) VALUES ("Barbearia top 10", "2021-08-09 16:29:44");

INSERT INTO TB_ASSINANTE (tp_assinante, co_pessoa, co_empresa, dt_cadastro, dt_expiracao) VALUES ("M", "36", "35", "2021-08-09 16:29:44", "2021-09-09");

INSERT INTO sisbela100.TB_USUARIO (co_assinante, co_pessoa, ds_senha, ds_code, st_status, dt_cadastro) VALUES ("33", "36", "CTG0IQI2", "UTFSSE1FbFJTVEk9", "I", "2021-08-09 16:29:44");

INSERT INTO TB_PLANO_ASSINANTE_ASSINATURA (co_plano_assinante, co_assinante, nu_filiais, nu_valor_assinatura, tp_pagamento, dt_cadastro, dt_expiracao) VALUES ("13", "33", "0", "27.97", "4", "2021-08-09 16:29:44", "2021-09-09");

INSERT INTO TB_HISTORICO_PAG_ASSINATURA (co_plano_assinante_assinatura, dt_cadastro, ds_acao, ds_usuario, st_pagamento) VALUES ("17", "2021-08-09 16:29:44", "Inicia o pagamento", "Barbecue Iniciou o pagamento", "0");

INSERT INTO sisbela100.TB_CONTATO (ds_email, nu_tel1) VALUES ("barbecue@gmail.com", "61993223355");

INSERT INTO sisbela100.TB_PESSOA (no_pessoa, co_contato, dt_cadastro) VALUES ("Barbecue", "37", "2021-08-09 16:29:56");

INSERT INTO sisbela100.TB_EMPRESA (no_fantasia, dt_cadastro) VALUES ("Barbearia top 10", "2021-08-09 16:29:56");

INSERT INTO TB_ASSINANTE (tp_assinante, co_pessoa, co_empresa, dt_cadastro, dt_expiracao) VALUES ("M", "37", "36", "2021-08-09 16:29:56", "2021-09-09");

INSERT INTO sisbela100.TB_USUARIO (co_assinante, co_pessoa, ds_senha, ds_code, st_status, dt_cadastro) VALUES ("34", "37", "SJV5AHG8", "VTBwV05VRklSemc9", "I", "2021-08-09 16:29:56");

INSERT INTO TB_PLANO_ASSINANTE_ASSINATURA (co_plano_assinante, co_assinante, nu_filiais, nu_valor_assinatura, tp_pagamento, dt_cadastro, dt_expiracao) VALUES ("13", "34", "0", "27.97", "4", "2021-08-09 16:29:56", "2021-09-09");

INSERT INTO TB_HISTORICO_PAG_ASSINATURA (co_plano_assinante_assinatura, dt_cadastro, ds_acao, ds_usuario, st_pagamento) VALUES ("18", "2021-08-09 16:29:56", "Inicia o pagamento", "Barbecue Iniciou o pagamento", "0");

INSERT INTO sisbela100.TB_CONTATO (ds_email, nu_tel1) VALUES ("barbecue@gmail.com", "61993223355");

INSERT INTO sisbela100.TB_PESSOA (no_pessoa, co_contato, dt_cadastro) VALUES ("Barbecue", "38", "2021-08-09 16:30:38");

INSERT INTO sisbela100.TB_EMPRESA (no_fantasia, dt_cadastro) VALUES ("Barbearia top 10", "2021-08-09 16:30:38");

INSERT INTO TB_ASSINANTE (tp_assinante, co_pessoa, co_empresa, dt_cadastro, dt_expiracao) VALUES ("M", "38", "37", "2021-08-09 16:30:38", "2021-09-09");

INSERT INTO sisbela100.TB_USUARIO (co_assinante, co_pessoa, ds_senha, ds_code, st_status, dt_cadastro) VALUES ("35", "38", "RLN9CET6", "VWt4T09VTkZWRFk9", "I", "2021-08-09 16:30:38");

INSERT INTO TB_PLANO_ASSINANTE_ASSINATURA (co_plano_assinante, co_assinante, nu_filiais, nu_valor_assinatura, tp_pagamento, dt_cadastro, dt_expiracao) VALUES ("13", "35", "0", "27.97", "4", "2021-08-09 16:30:38", "2021-09-09");

INSERT INTO TB_HISTORICO_PAG_ASSINATURA (co_plano_assinante_assinatura, dt_cadastro, ds_acao, ds_usuario, st_pagamento) VALUES ("19", "2021-08-09 16:30:38", "Inicia o pagamento", "Barbecue Iniciou o pagamento", "0");

INSERT INTO sisbela100.TB_CONTATO (ds_email, nu_tel1) VALUES ("barbecue@gmail.com", "61993223355");

INSERT INTO sisbela100.TB_PESSOA (no_pessoa, co_contato, dt_cadastro) VALUES ("Barbecue", "39", "2021-08-09 16:30:52");

INSERT INTO sisbela100.TB_EMPRESA (no_fantasia, dt_cadastro) VALUES ("Barbearia top 10", "2021-08-09 16:30:52");

INSERT INTO TB_ASSINANTE (tp_assinante, co_pessoa, co_empresa, dt_cadastro, dt_expiracao) VALUES ("M", "39", "38", "2021-08-09 16:30:52", "2021-09-09");

INSERT INTO sisbela100.TB_USUARIO (co_assinante, co_pessoa, ds_senha, ds_code, st_status, dt_cadastro) VALUES ("36", "39", "AVO9IJY7", "UVZaUE9VbEtXVGM9", "I", "2021-08-09 16:30:52");

INSERT INTO TB_PLANO_ASSINANTE_ASSINATURA (co_plano_assinante, co_assinante, nu_filiais, nu_valor_assinatura, tp_pagamento, dt_cadastro, dt_expiracao) VALUES ("13", "36", "0", "27.97", "4", "2021-08-09 16:30:52", "2021-09-09");

INSERT INTO TB_HISTORICO_PAG_ASSINATURA (co_plano_assinante_assinatura, dt_cadastro, ds_acao, ds_usuario, st_pagamento) VALUES ("20", "2021-08-09 16:30:52", "Inicia o pagamento", "Barbecue Iniciou o pagamento", "0");

INSERT INTO sisbela100.TB_CONTATO (ds_email, nu_tel1) VALUES ("barbecue@gmail.com", "61993223355");

INSERT INTO sisbela100.TB_PESSOA (no_pessoa, co_contato, dt_cadastro) VALUES ("Barbecue", "40", "2021-08-09 16:31:13");

INSERT INTO sisbela100.TB_EMPRESA (no_fantasia, dt_cadastro) VALUES ("Barbearia top 10", "2021-08-09 16:31:13");

INSERT INTO TB_ASSINANTE (tp_assinante, co_pessoa, co_empresa, dt_cadastro, dt_expiracao) VALUES ("M", "40", "39", "2021-08-09 16:31:13", "2021-09-09");

INSERT INTO sisbela100.TB_USUARIO (co_assinante, co_pessoa, ds_senha, ds_code, st_status, dt_cadastro) VALUES ("37", "40", "ZFL8GDR6", "V2taTU9FZEVValk9", "I", "2021-08-09 16:31:13");

INSERT INTO TB_PLANO_ASSINANTE_ASSINATURA (co_plano_assinante, co_assinante, nu_filiais, nu_valor_assinatura, tp_pagamento, dt_cadastro, dt_expiracao) VALUES ("13", "37", "0", "27.97", "4", "2021-08-09 16:31:13", "2021-09-09");

INSERT INTO TB_HISTORICO_PAG_ASSINATURA (co_plano_assinante_assinatura, dt_cadastro, ds_acao, ds_usuario, st_pagamento) VALUES ("21", "2021-08-09 16:31:13", "Inicia o pagamento", "Barbecue Iniciou o pagamento", "0");

INSERT INTO sisbela100.TB_CONTATO (ds_email, nu_tel1) VALUES ("barbecue@gmail.com", "61993223355");

INSERT INTO sisbela100.TB_PESSOA (no_pessoa, co_contato, dt_cadastro) VALUES ("Barbecue", "41", "2021-08-09 16:32:04");

INSERT INTO sisbela100.TB_EMPRESA (no_fantasia, dt_cadastro) VALUES ("Barbearia top 10", "2021-08-09 16:32:04");

INSERT INTO TB_ASSINANTE (tp_assinante, co_pessoa, co_empresa, dt_cadastro, dt_expiracao) VALUES ("M", "41", "40", "2021-08-09 16:32:04", "2021-09-09");

INSERT INTO sisbela100.TB_USUARIO (co_assinante, co_pessoa, ds_senha, ds_code, st_status, dt_cadastro) VALUES ("38", "41", "ABJ6FYX6", "UVVKS05rWlpXRFk9", "I", "2021-08-09 16:32:04");

INSERT INTO TB_PLANO_ASSINANTE_ASSINATURA (co_plano_assinante, co_assinante, nu_filiais, nu_valor_assinatura, tp_pagamento, dt_cadastro, dt_expiracao) VALUES ("13", "38", "0", "27.97", "4", "2021-08-09 16:32:04", "2021-09-09");

INSERT INTO TB_HISTORICO_PAG_ASSINATURA (co_plano_assinante_assinatura, dt_cadastro, ds_acao, ds_usuario, st_pagamento) VALUES ("22", "2021-08-09 16:32:04", "Inicia o pagamento", "Barbecue Iniciou o pagamento", "0");

INSERT INTO sisbela100.TB_CONTATO (ds_email, nu_tel1) VALUES ("barbecue@gmail.com", "61993223355");

INSERT INTO sisbela100.TB_PESSOA (no_pessoa, co_contato, dt_cadastro) VALUES ("Barbecue", "42", "2021-08-09 16:33:20");

INSERT INTO sisbela100.TB_EMPRESA (no_fantasia, dt_cadastro) VALUES ("Barbearia top 10", "2021-08-09 16:33:20");

INSERT INTO TB_ASSINANTE (tp_assinante, co_pessoa, co_empresa, dt_cadastro, dt_expiracao) VALUES ("M", "42", "41", "2021-08-09 16:33:20", "2021-09-09");

INSERT INTO sisbela100.TB_USUARIO (co_assinante, co_pessoa, ds_senha, ds_code, st_status, dt_cadastro) VALUES ("39", "42", "ZPU8TPB7", "V2xCVk9GUlFRamM9", "I", "2021-08-09 16:33:20");

INSERT INTO TB_PLANO_ASSINANTE_ASSINATURA (co_plano_assinante, co_assinante, nu_filiais, nu_valor_assinatura, tp_pagamento, dt_cadastro, dt_expiracao) VALUES ("13", "39", "0", "27.97", "4", "2021-08-09 16:33:20", "2021-09-09");

INSERT INTO TB_HISTORICO_PAG_ASSINATURA (co_plano_assinante_assinatura, dt_cadastro, ds_acao, ds_usuario, st_pagamento) VALUES ("23", "2021-08-09 16:33:20", "Inicia o pagamento", "Barbecue Iniciou o pagamento", "0");

INSERT INTO sisbela100.TB_CONTATO (ds_email, nu_tel1) VALUES ("barbecue@gmail.com", "61993223355");

INSERT INTO sisbela100.TB_PESSOA (no_pessoa, co_contato, dt_cadastro) VALUES ("Barbecue", "43", "2021-08-09 16:33:58");

INSERT INTO sisbela100.TB_EMPRESA (no_fantasia, dt_cadastro) VALUES ("Barbearia top 10", "2021-08-09 16:33:58");

INSERT INTO TB_ASSINANTE (tp_assinante, co_pessoa, co_empresa, dt_cadastro, dt_expiracao) VALUES ("M", "43", "42", "2021-08-09 16:33:58", "2021-09-09");

INSERT INTO sisbela100.TB_USUARIO (co_assinante, co_pessoa, ds_senha, ds_code, st_status, dt_cadastro) VALUES ("40", "43", "FLR9OKS6", "Umt4U09VOUxVelk9", "I", "2021-08-09 16:33:58");

INSERT INTO TB_PLANO_ASSINANTE_ASSINATURA (co_plano_assinante, co_assinante, nu_filiais, nu_valor_assinatura, tp_pagamento, dt_cadastro, dt_expiracao) VALUES ("13", "40", "0", "27.97", "4", "2021-08-09 16:33:58", "2021-09-09");

INSERT INTO TB_HISTORICO_PAG_ASSINATURA (co_plano_assinante_assinatura, dt_cadastro, ds_acao, ds_usuario, st_pagamento) VALUES ("24", "2021-08-09 16:33:58", "Inicia o pagamento", "Barbecue Iniciou o pagamento", "0");

INSERT INTO sisbela100.TB_CONTATO (ds_email, nu_tel1) VALUES ("barbecue@gmail.com", "61993223355");

INSERT INTO sisbela100.TB_PESSOA (no_pessoa, co_contato, dt_cadastro) VALUES ("Barbecue", "44", "2021-08-09 16:44:30");

INSERT INTO sisbela100.TB_EMPRESA (no_fantasia, dt_cadastro) VALUES ("Barbearia top 10", "2021-08-09 16:44:30");

INSERT INTO TB_ASSINANTE (tp_assinante, co_pessoa, co_empresa, dt_cadastro, dt_expiracao) VALUES ("M", "44", "43", "2021-08-09 16:44:30", "2021-09-09");

INSERT INTO sisbela100.TB_USUARIO (co_assinante, co_pessoa, ds_senha, ds_code, st_status, dt_cadastro) VALUES ("41", "44", "PPT5OEO5", "VUZCVU5VOUZUelU9", "I", "2021-08-09 16:44:30");

INSERT INTO TB_PLANO_ASSINANTE_ASSINATURA (co_plano_assinante, co_assinante, nu_filiais, nu_valor_assinatura, tp_pagamento, dt_cadastro, dt_expiracao) VALUES ("13", "41", "0", "27.97", "4", "2021-08-09 16:44:30", "2021-09-09");

INSERT INTO TB_HISTORICO_PAG_ASSINATURA (co_plano_assinante_assinatura, dt_cadastro, ds_acao, ds_usuario, st_pagamento) VALUES ("25", "2021-08-09 16:44:30", "Inicia o pagamento", "Barbecue Iniciou o pagamento", "1");

INSERT INTO sisbela100.TB_CONTATO (ds_email, nu_tel1) VALUES ("barbecue@gmail.com", "61993223355");

INSERT INTO sisbela100.TB_PESSOA (no_pessoa, co_contato, dt_cadastro) VALUES ("Barbecue", "45", "2021-08-09 16:45:01");

INSERT INTO sisbela100.TB_EMPRESA (no_fantasia, dt_cadastro) VALUES ("Barbearia top 10", "2021-08-09 16:45:01");

INSERT INTO TB_ASSINANTE (tp_assinante, co_pessoa, co_empresa, dt_cadastro, dt_expiracao) VALUES ("M", "45", "44", "2021-08-09 16:45:01", "2021-09-09");

INSERT INTO sisbela100.TB_USUARIO (co_assinante, co_pessoa, ds_senha, ds_code, st_status, dt_cadastro) VALUES ("42", "45", "NQF2FRS1", "VGxGR01rWlNVekU9", "I", "2021-08-09 16:45:01");

INSERT INTO TB_PLANO_ASSINANTE_ASSINATURA (co_plano_assinante, co_assinante, nu_filiais, nu_valor_assinatura, tp_pagamento, dt_cadastro, dt_expiracao) VALUES ("13", "42", "0", "27.97", "4", "2021-08-09 16:45:01", "2021-09-09");

INSERT INTO TB_HISTORICO_PAG_ASSINATURA (co_plano_assinante_assinatura, dt_cadastro, ds_acao, ds_usuario, st_pagamento) VALUES ("26", "2021-08-09 16:45:01", "Inicia o pagamento", "Barbecue Iniciou o pagamento", "1");

INSERT INTO sisbela100.TB_CONTATO (ds_email, nu_tel1) VALUES ("barbecue@gmail.com", "67778338883");

INSERT INTO sisbela100.TB_PESSOA (no_pessoa, co_contato, dt_cadastro) VALUES ("Barbecue novo", "46", "2021-08-09 17:10:05");

INSERT INTO sisbela100.TB_EMPRESA (no_fantasia, dt_cadastro) VALUES ("Barbearia top 10", "2021-08-09 17:10:05");

INSERT INTO TB_ASSINANTE (tp_assinante, co_pessoa, co_empresa, dt_cadastro, dt_expiracao) VALUES ("M", "46", "45", "2021-08-09 17:10:05", "2021-09-09");

INSERT INTO sisbela100.TB_USUARIO (co_assinante, co_pessoa, ds_senha, ds_code, st_status, dt_cadastro) VALUES ("43", "46", "KLG3JFF9", "UzB4SE0wcEdSams9", "I", "2021-08-09 17:10:05");

INSERT INTO TB_PLANO_ASSINANTE_ASSINATURA (co_plano_assinante, co_assinante, nu_filiais, nu_valor_assinatura, tp_pagamento, dt_cadastro, dt_expiracao) VALUES ("13", "43", "0", "27.97", "4", "2021-08-09 17:10:05", "2021-09-09");

INSERT INTO TB_HISTORICO_PAG_ASSINATURA (co_plano_assinante_assinatura, dt_cadastro, ds_acao, ds_usuario, st_pagamento) VALUES ("27", "2021-08-09 17:10:05", "Inicia o pagamento", "Barbecue novo Iniciou o pagamento", "1");

INSERT INTO sisbela100.TB_USUARIO_PERFIL (co_perfil, co_usuario) VALUES ("2", "43");

INSERT INTO sisbela100.TB_CONTATO (ds_email, nu_tel1) VALUES ("barbecue@gmail.com", "23456786655");

INSERT INTO sisbela100.TB_PESSOA (no_pessoa, co_contato, dt_cadastro) VALUES ("Marcio Braga", "47", "2021-08-09 17:14:03");

INSERT INTO sisbela100.TB_EMPRESA (no_fantasia, dt_cadastro) VALUES ("Salão novo Stylo", "2021-08-09 17:14:03");

INSERT INTO TB_ASSINANTE (tp_assinante, co_pessoa, co_empresa, dt_cadastro, dt_expiracao) VALUES ("M", "47", "46", "2021-08-09 17:14:03", "2021-09-09");

INSERT INTO sisbela100.TB_USUARIO (co_assinante, co_pessoa, ds_senha, ds_code, st_status, dt_cadastro) VALUES ("44", "47", "PYE3KGD5", "VUZsRk0wdEhSRFU9", "I", "2021-08-09 17:14:03");

INSERT INTO TB_PLANO_ASSINANTE_ASSINATURA (co_plano_assinante, co_assinante, nu_filiais, nu_valor_assinatura, tp_pagamento, dt_cadastro, dt_expiracao) VALUES ("13", "44", "0", "27.97", "4", "2021-08-09 17:14:03", "2021-09-09");

INSERT INTO TB_HISTORICO_PAG_ASSINATURA (co_plano_assinante_assinatura, dt_cadastro, ds_acao, ds_usuario, st_pagamento) VALUES ("28", "2021-08-09 17:14:03", "Inicia o pagamento", "Marcio Braga Iniciou o pagamento", "1");

INSERT INTO sisbela100.TB_USUARIO_PERFIL (co_perfil, co_usuario) VALUES ("2", "44");

