INSERT INTO sisbela.TB_CONTATO (ds_email, nu_tel1) VALUES ("sisccaug@gmail.com", "4324325342");

INSERT INTO sisbela.TB_PESSOA (no_pessoa, co_contato, dt_cadastro) VALUES ("Leo Bessa top", "71", "2021-06-16 10:38:49");

INSERT INTO sisbela.TB_EMPRESA (no_fantasia, dt_cadastro) VALUES ("Salão novo Stylo 1010", "2021-06-16 10:38:49");

INSERT INTO TB_ASSINANTE (tp_assinante, co_pessoa, co_empresa, dt_cadastro, dt_expiracao) VALUES ("M", "109", "67", "2021-06-16 10:38:49", "2021-07-16");

INSERT INTO sisbela.TB_USUARIO (co_assinante, co_pessoa, ds_senha, ds_code, st_status, dt_cadastro) VALUES ("66", "109", "EBX2BBG3", "UlVKWU1rSkNSek09", "I", "2021-06-16 10:38:49");

INSERT INTO TB_PLANO_ASSINANTE_ASSINATURA (co_plano_assinante, co_assinante, nu_filiais, nu_valor_assinatura, tp_pagamento, dt_cadastro, dt_expiracao) VALUES ("13", "66", "0", "17.00", "5", "2021-06-16 10:38:49", "2021-07-16");

INSERT INTO TB_HISTORICO_PAG_ASSINATURA (co_plano_assinante_assinatura, dt_cadastro, ds_acao, ds_usuario, st_pagamento) VALUES ("46", "2021-06-16 10:38:49", "Inicia o pagamento", "Leo Bessa top Iniciou o pagamento", "0");

INSERT INTO TB_PLANO_ASSINANTE_ASSINATURA (st_pagamento, dt_modificado, nu_valor_desconto, nu_valor_real, ds_link_boleto, ds_code_transacao, co_plano_assinante) VALUES ("1", "2021-06-16T10:38:53.000-03:00", "1.08", "15.92", "https://sandbox.pagseguro.uol.com.br/checkout/payment/booklet/print.jhtml?c=5f399ba66651b6dfe81aab1e5ad460f9666043f520c1a09acdf2c97ed3f59a2d0aa57abfd14ffed3", "3C3D03FD-8BD1-4AB9-BB94-B46DA4B90F03", "13");

INSERT INTO sisbela.TB_CONTATO (ds_email, nu_tel1) VALUES ("sisccaug@gmail.com", "57677889887");

INSERT INTO sisbela.TB_PESSOA (no_pessoa, co_contato, dt_cadastro) VALUES ("Leo Bessa top", "72", "2021-06-16 10:44:02");

INSERT INTO sisbela.TB_EMPRESA (no_fantasia, dt_cadastro) VALUES ("Salão novo Stylo 1010", "2021-06-16 10:44:02");

INSERT INTO TB_ASSINANTE (tp_assinante, co_pessoa, co_empresa, dt_cadastro, dt_expiracao) VALUES ("M", "110", "68", "2021-06-16 10:44:02", "2022-06-16");

INSERT INTO sisbela.TB_USUARIO (co_assinante, co_pessoa, ds_senha, ds_code, st_status, dt_cadastro) VALUES ("67", "110", "HDJ5CNX4", "U0VSS05VTk9XRFE9", "I", "2021-06-16 10:44:02");

INSERT INTO TB_PLANO_ASSINANTE_ASSINATURA (co_plano_assinante, co_assinante, nu_filiais, nu_valor_assinatura, tp_pagamento, dt_cadastro, dt_expiracao) VALUES ("11", "67", "0", "187.00", "5", "2021-06-16 10:44:02", "2022-06-16");

INSERT INTO TB_HISTORICO_PAG_ASSINATURA (co_plano_assinante_assinatura, dt_cadastro, ds_acao, ds_usuario, st_pagamento) VALUES ("48", "2021-06-16 10:44:02", "Inicia o pagamento", "Leo Bessa top Iniciou o pagamento", "0");

INSERT INTO sisbela.TB_CONTATO (ds_email, nu_tel1) VALUES ("sisccaug@gmail.com", "57677889887");

INSERT INTO sisbela.TB_PESSOA (no_pessoa, co_contato, dt_cadastro) VALUES ("Leo Bessa top", "73", "2021-06-16 10:44:41");

INSERT INTO sisbela.TB_EMPRESA (no_fantasia, dt_cadastro) VALUES ("Salão novo Stylo 1010", "2021-06-16 10:44:41");

INSERT INTO TB_ASSINANTE (tp_assinante, co_pessoa, co_empresa, dt_cadastro, dt_expiracao) VALUES ("M", "111", "69", "2021-06-16 10:44:41", "2022-06-16");

INSERT INTO sisbela.TB_USUARIO (co_assinante, co_pessoa, ds_senha, ds_code, st_status, dt_cadastro) VALUES ("68", "111", "MBU4RXX9", "VFVKVk5GSllXRGs9", "I", "2021-06-16 10:44:41");

INSERT INTO TB_PLANO_ASSINANTE_ASSINATURA (co_plano_assinante, co_assinante, nu_filiais, nu_valor_assinatura, tp_pagamento, dt_cadastro, dt_expiracao) VALUES ("11", "68", "0", "187.00", "5", "2021-06-16 10:44:41", "2022-06-16");

INSERT INTO TB_HISTORICO_PAG_ASSINATURA (co_plano_assinante_assinatura, dt_cadastro, ds_acao, ds_usuario, st_pagamento) VALUES ("49", "2021-06-16 10:44:41", "Inicia o pagamento", "Leo Bessa top Iniciou o pagamento", "0");

INSERT INTO TB_PLANO_ASSINANTE_ASSINATURA (st_pagamento, dt_modificado, nu_valor_desconto, nu_valor_real, ds_link_boleto, ds_code_transacao, co_plano_assinante) VALUES ("1", "2021-06-16T10:44:44.000-03:00", "7.86", "179.14", "https://sandbox.pagseguro.uol.com.br/checkout/payment/booklet/print.jhtml?c=1f98873647c5176d296eff2d2ec687b1e1d7443250b082d312f518d4abe772f289e372980cad27c2", "6E40D970-D7B1-44B1-BB7F-46212E0167F6", "11");

INSERT INTO sisbela.TB_CONTATO (ds_email, nu_tel1) VALUES ("sisccaug@gmail.com", "57677889887");

INSERT INTO sisbela.TB_PESSOA (no_pessoa, co_contato, dt_cadastro) VALUES ("Leo Bessa top", "74", "2021-06-16 10:45:43");

INSERT INTO sisbela.TB_EMPRESA (no_fantasia, dt_cadastro) VALUES ("Salão novo Stylo 1010", "2021-06-16 10:45:43");

INSERT INTO TB_ASSINANTE (tp_assinante, co_pessoa, co_empresa, dt_cadastro, dt_expiracao) VALUES ("M", "112", "70", "2021-06-16 10:45:44", "2022-06-16");

INSERT INTO sisbela.TB_USUARIO (co_assinante, co_pessoa, ds_senha, ds_code, st_status, dt_cadastro) VALUES ("69", "112", "NGS2WMN2", "VGtkVE1sZE5Uakk9", "I", "2021-06-16 10:45:44");

INSERT INTO TB_PLANO_ASSINANTE_ASSINATURA (co_plano_assinante, co_assinante, nu_filiais, nu_valor_assinatura, tp_pagamento, dt_cadastro, dt_expiracao) VALUES ("11", "69", "0", "187.00", "5", "2021-06-16 10:45:44", "2022-06-16");

INSERT INTO TB_HISTORICO_PAG_ASSINATURA (co_plano_assinante_assinatura, dt_cadastro, ds_acao, ds_usuario, st_pagamento) VALUES ("51", "2021-06-16 10:45:44", "Inicia o pagamento", "Leo Bessa top Iniciou o pagamento", "0");

INSERT INTO TB_PLANO_ASSINANTE_ASSINATURA (st_pagamento, dt_modificado, nu_valor_desconto, nu_valor_real, ds_link_boleto, ds_code_transacao, co_plano_assinante) VALUES ("1", "2021-06-16T10:45:47.000-03:00", "7.86", "179.14", "https://sandbox.pagseguro.uol.com.br/checkout/payment/booklet/print.jhtml?c=e956892fe0fda9699b320365c3e8b01a81e128485dd9cd1e5385a5c614daf6ae9d4a1156a5359a5a", "4B5EDC38-655B-4D94-A5FE-60C7A3D4912C", "11");

INSERT INTO sisbela.TB_CONTATO (ds_email, nu_tel1) VALUES ("sisccaug@gmail.com", "57677889887");

INSERT INTO sisbela.TB_PESSOA (no_pessoa, co_contato, dt_cadastro) VALUES ("Leo Bessa top", "75", "2021-06-16 10:47:25");

INSERT INTO sisbela.TB_EMPRESA (no_fantasia, dt_cadastro) VALUES ("Salão novo Stylo 1010", "2021-06-16 10:47:25");

INSERT INTO TB_ASSINANTE (tp_assinante, co_pessoa, co_empresa, dt_cadastro, dt_expiracao) VALUES ("M", "113", "71", "2021-06-16 10:47:25", "2022-06-16");

INSERT INTO sisbela.TB_USUARIO (co_assinante, co_pessoa, ds_senha, ds_code, st_status, dt_cadastro) VALUES ("70", "113", "NYT6NRR5", "VGxsVU5rNVNValU9", "I", "2021-06-16 10:47:25");

INSERT INTO TB_PLANO_ASSINANTE_ASSINATURA (co_plano_assinante, co_assinante, nu_filiais, nu_valor_assinatura, tp_pagamento, dt_cadastro, dt_expiracao) VALUES ("11", "70", "0", "187.00", "5", "2021-06-16 10:47:25", "2022-06-16");

INSERT INTO TB_HISTORICO_PAG_ASSINATURA (co_plano_assinante_assinatura, dt_cadastro, ds_acao, ds_usuario, st_pagamento) VALUES ("53", "2021-06-16 10:47:25", "Inicia o pagamento", "Leo Bessa top Iniciou o pagamento", "0");

INSERT INTO sisbela.TB_CONTATO (ds_email, nu_tel1) VALUES ("sisccaug@gmail.com", "57677889887");

INSERT INTO sisbela.TB_PESSOA (no_pessoa, co_contato, dt_cadastro) VALUES ("Leo Bessa top", "76", "2021-06-16 10:47:43");

INSERT INTO sisbela.TB_EMPRESA (no_fantasia, dt_cadastro) VALUES ("Salão novo Stylo 1010", "2021-06-16 10:47:43");

INSERT INTO TB_ASSINANTE (tp_assinante, co_pessoa, co_empresa, dt_cadastro, dt_expiracao) VALUES ("M", "114", "72", "2021-06-16 10:47:43", "2022-06-16");

INSERT INTO sisbela.TB_USUARIO (co_assinante, co_pessoa, ds_senha, ds_code, st_status, dt_cadastro) VALUES ("71", "114", "JQL2ZWJ7", "U2xGTU1scFhTamM9", "I", "2021-06-16 10:47:43");

INSERT INTO TB_PLANO_ASSINANTE_ASSINATURA (co_plano_assinante, co_assinante, nu_filiais, nu_valor_assinatura, tp_pagamento, dt_cadastro, dt_expiracao) VALUES ("11", "71", "0", "187.00", "5", "2021-06-16 10:47:43", "2022-06-16");

INSERT INTO TB_HISTORICO_PAG_ASSINATURA (co_plano_assinante_assinatura, dt_cadastro, ds_acao, ds_usuario, st_pagamento) VALUES ("54", "2021-06-16 10:47:43", "Inicia o pagamento", "Leo Bessa top Iniciou o pagamento", "0");

INSERT INTO sisbela.TB_CONTATO (ds_email, nu_tel1) VALUES ("sisccaug@gmail.com", "57677889887");

INSERT INTO sisbela.TB_PESSOA (no_pessoa, co_contato, dt_cadastro) VALUES ("Leo Bessa top", "77", "2021-06-16 10:50:19");

INSERT INTO sisbela.TB_EMPRESA (no_fantasia, dt_cadastro) VALUES ("Salão novo Stylo 1010", "2021-06-16 10:50:19");

INSERT INTO TB_ASSINANTE (tp_assinante, co_pessoa, co_empresa, dt_cadastro, dt_expiracao) VALUES ("M", "115", "73", "2021-06-16 10:50:19", "2022-06-16");

INSERT INTO sisbela.TB_USUARIO (co_assinante, co_pessoa, ds_senha, ds_code, st_status, dt_cadastro) VALUES ("72", "115", "CDR6JPO1", "UTBSU05rcFFUekU9", "I", "2021-06-16 10:50:19");

INSERT INTO TB_PLANO_ASSINANTE_ASSINATURA (co_plano_assinante, co_assinante, nu_filiais, nu_valor_assinatura, tp_pagamento, dt_cadastro, dt_expiracao) VALUES ("11", "72", "0", "187.00", "5", "2021-06-16 10:50:19", "2022-06-16");

INSERT INTO TB_HISTORICO_PAG_ASSINATURA (co_plano_assinante_assinatura, dt_cadastro, ds_acao, ds_usuario, st_pagamento) VALUES ("55", "2021-06-16 10:50:19", "Inicia o pagamento", "Leo Bessa top Iniciou o pagamento", "0");

INSERT INTO sisbela.TB_CONTATO (ds_email, nu_tel1) VALUES ("sisccaug@gmail.com", "57677889887");

INSERT INTO sisbela.TB_PESSOA (no_pessoa, co_contato, dt_cadastro) VALUES ("Leo Bessa top", "78", "2021-06-16 10:50:30");

INSERT INTO sisbela.TB_EMPRESA (no_fantasia, dt_cadastro) VALUES ("Salão novo Stylo 1010", "2021-06-16 10:50:30");

INSERT INTO TB_ASSINANTE (tp_assinante, co_pessoa, co_empresa, dt_cadastro, dt_expiracao) VALUES ("M", "116", "74", "2021-06-16 10:50:30", "2022-06-16");

INSERT INTO sisbela.TB_USUARIO (co_assinante, co_pessoa, ds_senha, ds_code, st_status, dt_cadastro) VALUES ("73", "116", "ZFC5CBF7", "V2taRE5VTkNSamM9", "I", "2021-06-16 10:50:30");

INSERT INTO TB_PLANO_ASSINANTE_ASSINATURA (co_plano_assinante, co_assinante, nu_filiais, nu_valor_assinatura, tp_pagamento, dt_cadastro, dt_expiracao) VALUES ("11", "73", "0", "187.00", "5", "2021-06-16 10:50:30", "2022-06-16");

INSERT INTO TB_HISTORICO_PAG_ASSINATURA (co_plano_assinante_assinatura, dt_cadastro, ds_acao, ds_usuario, st_pagamento) VALUES ("56", "2021-06-16 10:50:30", "Inicia o pagamento", "Leo Bessa top Iniciou o pagamento", "0");

UPDATE TB_PLANO_ASSINANTE_ASSINATURA SET st_pagamento = "1", dt_modificado = "2021-06-16T10:50:34.000-03:00", nu_valor_desconto = "7.86", nu_valor_real = "179.14", ds_link_boleto = "https://sandbox.pagseguro.uol.com.br/checkout/payment/booklet/print.jhtml?c=b9790c377b5e9f29538fb9ff529a1c9a77efff6736966ac20892ce777db47cacea4abece8c785d29", ds_code_transacao = "6217A281-8433-4CEB-A64C-63FE09F4216A", co_plano_assinante = "11" where co_plano_assinante_assinatura = 56;

INSERT INTO sisbela.TB_CONTATO (ds_email, nu_tel1) VALUES ("sisccaug@gmail.com", "57677889887");

INSERT INTO sisbela.TB_PESSOA (no_pessoa, co_contato, dt_cadastro) VALUES ("Leo Bessa top", "79", "2021-06-16 10:52:05");

INSERT INTO sisbela.TB_EMPRESA (no_fantasia, dt_cadastro) VALUES ("Salão novo Stylo 1010", "2021-06-16 10:52:05");

INSERT INTO TB_ASSINANTE (tp_assinante, co_pessoa, co_empresa, dt_cadastro, dt_expiracao) VALUES ("M", "117", "75", "2021-06-16 10:52:05", "2022-06-16");

INSERT INTO sisbela.TB_USUARIO (co_assinante, co_pessoa, ds_senha, ds_code, st_status, dt_cadastro) VALUES ("74", "117", "GQE8WKR4", "UjFGRk9GZExValE9", "I", "2021-06-16 10:52:05");

INSERT INTO TB_PLANO_ASSINANTE_ASSINATURA (co_plano_assinante, co_assinante, nu_filiais, nu_valor_assinatura, tp_pagamento, dt_cadastro, dt_expiracao) VALUES ("11", "74", "0", "187.00", "5", "2021-06-16 10:52:05", "2022-06-16");

INSERT INTO TB_HISTORICO_PAG_ASSINATURA (co_plano_assinante_assinatura, dt_cadastro, ds_acao, ds_usuario, st_pagamento) VALUES ("57", "2021-06-16 10:52:05", "Inicia o pagamento", "Leo Bessa top Iniciou o pagamento", "0");

INSERT INTO TB_PLANO_ASSINANTE_ASSINATURA (st_pagamento, dt_modificado, nu_valor_desconto, nu_valor_real, ds_link_boleto, ds_code_transacao, co_plano_assinante) VALUES ("", "", "", "", "", "", "11");

INSERT INTO TB_HISTORICO_PAG_ASSINATURA (co_plano_assinante_assinatura, dt_cadastro, ds_acao, ds_usuario, st_pagamento) VALUES ("0", "", "Mudou o Status do pagamento para ", "Retorno da operadora do pagamento", "");

INSERT INTO sisbela.TB_USUARIO_PERFIL (co_perfil, co_usuario) VALUES ("2", "78");

INSERT INTO sisbela.TB_CONTATO (ds_email, nu_tel1) VALUES ("barbecue@gmail.com", "32445435356");

INSERT INTO sisbela.TB_PESSOA (no_pessoa, co_contato, dt_cadastro) VALUES ("Barbecue", "80", "2021-06-16 10:55:43");

INSERT INTO sisbela.TB_EMPRESA (no_fantasia, dt_cadastro) VALUES ("Barbearia top 10", "2021-06-16 10:55:43");

INSERT INTO TB_ASSINANTE (tp_assinante, co_pessoa, co_empresa, dt_cadastro, dt_expiracao) VALUES ("M", "118", "76", "2021-06-16 10:55:43", "2021-07-16");

INSERT INTO sisbela.TB_USUARIO (co_assinante, co_pessoa, ds_senha, ds_code, st_status, dt_cadastro) VALUES ("75", "118", "PDS5ZUD6", "VUVSVE5WcFZSRFk9", "I", "2021-06-16 10:55:43");

INSERT INTO TB_PLANO_ASSINANTE_ASSINATURA (co_plano_assinante, co_assinante, nu_filiais, nu_valor_assinatura, tp_pagamento, dt_cadastro, dt_expiracao) VALUES ("13", "75", "0", "17.00", "5", "2021-06-16 10:55:43", "2021-07-16");

INSERT INTO TB_HISTORICO_PAG_ASSINATURA (co_plano_assinante_assinatura, dt_cadastro, ds_acao, ds_usuario, st_pagamento) VALUES ("59", "2021-06-16 10:55:43", "Inicia o pagamento", "Barbecue Iniciou o pagamento", "0");

INSERT INTO sisbela.TB_USUARIO_PERFIL (co_perfil, co_usuario) VALUES ("2", "79");

INSERT INTO sisbela.TB_CONTATO (ds_email, nu_tel1) VALUES ("barbecue@gmail.com", "65476776777");

INSERT INTO sisbela.TB_PESSOA (no_pessoa, co_contato, dt_cadastro) VALUES ("Barbecue", "81", "2021-06-16 11:02:06");

INSERT INTO sisbela.TB_EMPRESA (no_fantasia, dt_cadastro) VALUES ("Salão novo Stylo 1010", "2021-06-16 11:02:06");

INSERT INTO TB_ASSINANTE (tp_assinante, co_pessoa, co_empresa, dt_cadastro, dt_expiracao) VALUES ("M", "119", "77", "2021-06-16 11:02:06", "2022-06-16");

INSERT INTO sisbela.TB_USUARIO (co_assinante, co_pessoa, ds_senha, ds_code, st_status, dt_cadastro) VALUES ("1", "119", "CIT1MSE5", "UTBsVU1VMVRSVFU9", "I", "2021-06-16 11:02:06");

INSERT INTO TB_PLANO_ASSINANTE_ASSINATURA (co_plano_assinante, co_assinante, nu_filiais, nu_valor_assinatura, tp_pagamento, dt_cadastro, dt_expiracao) VALUES ("11", "1", "0", "187.00", "5", "2021-06-16 11:02:06", "2022-06-16");

INSERT INTO TB_HISTORICO_PAG_ASSINATURA (co_plano_assinante_assinatura, dt_cadastro, ds_acao, ds_usuario, st_pagamento) VALUES ("1", "2021-06-16 11:02:06", "Inicia o pagamento", "Barbecue Iniciou o pagamento", "0");

INSERT INTO sisbela.TB_USUARIO_PERFIL (co_perfil, co_usuario) VALUES ("2", "80");

INSERT INTO sisbela.TB_CONTATO (ds_email, nu_tel1) VALUES ("barbecue@gmail.com", "43243242445");

INSERT INTO sisbela.TB_PESSOA (no_pessoa, co_contato, dt_cadastro) VALUES ("Leo BEssa", "82", "2021-06-16 11:03:36");

INSERT INTO sisbela.TB_EMPRESA (no_fantasia, dt_cadastro) VALUES ("Salão novo Stylo 1010", "2021-06-16 11:03:36");

INSERT INTO TB_ASSINANTE (tp_assinante, co_pessoa, co_empresa, dt_cadastro, dt_expiracao) VALUES ("M", "120", "78", "2021-06-16 11:03:36", "2021-07-16");

INSERT INTO sisbela.TB_USUARIO (co_assinante, co_pessoa, ds_senha, ds_code, st_status, dt_cadastro) VALUES ("2", "120", "IIZ3KKT1", "U1VsYU0wdExWREU9", "I", "2021-06-16 11:03:36");

INSERT INTO TB_PLANO_ASSINANTE_ASSINATURA (co_plano_assinante, co_assinante, nu_filiais, nu_valor_assinatura, tp_pagamento, dt_cadastro, dt_expiracao) VALUES ("13", "2", "0", "17.00", "5", "2021-06-16 11:03:36", "2021-07-16");

INSERT INTO TB_HISTORICO_PAG_ASSINATURA (co_plano_assinante_assinatura, dt_cadastro, ds_acao, ds_usuario, st_pagamento) VALUES ("2", "2021-06-16 11:03:36", "Inicia o pagamento", "Leo BEssa Iniciou o pagamento", "0");

INSERT INTO sisbela.TB_CONTATO (ds_email, nu_tel1) VALUES ("barbecue@gmail.com", "43243242445");

INSERT INTO sisbela.TB_PESSOA (no_pessoa, co_contato, dt_cadastro) VALUES ("Leo BEssa", "83", "2021-06-16 11:04:25");

INSERT INTO sisbela.TB_EMPRESA (no_fantasia, dt_cadastro) VALUES ("Salão novo Stylo 1010", "2021-06-16 11:04:25");

INSERT INTO TB_ASSINANTE (tp_assinante, co_pessoa, co_empresa, dt_cadastro, dt_expiracao) VALUES ("M", "121", "79", "2021-06-16 11:04:25", "2021-07-16");

INSERT INTO sisbela.TB_USUARIO (co_assinante, co_pessoa, ds_senha, ds_code, st_status, dt_cadastro) VALUES ("3", "121", "MEW2GQJ0", "VFVWWE1rZFJTakE9", "I", "2021-06-16 11:04:25");

INSERT INTO TB_PLANO_ASSINANTE_ASSINATURA (co_plano_assinante, co_assinante, nu_filiais, nu_valor_assinatura, tp_pagamento, dt_cadastro, dt_expiracao) VALUES ("13", "3", "0", "17.00", "5", "2021-06-16 11:04:25", "2021-07-16");

INSERT INTO TB_HISTORICO_PAG_ASSINATURA (co_plano_assinante_assinatura, dt_cadastro, ds_acao, ds_usuario, st_pagamento) VALUES ("3", "2021-06-16 11:04:25", "Inicia o pagamento", "Leo BEssa Iniciou o pagamento", "0");

UPDATE TB_PLANO_ASSINANTE_ASSINATURA SET st_pagamento = "1", dt_modificado = "2021-06-16T11:04:28.000-03:00", nu_valor_desconto = "1.08", nu_valor_real = "15.92", ds_link_boleto = "https://sandbox.pagseguro.uol.com.br/checkout/payment/booklet/print.jhtml?c=805e382be82b0925d65f7871d8877d17453abe57846dd44ad7dda4676da9cee199fc4100b1833e81", ds_code_transacao = "5577B094-8130-4D54-84A6-8CBA5D7A2EC2", co_plano_assinante = "13" where co_plano_assinante_assinatura = 3;

INSERT INTO sisbela.TB_CONTATO (ds_email, nu_tel1) VALUES ("barbecue@gmail.com", "43243242445");

INSERT INTO sisbela.TB_PESSOA (no_pessoa, co_contato, dt_cadastro) VALUES ("Leo BEssa", "84", "2021-06-16 11:10:36");

INSERT INTO sisbela.TB_EMPRESA (no_fantasia, dt_cadastro) VALUES ("Salão novo Stylo 1010", "2021-06-16 11:10:36");

INSERT INTO TB_ASSINANTE (tp_assinante, co_pessoa, co_empresa, dt_cadastro, dt_expiracao) VALUES ("M", "122", "80", "2021-06-16 11:10:36", "2021-07-16");

INSERT INTO sisbela.TB_USUARIO (co_assinante, co_pessoa, ds_senha, ds_code, st_status, dt_cadastro) VALUES ("4", "122", "JQO5KZL1", "U2xGUE5VdGFUREU9", "I", "2021-06-16 11:10:36");

INSERT INTO TB_PLANO_ASSINANTE_ASSINATURA (co_plano_assinante, co_assinante, nu_filiais, nu_valor_assinatura, tp_pagamento, dt_cadastro, dt_expiracao) VALUES ("13", "4", "0", "17.00", "5", "2021-06-16 11:10:36", "2021-07-16");

INSERT INTO TB_HISTORICO_PAG_ASSINATURA (co_plano_assinante_assinatura, dt_cadastro, ds_acao, ds_usuario, st_pagamento) VALUES ("4", "2021-06-16 11:10:36", "Inicia o pagamento", "Leo BEssa Iniciou o pagamento", "0");

UPDATE TB_PLANO_ASSINANTE_ASSINATURA SET st_pagamento = "1", dt_modificado = "2021-06-16T11:10:40.000-03:00", nu_valor_desconto = "1.08", nu_valor_real = "15.92", ds_link_boleto = "https://sandbox.pagseguro.uol.com.br/checkout/payment/booklet/print.jhtml?c=f0d34bcb3cf53d59bbbcb14c7ef8f597e1beca06ded171ddf840922a83527ffd505609ca987b3222", ds_code_transacao = "034862E9-6BA3-47A2-B068-871BC00B80E7", co_plano_assinante = "13" where co_plano_assinante_assinatura = 4;

INSERT INTO TB_HISTORICO_PAG_ASSINATURA (co_plano_assinante_assinatura, dt_cadastro, ds_acao, ds_usuario, st_pagamento) VALUES ("4", "2021-06-16T11:10:40.000-03:00", "Mudou o Status do pagamento para Aguardando pagamento", "Retorno da operadora do pagamento", "1");

INSERT INTO sisbela.TB_USUARIO_PERFIL (co_perfil, co_usuario) VALUES ("2", "83");

INSERT INTO TB_PLANO_ASSINANTE_ASSINATURA (st_status) VALUES ("I");

UPDATE TB_ASSINANTE SET dt_expiracao = "2021-07-16" where co_assinante = 4;

INSERT INTO TB_HISTORICO_PAG_ASSINATURA (co_plano_assinante_assinatura, dt_cadastro, ds_acao, ds_usuario, st_pagamento) VALUES ("4", "2021-06-16T11:18:36.000-03:00", "Mudou o Status do pagamento para Pago ", "Retorno da operadora do pagamento", "3");

UPDATE TB_PLANO_ASSINANTE_ASSINATURA SET st_pagamento = "3", dt_modificado = "2021-06-16T11:18:36.000-03:00", dt_confirma_pagamento = "2021-06-16T11:18:36.000-03:00", st_status = "A" where co_plano_assinante_assinatura = 4;

INSERT INTO sisbela.TB_CONTATO (ds_email, nu_tel1) VALUES ("leonardomcbessa@gmail.com", "61993274991");

INSERT INTO sisbela.TB_PESSOA (no_pessoa, co_contato, dt_cadastro) VALUES ("Sou eu mesmo", "85", "2021-06-16 11:44:15");

INSERT INTO sisbela.TB_EMPRESA (no_fantasia, dt_cadastro) VALUES ("Nova Esmaltaria top", "2021-06-16 11:44:15");

INSERT INTO TB_ASSINANTE (tp_assinante, co_pessoa, co_empresa, dt_cadastro, dt_expiracao) VALUES ("M", "123", "81", "2021-06-16 11:44:15", "2021-12-16");

INSERT INTO sisbela.TB_USUARIO (co_assinante, co_pessoa, ds_senha, ds_code, st_status, dt_cadastro) VALUES ("5", "123", "MAK7GEW6", "VFVGTE4wZEZWelk9", "I", "2021-06-16 11:44:15");

INSERT INTO TB_PLANO_ASSINANTE_ASSINATURA (co_plano_assinante, co_assinante, nu_filiais, nu_valor_assinatura, tp_pagamento, dt_cadastro, dt_expiracao) VALUES ("12", "5", "0", "97.00", "5", "2021-06-16 11:44:15", "2021-12-16");

INSERT INTO TB_HISTORICO_PAG_ASSINATURA (co_plano_assinante_assinatura, dt_cadastro, ds_acao, ds_usuario, st_pagamento) VALUES ("6", "2021-06-16 11:44:15", "Inicia o pagamento", "Sou eu mesmo Iniciou o pagamento", "0");

UPDATE TB_PLANO_ASSINANTE_ASSINATURA SET st_pagamento = "1", dt_modificado = "2021-06-16T11:44:18.000-03:00", nu_valor_desconto = "4.27", nu_valor_real = "92.73", ds_link_boleto = "https://sandbox.pagseguro.uol.com.br/checkout/payment/booklet/print.jhtml?c=ab216616f2eb656b0cef63409320c9fc881fa56bba3c761f03268a5f55f7f8f1a4954e1f817c50ac", ds_code_transacao = "A06E67F6-DA5A-4C87-9F46-E91E0759CAD3", co_plano_assinante = "12" where co_plano_assinante_assinatura = 6;

INSERT INTO TB_HISTORICO_PAG_ASSINATURA (co_plano_assinante_assinatura, dt_cadastro, ds_acao, ds_usuario, st_pagamento) VALUES ("6", "2021-06-16T11:44:18.000-03:00", "Mudou o Status do pagamento para Aguardando pagamento", "Retorno da operadora do pagamento", "1");

INSERT INTO sisbela.TB_USUARIO_PERFIL (co_perfil, co_usuario) VALUES ("2", "84");

UPDATE TB_PLANO_ASSINANTE_ASSINATURA SET st_pagamento = "1", dt_modificado = "2021-06-16T11:44:18.000-03:00" where co_plano_assinante_assinatura = 6;

INSERT INTO TB_PLANO_ASSINANTE_ASSINATURA (st_status) VALUES ("I");

UPDATE TB_ASSINANTE SET dt_expiracao = "2021-12-16" where co_assinante = 5;

INSERT INTO TB_HISTORICO_PAG_ASSINATURA (co_plano_assinante_assinatura, dt_cadastro, ds_acao, ds_usuario, st_pagamento) VALUES ("6", "2021-06-16T11:46:25.000-03:00", "Mudou o Status do pagamento para Pago ", "Retorno da operadora do pagamento", "3");

UPDATE TB_PLANO_ASSINANTE_ASSINATURA SET st_pagamento = "3", dt_modificado = "2021-06-16T11:46:25.000-03:00", dt_confirma_pagamento = "2021-06-16T11:46:25.000-03:00", st_status = "A" where co_plano_assinante_assinatura = 6;

