INSERT INTO TB_AGENDA (dt_cadastro, co_assinante) VALUES ("2020-04-07 11:48:49", "5");

INSERT INTO TB_PESSOA (no_pessoa) VALUES ("O Cara 33");

INSERT INTO TB_PROFISSIONAL (co_pessoa, dt_cadastro, co_assinante) VALUES ("13", "2020-04-07 11:48:49", "5");

INSERT INTO TB_PESSOA (no_pessoa) VALUES ("Juju 333");

INSERT INTO TB_CLIENTE (co_pessoa, dt_cadastro, co_assinante) VALUES ("14", "2020-04-07 11:48:49", "5");

INSERT INTO TB_SERVICO (no_servico, dt_cadastro, co_assinante) VALUES ("Penteado afro  333 ", "2020-04-07 11:48:49", "5");

INSERT INTO TB_STATUS_AGENDA (co_agenda, dt_cadastro, st_status, dt_inicio_agenda, dt_fim_agenda, nu_valor, nu_duracao, ds_observacao, co_usuario, co_profissional, co_cliente, co_servico) VALUES ("4", "2020-04-07 11:48:49", "1", "2020-04-08 08:00:00", "2020-04-08 18:00:00", "0", "0", "htr trh trh", "6", "3", "3", "2");

INSERT INTO TB_AGENDA (dt_cadastro, co_assinante) VALUES ("2020-04-07 11:49:18", "5");

INSERT INTO TB_PESSOA (no_pessoa) VALUES ("O Cara 33");

INSERT INTO TB_PROFISSIONAL (co_pessoa, dt_cadastro, co_assinante) VALUES ("15", "2020-04-07 11:49:18", "5");

INSERT INTO TB_PESSOA (no_pessoa) VALUES ("Juju 333");

INSERT INTO TB_CLIENTE (co_pessoa, dt_cadastro, co_assinante) VALUES ("16", "2020-04-07 11:49:18", "5");

INSERT INTO TB_SERVICO (no_servico, dt_cadastro, co_assinante) VALUES ("Penteado afro  333", "2020-04-07 11:49:18", "5");

INSERT INTO TB_STATUS_AGENDA (co_agenda, dt_cadastro, st_status, dt_inicio_agenda, dt_fim_agenda, nu_valor, nu_duracao, ds_observacao, co_usuario, co_profissional, co_cliente, co_servico) VALUES ("5", "2020-04-07 11:49:18", "1", "2020-04-14 08:00:00", "2020-04-14 18:00:00", "0", "0", "gg er greg r eg", "6", "4", "4", "3");

INSERT INTO TB_AGENDA (dt_cadastro, co_assinante) VALUES ("2020-04-07 12:02:04", "5");

INSERT INTO TB_PESSOA (no_pessoa) VALUES ("O Cara 33");

INSERT INTO TB_PROFISSIONAL (co_pessoa, dt_cadastro, co_assinante) VALUES ("17", "2020-04-07 12:02:04", "5");

INSERT INTO TB_PESSOA (no_pessoa) VALUES ("Juju 333");

INSERT INTO TB_CLIENTE (co_pessoa, dt_cadastro, co_assinante) VALUES ("18", "2020-04-07 12:02:04", "5");

INSERT INTO TB_SERVICO (no_servico, dt_cadastro, co_assinante) VALUES ("Penteado afro  333", "2020-04-07 12:02:04", "5");

INSERT INTO TB_STATUS_AGENDA (co_agenda, dt_cadastro, st_status, dt_inicio_agenda, dt_fim_agenda, nu_valor, nu_duracao, ds_observacao, co_usuario, co_profissional, co_cliente, co_servico) VALUES ("6", "2020-04-07 12:02:04", "1", "2020-04-22 08:00:00", "2020-04-22 18:00:00", "0", "0", "re gre gr eh", "6", "5", "5", "4");

INSERT INTO TB_AGENDA (dt_cadastro, co_assinante) VALUES ("2020-04-07 12:02:48", "5");

INSERT INTO TB_PESSOA (no_pessoa) VALUES ("O Cara 33");

INSERT INTO TB_PROFISSIONAL (co_pessoa, dt_cadastro, co_assinante) VALUES ("19", "2020-04-07 12:02:48", "5");

INSERT INTO TB_PESSOA (no_pessoa) VALUES ("Juju 333");

INSERT INTO TB_CLIENTE (co_pessoa, dt_cadastro, co_assinante) VALUES ("20", "2020-04-07 12:02:48", "5");

INSERT INTO TB_SERVICO (no_servico, dt_cadastro, co_assinante) VALUES ("Penteado afro  333", "2020-04-07 12:02:48", "5");

INSERT INTO TB_STATUS_AGENDA (co_agenda, dt_cadastro, st_status, dt_inicio_agenda, dt_fim_agenda, nu_valor, nu_duracao, ds_observacao, co_usuario, co_profissional, co_cliente, co_servico) VALUES ("7", "2020-04-07 12:02:48", "1", "2020-04-22 08:00:00", "2020-04-22 18:00:00", "0", "0", "re gre gr eh", "6", "6", "6", "5");

INSERT INTO TB_AGENDA (dt_cadastro, co_assinante) VALUES ("2020-04-07 12:03:20", "5");

INSERT INTO TB_PESSOA (no_pessoa) VALUES ("O Cara 33");

INSERT INTO TB_PROFISSIONAL (co_pessoa, dt_cadastro, co_assinante) VALUES ("21", "2020-04-07 12:03:20", "5");

INSERT INTO TB_PESSOA (no_pessoa) VALUES ("Juju 333");

INSERT INTO TB_CLIENTE (co_pessoa, dt_cadastro, co_assinante) VALUES ("22", "2020-04-07 12:03:20", "5");

INSERT INTO TB_SERVICO (no_servico, dt_cadastro, co_assinante) VALUES ("Penteado afro  333", "2020-04-07 12:03:20", "5");

INSERT INTO TB_STATUS_AGENDA (co_agenda, dt_cadastro, st_status, dt_inicio_agenda, dt_fim_agenda, nu_valor, nu_duracao, ds_observacao, co_usuario, co_profissional, co_cliente, co_servico) VALUES ("8", "2020-04-07 12:03:20", "1", "2020-03-31 08:00:00", "2020-03-31 18:00:00", "0", "0", "g erg re g gre", "6", "7", "7", "6");

INSERT INTO TB_AGENDA (dt_cadastro, co_assinante) VALUES ("2020-04-07 12:08:46", "5");

INSERT INTO TB_PESSOA (no_pessoa) VALUES ("O Cara 33");

INSERT INTO TB_PROFISSIONAL (co_pessoa, dt_cadastro, co_assinante) VALUES ("23", "2020-04-07 12:08:46", "5");

INSERT INTO TB_PESSOA (no_pessoa) VALUES ("Juju 333");

INSERT INTO TB_CLIENTE (co_pessoa, dt_cadastro, co_assinante) VALUES ("24", "2020-04-07 12:08:46", "5");

INSERT INTO TB_SERVICO (no_servico, dt_cadastro, co_assinante) VALUES ("Penteado afro  333", "2020-04-07 12:08:46", "5");

INSERT INTO TB_STATUS_AGENDA (co_agenda, dt_cadastro, st_status, dt_inicio_agenda, dt_fim_agenda, nu_valor, nu_duracao, ds_observacao, co_usuario, co_profissional, co_cliente, co_servico) VALUES ("9", "2020-04-07 12:08:46", "3", "2020-04-15 08:00:00", "2020-04-15 18:00:00", "0", "0", "t ytryh 65ju k tjk", "6", "8", "8", "7");

INSERT INTO TB_AGENDA (dt_cadastro, co_assinante) VALUES ("2020-04-07 13:06:58", "5");

INSERT INTO TB_PESSOA (no_pessoa) VALUES ("O Cara 33");

INSERT INTO TB_PROFISSIONAL (co_pessoa, dt_cadastro, co_assinante) VALUES ("25", "2020-04-07 13:06:59", "5");

INSERT INTO TB_PESSOA (no_pessoa) VALUES ("Juju 333");

INSERT INTO TB_CLIENTE (co_pessoa, dt_cadastro, co_assinante) VALUES ("26", "2020-04-07 13:06:59", "5");

INSERT INTO TB_SERVICO (no_servico, dt_cadastro, co_assinante) VALUES ("Penteado afro  333", "2020-04-07 13:06:59", "5");

INSERT INTO TB_STATUS_AGENDA (co_agenda, dt_cadastro, st_status, dt_inicio_agenda, dt_fim_agenda, nu_valor, nu_duracao, ds_observacao, co_usuario, co_profissional, co_cliente, co_servico) VALUES ("10", "2020-04-07 13:06:58", "1", "2020-04-16 08:00:00", "2020-04-16 18:00:00", "0", "0", "rg eg h jy tjytjyt", "6", "9", "9", "8");

INSERT INTO TB_AGENDA (dt_cadastro, co_assinante) VALUES ("2020-04-07 13:08:32", "5");

INSERT INTO TB_PESSOA (no_pessoa) VALUES ("O Cara 33");

INSERT INTO TB_PROFISSIONAL (co_pessoa, dt_cadastro, co_assinante) VALUES ("27", "2020-04-07 13:08:32", "5");

INSERT INTO TB_PESSOA (no_pessoa) VALUES ("Juju 333");

INSERT INTO TB_CLIENTE (co_pessoa, dt_cadastro, co_assinante) VALUES ("28", "2020-04-07 13:08:32", "5");

INSERT INTO TB_SERVICO (no_servico, dt_cadastro, co_assinante) VALUES ("Penteado afro  333", "2020-04-07 13:08:32", "5");

INSERT INTO TB_STATUS_AGENDA (co_agenda, dt_cadastro, st_status, dt_inicio_agenda, dt_fim_agenda, nu_valor, nu_duracao, ds_observacao, co_usuario, co_profissional, co_cliente, co_servico) VALUES ("11", "2020-04-07 13:08:32", "1", "2020-04-16 08:00:00", "2020-04-16 18:00:00", "0", "0", "rg eg h jy tjytjyt", "6", "10", "10", "9");

INSERT INTO TB_AGENDA (dt_cadastro, co_assinante) VALUES ("2020-04-07 13:09:50", "5");

INSERT INTO TB_PESSOA (no_pessoa) VALUES ("O Cara 33");

INSERT INTO TB_PROFISSIONAL (co_pessoa, dt_cadastro, co_assinante) VALUES ("29", "2020-04-07 13:09:50", "5");

INSERT INTO TB_PESSOA (no_pessoa) VALUES ("Juju 333");

INSERT INTO TB_CLIENTE (co_pessoa, dt_cadastro, co_assinante) VALUES ("30", "2020-04-07 13:09:51", "5");

INSERT INTO TB_SERVICO (no_servico, dt_cadastro, co_assinante) VALUES ("Penteado afro  333", "2020-04-07 13:09:51", "5");

INSERT INTO TB_STATUS_AGENDA (co_agenda, dt_cadastro, st_status, dt_inicio_agenda, dt_fim_agenda, nu_valor, nu_duracao, ds_observacao, co_usuario, co_profissional, co_cliente, co_servico) VALUES ("12", "2020-04-07 13:09:50", "1", "2020-04-16 08:00:00", "2020-04-16 18:00:00", "0", "0", "rg eg h jy tjytjyt", "6", "11", "11", "10");

INSERT INTO TB_AGENDA (dt_cadastro, co_assinante) VALUES ("2020-04-07 13:11:20", "5");

INSERT INTO TB_PESSOA (no_pessoa) VALUES ("O Cara 33");

INSERT INTO TB_PROFISSIONAL (co_pessoa, dt_cadastro, co_assinante) VALUES ("31", "2020-04-07 13:11:20", "5");

INSERT INTO TB_PESSOA (no_pessoa) VALUES ("Juju 333");

INSERT INTO TB_CLIENTE (co_pessoa, dt_cadastro, co_assinante) VALUES ("32", "2020-04-07 13:11:20", "5");

INSERT INTO TB_SERVICO (no_servico, dt_cadastro, co_assinante) VALUES ("Penteado afro  333", "2020-04-07 13:11:20", "5");

INSERT INTO TB_STATUS_AGENDA (co_agenda, dt_cadastro, st_status, dt_inicio_agenda, dt_fim_agenda, nu_valor, nu_duracao, ds_observacao, co_usuario, co_profissional, co_cliente, co_servico) VALUES ("13", "2020-04-07 13:11:20", "1", "2020-04-16 08:00:00", "2020-04-16 18:00:00", "0", "0", "rg eg h jy tjytjyt", "6", "12", "12", "11");

INSERT INTO TB_AGENDA (dt_cadastro, co_assinante) VALUES ("2020-04-07 13:11:57", "5");

INSERT INTO TB_AGENDA (dt_cadastro, co_assinante) VALUES ("2020-04-07 13:12:29", "5");

INSERT INTO TB_AGENDA (dt_cadastro, co_assinante) VALUES ("2020-04-07 13:14:04", "5");

INSERT INTO TB_PESSOA (no_pessoa) VALUES ("O Cara 33");

INSERT INTO TB_PROFISSIONAL (co_pessoa, dt_cadastro, co_assinante) VALUES ("33", "2020-04-07 13:14:04", "5");

INSERT INTO TB_PESSOA (no_pessoa) VALUES ("Juju 333");

INSERT INTO TB_CLIENTE (co_pessoa, dt_cadastro, co_assinante) VALUES ("34", "2020-04-07 13:14:04", "5");

INSERT INTO TB_SERVICO (no_servico, dt_cadastro, co_assinante) VALUES ("Penteado afro  333", "2020-04-07 13:14:04", "5");

INSERT INTO TB_STATUS_AGENDA (co_agenda, dt_cadastro, st_status, dt_inicio_agenda, dt_fim_agenda, nu_valor, nu_duracao, ds_observacao, co_usuario, co_profissional, co_cliente, co_servico) VALUES ("16", "2020-04-07 13:14:04", "1", "2020-04-16 08:00:00", "2020-04-16 18:00:00", "0", "0", "rg eg h jy tjytjyt", "6", "13", "13", "12");

INSERT INTO TB_AGENDA (dt_cadastro, co_assinante) VALUES ("2020-04-07 13:14:21", "5");

INSERT INTO TB_PESSOA (no_pessoa) VALUES ("O Cara 33");

INSERT INTO TB_PROFISSIONAL (co_pessoa, dt_cadastro, co_assinante) VALUES ("35", "2020-04-07 13:14:21", "5");

INSERT INTO TB_PESSOA (no_pessoa) VALUES ("Juju 333");

INSERT INTO TB_CLIENTE (co_pessoa, dt_cadastro, co_assinante) VALUES ("36", "2020-04-07 13:14:21", "5");

INSERT INTO TB_SERVICO (no_servico, dt_cadastro, co_assinante) VALUES ("Penteado afro  333", "2020-04-07 13:14:21", "5");

INSERT INTO TB_STATUS_AGENDA (co_agenda, dt_cadastro, st_status, dt_inicio_agenda, dt_fim_agenda, nu_valor, nu_duracao, ds_observacao, co_usuario, co_profissional, co_cliente, co_servico) VALUES ("17", "2020-04-07 13:14:21", "1", "2020-04-16 08:00:00", "2020-04-16 18:00:00", "0", "0", "rg eg h jy tjytjyt", "6", "14", "14", "13");

INSERT INTO TB_ENDERECO (ds_endereco, ds_complemento, ds_bairro, nu_cep, no_cidade, sg_uf) VALUES ("", "", "", "", "", "");

UPDATE TB_CONTATO SET co_contato = "3", nu_tel1 = "61993055454", nu_tel2 = "", nu_tel3 = "", nu_tel_0800 = "", ds_email = "lucrece.neri@hotmail.com", ds_site = "", ds_facebook = "", ds_twitter = "", ds_instagram = "" where co_contato = 3;

INSERT INTO TB_IMAGEM (ds_caminho) VALUES ("lucrece-neri-portela-5e8ca7a40609e.jpg");

UPDATE TB_PESSOA SET co_pessoa = "3", nu_cpf = "", no_pessoa = "LUCRECE NERI PORTELA", nu_rg = "", dt_nascimento = "", st_sexo = "", co_contato = "3", co_endereco = "9" where co_pessoa = 3;

UPDATE TB_USUARIO SET ds_code = "TVRJek5EVTJLaW89", ds_senha = "123456**", st_status = "A", co_imagem = "11", co_pessoa = "3", co_assinante = "2" where co_usuario = 3;

INSERT INTO TB_USUARIO_PERFIL (co_perfil) VALUES ("2");

INSERT INTO TB_USUARIO_PERFIL (co_perfil) VALUES ("3");

INSERT INTO TB_AGENDA (dt_cadastro, co_assinante) VALUES ("2020-04-07 13:19:21", "2");

INSERT INTO TB_PESSOA (no_pessoa) VALUES ("O Cara 33");

INSERT INTO TB_PROFISSIONAL (co_pessoa, dt_cadastro, co_assinante) VALUES ("37", "2020-04-07 13:19:21", "2");

INSERT INTO TB_PESSOA (no_pessoa) VALUES ("Juju 333");

INSERT INTO TB_CLIENTE (co_pessoa, dt_cadastro, co_assinante) VALUES ("38", "2020-04-07 13:19:21", "2");

INSERT INTO TB_SERVICO (no_servico, dt_cadastro, co_assinante) VALUES ("Penteado afro  333", "2020-04-07 13:19:21", "2");

INSERT INTO TB_STATUS_AGENDA (co_agenda, dt_cadastro, st_status, dt_inicio_agenda, dt_fim_agenda, nu_valor, nu_duracao, ds_observacao, co_usuario, co_profissional, co_cliente, co_servico) VALUES ("18", "2020-04-07 13:19:21", "1", "2020-04-08 08:00:00", "2020-04-08 18:00:00", "0", "0", "rtf rgerh", "3", "15", "15", "14");

INSERT INTO TB_STATUS_AGENDA (co_agenda, dt_inicio_agenda, dt_fim_agenda, nu_valor, nu_duracao, co_cliente, co_profissional, co_servico, co_usuario, dt_cadastro, st_status, ds_observacao) VALUES ("8", "2020-03-31 08:00:00", "2020-03-31 18:00:00", "0.00", "0", "7", "7", "6", "1", "2020-04-08 00:00:01", "6", "Mudou para o Status (Faltou) automaticamente pelo Sistema");

INSERT INTO TB_HISTORIA (ds_titulo, ds_observacao, co_sessao, st_situacao, dt_atualizado, dt_cadastro) VALUES ("Tela Inicial", "Dados para o Assinante dados para o perfil master", "4", "N", "2020-04-08 11:37:38", "2020-04-08 11:37:38");

INSERT INTO TB_HISTORICO_HISTORIA (nu_esforco, nu_esforco_restante, dt_cadastro, co_historia) VALUES ("20", "20"_restante, "2020-04-08 11:37:38", "66");

