-- Atualizado em: 28/04/2020 19:12:38
-- AMBIENTE: http://localhost/SisBela/
-- BANCO: sisbela

CREATE DATABASE IF NOT EXISTS sisbela;

USE sisbela;

DROP TABLE IF EXISTS TB_ACESSO;


CREATE TABLE `TB_ACESSO` (
  `co_acesso` int(11) NOT NULL AUTO_INCREMENT,
  `ds_session_id` varchar(255) DEFAULT NULL,
  `dt_inicio_acesso` datetime DEFAULT NULL,
  `dt_fim_acesso` datetime DEFAULT NULL,
  `tp_situacao` varchar(1) DEFAULT NULL COMMENT 'A - Ativo / F - Finalizado',
  `co_usuario` int(10) NOT NULL,
  `co_trafego` int(11) NOT NULL,
  PRIMARY KEY (`co_acesso`,`co_usuario`,`co_trafego`)
) ENGINE=InnoDB AUTO_INCREMENT=73 DEFAULT CHARSET=utf8;


INSERT INTO TB_ACESSO VALUES("29","n5pgs4u9q8645lkd0jpu6hpug9","2020-04-04 10:20:43","2020-04-04 12:48:32","F","1","29");

INSERT INTO TB_ACESSO VALUES("30","n5pgs4u9q8645lkd0jpu6hpug9","2020-04-04 12:56:02","2020-04-04 13:26:05","F","6","30");

INSERT INTO TB_ACESSO VALUES("31","n5pgs4u9q8645lkd0jpu6hpug9","2020-04-04 13:50:24","2020-04-04 13:50:33","F","6","31");

INSERT INTO TB_ACESSO VALUES("32","n5pgs4u9q8645lkd0jpu6hpug9","2020-04-04 13:50:36","2020-04-04 13:54:43","F","1","32");

INSERT INTO TB_ACESSO VALUES("33","n5pgs4u9q8645lkd0jpu6hpug9","2020-04-04 13:54:47","2020-04-04 14:31:34","F","6","33");

INSERT INTO TB_ACESSO VALUES("34","u6jhuqsuq1mdjadj3gbih5bi07","2020-04-07 10:07:43","2020-04-07 10:34:11","F","6","34");

INSERT INTO TB_ACESSO VALUES("35","u6jhuqsuq1mdjadj3gbih5bi07","2020-04-07 10:34:18","2020-04-07 10:34:54","F","6","35");

INSERT INTO TB_ACESSO VALUES("36","u6jhuqsuq1mdjadj3gbih5bi07","2020-04-07 10:35:01","2020-04-07 10:35:25","F","8","36");

INSERT INTO TB_ACESSO VALUES("37","u6jhuqsuq1mdjadj3gbih5bi07","2020-04-07 10:35:29","2020-04-07 11:07:52","F","6","37");

INSERT INTO TB_ACESSO VALUES("38","u6jhuqsuq1mdjadj3gbih5bi07","2020-04-07 11:30:09","2020-04-07 12:42:01","F","6","38");

INSERT INTO TB_ACESSO VALUES("39","u6jhuqsuq1mdjadj3gbih5bi07","2020-04-07 13:00:13","2020-04-07 13:15:10","F","6","39");

INSERT INTO TB_ACESSO VALUES("40","u6jhuqsuq1mdjadj3gbih5bi07","2020-04-07 13:15:16","2020-04-07 13:15:32","F","1","40");

INSERT INTO TB_ACESSO VALUES("41","u6jhuqsuq1mdjadj3gbih5bi07","2020-04-07 13:16:40","2020-04-07 13:17:01","F","8","41");

INSERT INTO TB_ACESSO VALUES("42","u6jhuqsuq1mdjadj3gbih5bi07","2020-04-07 13:17:07","2020-04-07 13:17:43","F","1","42");

INSERT INTO TB_ACESSO VALUES("43","u6jhuqsuq1mdjadj3gbih5bi07","2020-04-07 13:17:48","2020-04-07 13:18:04","F","1","43");

INSERT INTO TB_ACESSO VALUES("44","u6jhuqsuq1mdjadj3gbih5bi07","2020-04-07 13:18:08","2020-04-07 13:38:11","F","3","44");

INSERT INTO TB_ACESSO VALUES("45","u6jhuqsuq1mdjadj3gbih5bi07","2020-04-07 13:38:16","2020-04-07 14:10:39","F","6","45");

INSERT INTO TB_ACESSO VALUES("46","u6jhuqsuq1mdjadj3gbih5bi07","2020-04-07 14:10:50","2020-04-07 14:30:24","F","1","46");

INSERT INTO TB_ACESSO VALUES("47","u6jhuqsuq1mdjadj3gbih5bi07","2020-04-07 14:30:30","2020-04-07 15:00:42","F","6","47");

INSERT INTO TB_ACESSO VALUES("48","u6jhuqsuq1mdjadj3gbih5bi07","2020-04-07 15:17:37","2020-04-07 15:54:48","F","1","48");

INSERT INTO TB_ACESSO VALUES("49","qln9ft9qn6adf7d8ibd8f26tql","2020-04-08 11:36:29","2020-04-08 12:31:39","F","1","49");

INSERT INTO TB_ACESSO VALUES("50","2s2f8guc6o6d2vt77mpemee68c","2020-04-08 15:12:55","2020-04-08 15:25:20","F","1","50");

INSERT INTO TB_ACESSO VALUES("51","gu6v92b95hvhg6a1k4gohajr7k","2020-04-08 15:31:33","2020-04-08 15:42:22","F","6","51");

INSERT INTO TB_ACESSO VALUES("52","gu6v92b95hvhg6a1k4gohajr7k","2020-04-08 15:42:26","2020-04-08 15:42:38","F","3","52");

INSERT INTO TB_ACESSO VALUES("53","gu6v92b95hvhg6a1k4gohajr7k","2020-04-08 15:42:42","2020-04-08 16:21:21","F","1","53");

INSERT INTO TB_ACESSO VALUES("54","gu6v92b95hvhg6a1k4gohajr7k","2020-04-08 16:21:26","2020-04-08 17:11:11","F","6","54");

INSERT INTO TB_ACESSO VALUES("55","kiger6l5glm7fm4tr1230u2lgp","2020-04-09 11:52:51","2020-04-09 11:53:08","F","1","55");

INSERT INTO TB_ACESSO VALUES("56","kiger6l5glm7fm4tr1230u2lgp","2020-04-09 11:54:31","2020-04-09 11:54:45","F","1","56");

INSERT INTO TB_ACESSO VALUES("57","kiger6l5glm7fm4tr1230u2lgp","2020-04-09 11:55:06","2020-04-09 11:55:18","F","1","57");

INSERT INTO TB_ACESSO VALUES("58","kiger6l5glm7fm4tr1230u2lgp","2020-04-09 11:55:36","2020-04-09 11:55:47","F","1","58");

INSERT INTO TB_ACESSO VALUES("59","kiger6l5glm7fm4tr1230u2lgp","2020-04-09 11:57:35","2020-04-09 11:57:44","F","1","59");

INSERT INTO TB_ACESSO VALUES("60","kiger6l5glm7fm4tr1230u2lgp","2020-04-09 11:59:16","2020-04-09 11:59:28","F","1","60");

INSERT INTO TB_ACESSO VALUES("61","658t1dqq03g61v3v3mh0ht2l21","2020-04-09 15:17:21","2020-04-09 15:35:15","F","1","61");

INSERT INTO TB_ACESSO VALUES("62","658t1dqq03g61v3v3mh0ht2l21","2020-04-09 15:58:06","2020-04-09 17:44:03","F","1","62");

INSERT INTO TB_ACESSO VALUES("63","q5a9f075b4mr351mb09cg2ik26","2020-04-11 18:20:01","2020-04-11 19:08:00","F","1","63");

INSERT INTO TB_ACESSO VALUES("64","8ovp7ugql6vhuvn09mmhoo8dn8","2020-04-13 15:21:04","2020-04-13 17:01:18","F","1","64");

INSERT INTO TB_ACESSO VALUES("65","8ovp7ugql6vhuvn09mmhoo8dn8","2020-04-13 17:01:22","2020-04-13 17:31:29","F","1","65");

INSERT INTO TB_ACESSO VALUES("66","8ovp7ugql6vhuvn09mmhoo8dn8","2020-04-13 17:43:13","2020-04-13 18:13:20","F","1","66");

INSERT INTO TB_ACESSO VALUES("67","ulfdjp40392krvag0t24qct895","2020-04-15 06:15:13","2020-04-15 07:33:58","F","1","67");

INSERT INTO TB_ACESSO VALUES("68","ulfdjp40392krvag0t24qct895","2020-04-15 07:34:03","2020-04-15 08:09:56","F","1","68");

INSERT INTO TB_ACESSO VALUES("69","ulfdjp40392krvag0t24qct895","2020-04-15 08:30:00","2020-04-15 09:17:39","F","1","69");

INSERT INTO TB_ACESSO VALUES("70","7ujj71cogats28vbc6hi7c2pn4","2020-04-15 10:44:30","2020-04-15 11:36:56","F","1","70");

INSERT INTO TB_ACESSO VALUES("71","7ujj71cogats28vbc6hi7c2pn4","2020-04-15 11:59:59","2020-04-15 12:31:00","F","1","71");

INSERT INTO TB_ACESSO VALUES("72","apsf1h4dh3hn5b85lobrn40c0i","2020-04-28 19:12:37","2020-04-28 19:42:37","A","1","72");




DROP TABLE IF EXISTS TB_AGENDA;


CREATE TABLE `TB_AGENDA` (
  `co_agenda` int(11) NOT NULL AUTO_INCREMENT,
  `ds_motivo` text DEFAULT NULL,
  `dt_cadastro` datetime DEFAULT NULL,
  `co_assinante` int(11) NOT NULL,
  PRIMARY KEY (`co_agenda`,`co_assinante`)
) ENGINE=InnoDB AUTO_INCREMENT=19 DEFAULT CHARSET=utf8;


INSERT INTO TB_AGENDA VALUES("1","","2020-03-25 16:37:38","5");

INSERT INTO TB_AGENDA VALUES("2","fd gfdh hhhh","2020-03-25 16:47:42","5");

INSERT INTO TB_AGENDA VALUES("3","","2020-03-25 16:58:31","5");

INSERT INTO TB_AGENDA VALUES("4","","2020-04-07 11:48:49","5");

INSERT INTO TB_AGENDA VALUES("5","","2020-04-07 11:49:18","5");

INSERT INTO TB_AGENDA VALUES("6","","2020-04-07 12:02:04","5");

INSERT INTO TB_AGENDA VALUES("7","","2020-04-07 12:02:48","5");

INSERT INTO TB_AGENDA VALUES("8","","2020-04-07 12:03:20","5");

INSERT INTO TB_AGENDA VALUES("9","","2020-04-07 12:08:46","5");

INSERT INTO TB_AGENDA VALUES("10","","2020-04-07 13:06:58","5");

INSERT INTO TB_AGENDA VALUES("11","","2020-04-07 13:08:32","5");

INSERT INTO TB_AGENDA VALUES("12","","2020-04-07 13:09:50","5");

INSERT INTO TB_AGENDA VALUES("17","","2020-04-07 13:14:21","5");

INSERT INTO TB_AGENDA VALUES("18","","2020-04-07 13:19:21","2");




DROP TABLE IF EXISTS TB_ANOTACAO;


CREATE TABLE `TB_ANOTACAO` (
  `co_anotacao` int(11) NOT NULL AUTO_INCREMENT,
  `dt_cadastro` datetime DEFAULT NULL,
  `ds_observacao` text DEFAULT NULL,
  `ds_titulo` varchar(80) DEFAULT NULL,
  `co_historia` int(11) NOT NULL,
  PRIMARY KEY (`co_anotacao`,`co_historia`)
) ENGINE=InnoDB DEFAULT CHARSET=utf8;





DROP TABLE IF EXISTS TB_ASSINANTE;


CREATE TABLE `TB_ASSINANTE` (
  `co_assinante` int(11) NOT NULL AUTO_INCREMENT,
  `dt_cadastro` datetime DEFAULT NULL,
  `dt_expiracao` date DEFAULT NULL COMMENT 'Data da expiração de utilização do sistema',
  `st_dados_complementares` varchar(1) DEFAULT 'N' COMMENT 'S - Sim / N - Não',
  `st_status` varchar(1) DEFAULT 'A' COMMENT 'A - Ativo / I - inativo',
  `tp_assinante` varchar(1) DEFAULT 'M' COMMENT 'M  - Matriz / F - Filial',
  `co_empresa` int(11) NOT NULL,
  `co_pessoa` int(11) NOT NULL COMMENT 'Responsável pelo Assinante',
  PRIMARY KEY (`co_assinante`,`co_empresa`,`co_pessoa`)
) ENGINE=InnoDB AUTO_INCREMENT=14 DEFAULT CHARSET=utf8;


INSERT INTO TB_ASSINANTE VALUES("1","2020-03-25 12:09:13","2020-04-09","N","A","M","1","2");

INSERT INTO TB_ASSINANTE VALUES("2","2020-03-25 12:17:19","2020-04-09","N","A","M","2","3");

INSERT INTO TB_ASSINANTE VALUES("3","2020-03-25 12:53:31","2020-04-09","N","A","M","3","4");

INSERT INTO TB_ASSINANTE VALUES("4","2020-03-25 12:57:07","2020-04-09","N","A","M","4","5");

INSERT INTO TB_ASSINANTE VALUES("5","2020-03-25 13:03:39","2020-04-09","S","A","M","5","6");

INSERT INTO TB_ASSINANTE VALUES("6","2020-04-11 18:20:44","2020-04-26","N","A","M","6","39");

INSERT INTO TB_ASSINANTE VALUES("7","2020-04-15 10:44:55","2020-04-30","N","A","M","7","40");

INSERT INTO TB_ASSINANTE VALUES("8","2020-04-15 10:50:44","2020-04-30","N","A","M","8","41");

INSERT INTO TB_ASSINANTE VALUES("9","2020-04-15 10:52:48","2020-04-30","N","A","M","9","42");

INSERT INTO TB_ASSINANTE VALUES("10","2020-04-15 10:54:18","2020-04-30","N","A","M","10","43");

INSERT INTO TB_ASSINANTE VALUES("11","2020-04-15 10:55:48","2020-04-30","N","A","M","11","44");

INSERT INTO TB_ASSINANTE VALUES("12","2020-04-15 10:57:20","2020-04-30","N","A","M","12","45");

INSERT INTO TB_ASSINANTE VALUES("13","2020-04-15 11:00:01","2020-04-30","N","A","M","13","46");




DROP TABLE IF EXISTS TB_AUDITORIA;


CREATE TABLE `TB_AUDITORIA` (
  `co_auditoria` int(11) NOT NULL AUTO_INCREMENT,
  `dt_realizado` datetime DEFAULT NULL,
  `ds_perfil_usuario` text DEFAULT NULL,
  `co_usuario` int(10) NOT NULL,
  PRIMARY KEY (`co_auditoria`,`co_usuario`)
) ENGINE=InnoDB AUTO_INCREMENT=124 DEFAULT CHARSET=utf8;


INSERT INTO TB_AUDITORIA VALUES("83","2020-04-04 13:55:19","Gestor","6");

INSERT INTO TB_AUDITORIA VALUES("84","2020-04-04 13:57:43","Gestor","6");

INSERT INTO TB_AUDITORIA VALUES("85","2020-04-04 14:01:30","Gestor","6");

INSERT INTO TB_AUDITORIA VALUES("86","2020-04-07 11:48:49","Gestor","6");

INSERT INTO TB_AUDITORIA VALUES("87","2020-04-07 11:49:18","Gestor","6");

INSERT INTO TB_AUDITORIA VALUES("88","2020-04-07 12:02:04","Gestor","6");

INSERT INTO TB_AUDITORIA VALUES("89","2020-04-07 12:02:48","Gestor","6");

INSERT INTO TB_AUDITORIA VALUES("90","2020-04-07 12:03:20","Gestor","6");

INSERT INTO TB_AUDITORIA VALUES("91","2020-04-07 12:08:46","Gestor","6");

INSERT INTO TB_AUDITORIA VALUES("92","2020-04-07 13:06:58","Gestor","6");

INSERT INTO TB_AUDITORIA VALUES("93","2020-04-07 13:08:32","Gestor","6");

INSERT INTO TB_AUDITORIA VALUES("94","2020-04-07 13:09:50","Gestor","6");

INSERT INTO TB_AUDITORIA VALUES("99","2020-04-07 13:14:21","Gestor","6");

INSERT INTO TB_AUDITORIA VALUES("100","2020-04-07 13:17:40","Master","1");

INSERT INTO TB_AUDITORIA VALUES("101","2020-04-07 13:19:21","Gestor","3");

INSERT INTO TB_AUDITORIA VALUES("102","2020-04-08 11:36:14","Usuário SisBela","1");

INSERT INTO TB_AUDITORIA VALUES("103","2020-04-08 11:37:38","Master","1");

INSERT INTO TB_AUDITORIA VALUES("104","2020-04-08 11:37:38","Master","1");

INSERT INTO TB_AUDITORIA VALUES("105","2020-04-08 16:22:53","Gestor","6");

INSERT INTO TB_AUDITORIA VALUES("106","2020-04-08 16:23:03","Gestor","6");

INSERT INTO TB_AUDITORIA VALUES("107","2020-04-09 11:52:20","Usuário SisBela","1");

INSERT INTO TB_AUDITORIA VALUES("108","2020-04-11 18:20:43","Master","1");

INSERT INTO TB_AUDITORIA VALUES("109","2020-04-15 06:15:07","Usuário SisBela","1");

INSERT INTO TB_AUDITORIA VALUES("110","2020-04-15 08:33:43","Master","1");

INSERT INTO TB_AUDITORIA VALUES("111","2020-04-15 08:39:03","Master","1");

INSERT INTO TB_AUDITORIA VALUES("112","2020-04-15 08:46:26","Master","1");

INSERT INTO TB_AUDITORIA VALUES("113","2020-04-15 08:47:39","Master","1");

INSERT INTO TB_AUDITORIA VALUES("114","2020-04-15 10:44:55","Master","1");

INSERT INTO TB_AUDITORIA VALUES("115","2020-04-15 10:50:44","Master","1");

INSERT INTO TB_AUDITORIA VALUES("116","2020-04-15 10:52:48","Master","1");

INSERT INTO TB_AUDITORIA VALUES("117","2020-04-15 10:54:18","Master","1");

INSERT INTO TB_AUDITORIA VALUES("118","2020-04-15 10:55:48","Master","1");

INSERT INTO TB_AUDITORIA VALUES("119","2020-04-15 10:57:20","Master","1");

INSERT INTO TB_AUDITORIA VALUES("120","2020-04-15 11:00:01","Master","1");

INSERT INTO TB_AUDITORIA VALUES("121","2020-04-15 11:02:24","Master","1");

INSERT INTO TB_AUDITORIA VALUES("122","2020-04-15 11:03:50","Master","1");

INSERT INTO TB_AUDITORIA VALUES("123","2020-04-15 11:06:53","Master","1");




DROP TABLE IF EXISTS TB_AUDITORIA_ITENS;


CREATE TABLE `TB_AUDITORIA_ITENS` (
  `co_auditoria_itens` int(11) NOT NULL AUTO_INCREMENT,
  `ds_item_anterior` varchar(255) DEFAULT NULL,
  `ds_item_atual` varchar(255) DEFAULT NULL,
  `ds_campo` varchar(120) DEFAULT NULL,
  `co_auditoria_tabela` int(11) NOT NULL,
  PRIMARY KEY (`co_auditoria_itens`,`co_auditoria_tabela`)
) ENGINE=InnoDB AUTO_INCREMENT=2678 DEFAULT CHARSET=utf8;


INSERT INTO TB_AUDITORIA_ITENS VALUES("1522","","2","co_suporte","213");

INSERT INTO TB_AUDITORIA_ITENS VALUES("1523","","2020-04-02 23:04:19","dt_cadastro","213");

INSERT INTO TB_AUDITORIA_ITENS VALUES("1524","","sdhfhfh5h54 h56h 5h","ds_mensagem","213");

INSERT INTO TB_AUDITORIA_ITENS VALUES("1525","","N","st_lido","213");

INSERT INTO TB_AUDITORIA_ITENS VALUES("1526","","6","co_usuario","213");

INSERT INTO TB_AUDITORIA_ITENS VALUES("1527","","9","co_imagem","213");

INSERT INTO TB_AUDITORIA_ITENS VALUES("1662","6","","co_pessoa","235");

INSERT INTO TB_AUDITORIA_ITENS VALUES("1663","12345678909","05418337157","nu_cpf","235");

INSERT INTO TB_AUDITORIA_ITENS VALUES("1664","LEO BESSA","","no_pessoa","235");

INSERT INTO TB_AUDITORIA_ITENS VALUES("1665","","","nu_rg","235");

INSERT INTO TB_AUDITORIA_ITENS VALUES("1666","2020-03-25 13:03:39","","dt_cadastro","235");

INSERT INTO TB_AUDITORIA_ITENS VALUES("1667","","","dt_nascimento","235");

INSERT INTO TB_AUDITORIA_ITENS VALUES("1668","","","st_sexo","235");

INSERT INTO TB_AUDITORIA_ITENS VALUES("1669","5","","co_endereco","235");

INSERT INTO TB_AUDITORIA_ITENS VALUES("1670","6","","co_contato","235");

INSERT INTO TB_AUDITORIA_ITENS VALUES("1671","0","","co_imagem","235");

INSERT INTO TB_AUDITORIA_ITENS VALUES("1672","6","","co_contato","236");

INSERT INTO TB_AUDITORIA_ITENS VALUES("1673","7855522225","6199552332","nu_tel1","236");

INSERT INTO TB_AUDITORIA_ITENS VALUES("1674","11999999999","","nu_tel2","236");

INSERT INTO TB_AUDITORIA_ITENS VALUES("1675","","","nu_tel3","236");

INSERT INTO TB_AUDITORIA_ITENS VALUES("1676","","","nu_tel_0800","236");

INSERT INTO TB_AUDITORIA_ITENS VALUES("1677","leonardo.bessa@basis.com.br","","ds_email","236");

INSERT INTO TB_AUDITORIA_ITENS VALUES("1678","","","ds_site","236");

INSERT INTO TB_AUDITORIA_ITENS VALUES("1679","","","ds_facebook","236");

INSERT INTO TB_AUDITORIA_ITENS VALUES("1680","","","ds_twitter","236");

INSERT INTO TB_AUDITORIA_ITENS VALUES("1681","","","ds_instagram","236");

INSERT INTO TB_AUDITORIA_ITENS VALUES("1682","","3","co_plano_assinante","237");

INSERT INTO TB_AUDITORIA_ITENS VALUES("1683","","5","co_assinante","237");

INSERT INTO TB_AUDITORIA_ITENS VALUES("1684","","7","nu_profissionais","237");

INSERT INTO TB_AUDITORIA_ITENS VALUES("1685","","0","nu_filiais","237");

INSERT INTO TB_AUDITORIA_ITENS VALUES("1686","","39.90","nu_valor_assinatura","237");

INSERT INTO TB_AUDITORIA_ITENS VALUES("1687","","5","tp_pagamento","237");

INSERT INTO TB_AUDITORIA_ITENS VALUES("1688","","2020-04-04 13:55:19","dt_cadastro","237");

INSERT INTO TB_AUDITORIA_ITENS VALUES("1689","","2020-07-09","dt_expiracao","237");

INSERT INTO TB_AUDITORIA_ITENS VALUES("1690","","5","co_plano_assinante_assinatura_ativo","237");

INSERT INTO TB_AUDITORIA_ITENS VALUES("1691","","11","co_plano_assinante_assinatura","238");

INSERT INTO TB_AUDITORIA_ITENS VALUES("1692","","2020-04-04 13:55:19","dt_cadastro","238");

INSERT INTO TB_AUDITORIA_ITENS VALUES("1693","","Inicia o pagamento","ds_acao","238");

INSERT INTO TB_AUDITORIA_ITENS VALUES("1694","","LEO BESSA Iniciou o pagamento","ds_usuario","238");

INSERT INTO TB_AUDITORIA_ITENS VALUES("1695","","0","st_pagamento","238");

INSERT INTO TB_AUDITORIA_ITENS VALUES("1696","11","","co_plano_assinante_assinatura","239");

INSERT INTO TB_AUDITORIA_ITENS VALUES("1697","2020-04-04 13:55:19","","dt_cadastro","239");

INSERT INTO TB_AUDITORIA_ITENS VALUES("1698","2020-07-09","","dt_expiracao","239");

INSERT INTO TB_AUDITORIA_ITENS VALUES("1699","","","dt_confirma_pagamento","239");

INSERT INTO TB_AUDITORIA_ITENS VALUES("1700","5","","tp_pagamento","239");

INSERT INTO TB_AUDITORIA_ITENS VALUES("1701","0","1","st_pagamento","239");

INSERT INTO TB_AUDITORIA_ITENS VALUES("1702","","2020-04-04T13:55:27.000-03:00","dt_modificado","239");

INSERT INTO TB_AUDITORIA_ITENS VALUES("1703","","1.99","nu_valor_desconto","239");

INSERT INTO TB_AUDITORIA_ITENS VALUES("1704","","37.91","nu_valor_real","239");

INSERT INTO TB_AUDITORIA_ITENS VALUES("1705","null","https://sandbox.pagseguro.uol.com.br/checkout/payment/booklet/print.jhtml?c=035c74e4680fe8b271bd056c44f457a7fe00437c0fe106dcdfe145f256ab5acd53092dfb85a827ec","ds_link_boleto","239");

INSERT INTO TB_AUDITORIA_ITENS VALUES("1706","0","","nu_filiais","239");

INSERT INTO TB_AUDITORIA_ITENS VALUES("1707","5","","co_plano_assinante_assinatura_ativo","239");

INSERT INTO TB_AUDITORIA_ITENS VALUES("1708","I","","st_status","239");

INSERT INTO TB_AUDITORIA_ITENS VALUES("1709","null","CD6110D9-4252-41E8-93DE-815263F3C02D","ds_code_transacao","239");

INSERT INTO TB_AUDITORIA_ITENS VALUES("1710","39.90","","nu_valor_assinatura","239");

INSERT INTO TB_AUDITORIA_ITENS VALUES("1711","7","","nu_profissionais","239");

INSERT INTO TB_AUDITORIA_ITENS VALUES("1712","5","","co_assinante","239");

INSERT INTO TB_AUDITORIA_ITENS VALUES("1713","3","3","co_plano_assinante","239");

INSERT INTO TB_AUDITORIA_ITENS VALUES("1714","","11","co_plano_assinante_assinatura","240");

INSERT INTO TB_AUDITORIA_ITENS VALUES("1715","","2020-04-04T13:55:27.000-03:00","dt_cadastro","240");

INSERT INTO TB_AUDITORIA_ITENS VALUES("1716","","Mudou para o Status do pagamento de Aguardando pagamento","ds_acao","240");

INSERT INTO TB_AUDITORIA_ITENS VALUES("1717","","Retorno da operadora do pagamento","ds_usuario","240");

INSERT INTO TB_AUDITORIA_ITENS VALUES("1718","","1","st_pagamento","240");

INSERT INTO TB_AUDITORIA_ITENS VALUES("1719","6","","co_pessoa","241");

INSERT INTO TB_AUDITORIA_ITENS VALUES("1720","05418337157","12345678909","nu_cpf","241");

INSERT INTO TB_AUDITORIA_ITENS VALUES("1721","LEO BESSA","","no_pessoa","241");

INSERT INTO TB_AUDITORIA_ITENS VALUES("1722","","","nu_rg","241");

INSERT INTO TB_AUDITORIA_ITENS VALUES("1723","2020-03-25 13:03:39","","dt_cadastro","241");

INSERT INTO TB_AUDITORIA_ITENS VALUES("1724","","","dt_nascimento","241");

INSERT INTO TB_AUDITORIA_ITENS VALUES("1725","","","st_sexo","241");

INSERT INTO TB_AUDITORIA_ITENS VALUES("1726","5","","co_endereco","241");

INSERT INTO TB_AUDITORIA_ITENS VALUES("1727","6","","co_contato","241");

INSERT INTO TB_AUDITORIA_ITENS VALUES("1728","0","","co_imagem","241");

INSERT INTO TB_AUDITORIA_ITENS VALUES("1729","6","","co_contato","242");

INSERT INTO TB_AUDITORIA_ITENS VALUES("1730","6199552332","54668755655","nu_tel1","242");

INSERT INTO TB_AUDITORIA_ITENS VALUES("1731","11999999999","","nu_tel2","242");

INSERT INTO TB_AUDITORIA_ITENS VALUES("1732","","","nu_tel3","242");

INSERT INTO TB_AUDITORIA_ITENS VALUES("1733","","","nu_tel_0800","242");

INSERT INTO TB_AUDITORIA_ITENS VALUES("1734","leonardo.bessa@basis.com.br","","ds_email","242");

INSERT INTO TB_AUDITORIA_ITENS VALUES("1735","","","ds_site","242");

INSERT INTO TB_AUDITORIA_ITENS VALUES("1736","","","ds_facebook","242");

INSERT INTO TB_AUDITORIA_ITENS VALUES("1737","","","ds_twitter","242");

INSERT INTO TB_AUDITORIA_ITENS VALUES("1738","","","ds_instagram","242");

INSERT INTO TB_AUDITORIA_ITENS VALUES("1739","","5","co_plano_assinante","243");

INSERT INTO TB_AUDITORIA_ITENS VALUES("1740","","5","co_assinante","243");

INSERT INTO TB_AUDITORIA_ITENS VALUES("1741","","25","nu_profissionais","243");

INSERT INTO TB_AUDITORIA_ITENS VALUES("1742","","0","nu_filiais","243");

INSERT INTO TB_AUDITORIA_ITENS VALUES("1743","","124.90","nu_valor_assinatura","243");

INSERT INTO TB_AUDITORIA_ITENS VALUES("1744","","5","tp_pagamento","243");

INSERT INTO TB_AUDITORIA_ITENS VALUES("1745","","2020-04-04 13:57:43","dt_cadastro","243");

INSERT INTO TB_AUDITORIA_ITENS VALUES("1746","","2021-04-09","dt_expiracao","243");

INSERT INTO TB_AUDITORIA_ITENS VALUES("1747","","5","co_plano_assinante_assinatura_ativo","243");

INSERT INTO TB_AUDITORIA_ITENS VALUES("1748","","12","co_plano_assinante_assinatura","244");

INSERT INTO TB_AUDITORIA_ITENS VALUES("1749","","2020-04-04 13:57:43","dt_cadastro","244");

INSERT INTO TB_AUDITORIA_ITENS VALUES("1750","","Inicia o pagamento","ds_acao","244");

INSERT INTO TB_AUDITORIA_ITENS VALUES("1751","","LEO BESSA Iniciou o pagamento","ds_usuario","244");

INSERT INTO TB_AUDITORIA_ITENS VALUES("1752","","0","st_pagamento","244");

INSERT INTO TB_AUDITORIA_ITENS VALUES("1753","12","","co_plano_assinante_assinatura","245");

INSERT INTO TB_AUDITORIA_ITENS VALUES("1754","2020-04-04 13:57:43","","dt_cadastro","245");

INSERT INTO TB_AUDITORIA_ITENS VALUES("1755","2021-04-09","","dt_expiracao","245");

INSERT INTO TB_AUDITORIA_ITENS VALUES("1756","","","dt_confirma_pagamento","245");

INSERT INTO TB_AUDITORIA_ITENS VALUES("1757","5","","tp_pagamento","245");

INSERT INTO TB_AUDITORIA_ITENS VALUES("1758","0","1","st_pagamento","245");

INSERT INTO TB_AUDITORIA_ITENS VALUES("1759","","2020-04-04T13:57:52.000-03:00","dt_modificado","245");

INSERT INTO TB_AUDITORIA_ITENS VALUES("1760","","5.38","nu_valor_desconto","245");

INSERT INTO TB_AUDITORIA_ITENS VALUES("1761","","119.52","nu_valor_real","245");

INSERT INTO TB_AUDITORIA_ITENS VALUES("1762","null","https://sandbox.pagseguro.uol.com.br/checkout/payment/booklet/print.jhtml?c=d71b3af5146918cb665df8d98fe28ff091c013353b587e74bc21ee64b415f9ae67b7766690138a66","ds_link_boleto","245");

INSERT INTO TB_AUDITORIA_ITENS VALUES("1763","0","","nu_filiais","245");

INSERT INTO TB_AUDITORIA_ITENS VALUES("1764","5","","co_plano_assinante_assinatura_ativo","245");

INSERT INTO TB_AUDITORIA_ITENS VALUES("1765","I","","st_status","245");

INSERT INTO TB_AUDITORIA_ITENS VALUES("1766","null","29439106-A1B4-47FA-B558-BBA1AA16FCBC","ds_code_transacao","245");

INSERT INTO TB_AUDITORIA_ITENS VALUES("1767","124.90","","nu_valor_assinatura","245");

INSERT INTO TB_AUDITORIA_ITENS VALUES("1768","25","","nu_profissionais","245");

INSERT INTO TB_AUDITORIA_ITENS VALUES("1769","5","","co_assinante","245");

INSERT INTO TB_AUDITORIA_ITENS VALUES("1770","5","5","co_plano_assinante","245");

INSERT INTO TB_AUDITORIA_ITENS VALUES("1771","","12","co_plano_assinante_assinatura","246");

INSERT INTO TB_AUDITORIA_ITENS VALUES("1772","","2020-04-04T13:57:52.000-03:00","dt_cadastro","246");

INSERT INTO TB_AUDITORIA_ITENS VALUES("1773","","Mudou para o Status do pagamento de Aguardando pagamento","ds_acao","246");

INSERT INTO TB_AUDITORIA_ITENS VALUES("1774","","Retorno da operadora do pagamento","ds_usuario","246");

INSERT INTO TB_AUDITORIA_ITENS VALUES("1775","","1","st_pagamento","246");

INSERT INTO TB_AUDITORIA_ITENS VALUES("1776","6","","co_pessoa","247");

INSERT INTO TB_AUDITORIA_ITENS VALUES("1777","12345678909","12345678909","nu_cpf","247");

INSERT INTO TB_AUDITORIA_ITENS VALUES("1778","LEO BESSA","","no_pessoa","247");

INSERT INTO TB_AUDITORIA_ITENS VALUES("1779","","","nu_rg","247");

INSERT INTO TB_AUDITORIA_ITENS VALUES("1780","2020-03-25 13:03:39","","dt_cadastro","247");

INSERT INTO TB_AUDITORIA_ITENS VALUES("1781","","","dt_nascimento","247");

INSERT INTO TB_AUDITORIA_ITENS VALUES("1782","","","st_sexo","247");

INSERT INTO TB_AUDITORIA_ITENS VALUES("1783","5","","co_endereco","247");

INSERT INTO TB_AUDITORIA_ITENS VALUES("1784","6","","co_contato","247");

INSERT INTO TB_AUDITORIA_ITENS VALUES("1785","0","","co_imagem","247");

INSERT INTO TB_AUDITORIA_ITENS VALUES("1786","6","","co_contato","248");

INSERT INTO TB_AUDITORIA_ITENS VALUES("1787","54668755655","6184455656","nu_tel1","248");

INSERT INTO TB_AUDITORIA_ITENS VALUES("1788","11999999999","","nu_tel2","248");

INSERT INTO TB_AUDITORIA_ITENS VALUES("1789","","","nu_tel3","248");

INSERT INTO TB_AUDITORIA_ITENS VALUES("1790","","","nu_tel_0800","248");

INSERT INTO TB_AUDITORIA_ITENS VALUES("1791","leonardo.bessa@basis.com.br","","ds_email","248");

INSERT INTO TB_AUDITORIA_ITENS VALUES("1792","","","ds_site","248");

INSERT INTO TB_AUDITORIA_ITENS VALUES("1793","","","ds_facebook","248");

INSERT INTO TB_AUDITORIA_ITENS VALUES("1794","","","ds_twitter","248");

INSERT INTO TB_AUDITORIA_ITENS VALUES("1795","","","ds_instagram","248");

INSERT INTO TB_AUDITORIA_ITENS VALUES("1796","","2","co_plano_assinante","249");

INSERT INTO TB_AUDITORIA_ITENS VALUES("1797","","5","co_assinante","249");

INSERT INTO TB_AUDITORIA_ITENS VALUES("1798","","3","nu_profissionais","249");

INSERT INTO TB_AUDITORIA_ITENS VALUES("1799","","0","nu_filiais","249");

INSERT INTO TB_AUDITORIA_ITENS VALUES("1800","","14.90","nu_valor_assinatura","249");

INSERT INTO TB_AUDITORIA_ITENS VALUES("1801","","3","tp_pagamento","249");

INSERT INTO TB_AUDITORIA_ITENS VALUES("1802","","2020-04-04 14:01:30","dt_cadastro","249");

INSERT INTO TB_AUDITORIA_ITENS VALUES("1803","","2020-05-09","dt_expiracao","249");

INSERT INTO TB_AUDITORIA_ITENS VALUES("1804","","5","co_plano_assinante_assinatura_ativo","249");

INSERT INTO TB_AUDITORIA_ITENS VALUES("1805","","13","co_plano_assinante_assinatura","250");

INSERT INTO TB_AUDITORIA_ITENS VALUES("1806","","2020-04-04 14:01:30","dt_cadastro","250");

INSERT INTO TB_AUDITORIA_ITENS VALUES("1807","","Inicia o pagamento","ds_acao","250");

INSERT INTO TB_AUDITORIA_ITENS VALUES("1808","","LEO BESSA Iniciou o pagamento","ds_usuario","250");

INSERT INTO TB_AUDITORIA_ITENS VALUES("1809","","0","st_pagamento","250");

INSERT INTO TB_AUDITORIA_ITENS VALUES("1810","13","","co_plano_assinante_assinatura","251");

INSERT INTO TB_AUDITORIA_ITENS VALUES("1811","2020-04-04 14:01:30","","dt_cadastro","251");

INSERT INTO TB_AUDITORIA_ITENS VALUES("1812","2020-05-09","","dt_expiracao","251");

INSERT INTO TB_AUDITORIA_ITENS VALUES("1813","","","dt_confirma_pagamento","251");

INSERT INTO TB_AUDITORIA_ITENS VALUES("1814","3","","tp_pagamento","251");

INSERT INTO TB_AUDITORIA_ITENS VALUES("1815","0","2","st_pagamento","251");

INSERT INTO TB_AUDITORIA_ITENS VALUES("1816","","2020-04-04T14:01:37.000-03:00","dt_modificado","251");

INSERT INTO TB_AUDITORIA_ITENS VALUES("1817","","0.99","nu_valor_desconto","251");

INSERT INTO TB_AUDITORIA_ITENS VALUES("1818","","13.91","nu_valor_real","251");

INSERT INTO TB_AUDITORIA_ITENS VALUES("1819","null","","ds_link_boleto","251");

INSERT INTO TB_AUDITORIA_ITENS VALUES("1820","0","","nu_filiais","251");

INSERT INTO TB_AUDITORIA_ITENS VALUES("1821","5","","co_plano_assinante_assinatura_ativo","251");

INSERT INTO TB_AUDITORIA_ITENS VALUES("1822","I","","st_status","251");

INSERT INTO TB_AUDITORIA_ITENS VALUES("1823","null","DCAB740B-F6D5-4150-AFF2-9CE647BF8038","ds_code_transacao","251");

INSERT INTO TB_AUDITORIA_ITENS VALUES("1824","14.90","","nu_valor_assinatura","251");

INSERT INTO TB_AUDITORIA_ITENS VALUES("1825","3","","nu_profissionais","251");

INSERT INTO TB_AUDITORIA_ITENS VALUES("1826","5","","co_assinante","251");

INSERT INTO TB_AUDITORIA_ITENS VALUES("1827","2","2","co_plano_assinante","251");

INSERT INTO TB_AUDITORIA_ITENS VALUES("1828","","13","co_plano_assinante_assinatura","252");

INSERT INTO TB_AUDITORIA_ITENS VALUES("1829","","2020-04-04T14:01:37.000-03:00","dt_cadastro","252");

INSERT INTO TB_AUDITORIA_ITENS VALUES("1830","","Mudou para o Status do pagamento de Em análise","ds_acao","252");

INSERT INTO TB_AUDITORIA_ITENS VALUES("1831","","Retorno da operadora do pagamento","ds_usuario","252");

INSERT INTO TB_AUDITORIA_ITENS VALUES("1832","","2","st_pagamento","252");

INSERT INTO TB_AUDITORIA_ITENS VALUES("1833","","2020-04-07 11:48:49","dt_cadastro","253");

INSERT INTO TB_AUDITORIA_ITENS VALUES("1834","","5","co_assinante","253");

INSERT INTO TB_AUDITORIA_ITENS VALUES("1835","","O Cara 33","no_pessoa","254");

INSERT INTO TB_AUDITORIA_ITENS VALUES("1836","","13","co_pessoa","255");

INSERT INTO TB_AUDITORIA_ITENS VALUES("1837","","2020-04-07 11:48:49","dt_cadastro","255");

INSERT INTO TB_AUDITORIA_ITENS VALUES("1838","","5","co_assinante","255");

INSERT INTO TB_AUDITORIA_ITENS VALUES("1839","","Juju 333","no_pessoa","256");

INSERT INTO TB_AUDITORIA_ITENS VALUES("1840","","14","co_pessoa","257");

INSERT INTO TB_AUDITORIA_ITENS VALUES("1841","","2020-04-07 11:48:49","dt_cadastro","257");

INSERT INTO TB_AUDITORIA_ITENS VALUES("1842","","5","co_assinante","257");

INSERT INTO TB_AUDITORIA_ITENS VALUES("1843","","Penteado afro  333 ","no_servico","258");

INSERT INTO TB_AUDITORIA_ITENS VALUES("1844","","2020-04-07 11:48:49","dt_cadastro","258");

INSERT INTO TB_AUDITORIA_ITENS VALUES("1845","","5","co_assinante","258");

INSERT INTO TB_AUDITORIA_ITENS VALUES("1846","","4","co_agenda","259");

INSERT INTO TB_AUDITORIA_ITENS VALUES("1847","","2020-04-07 11:48:49","dt_cadastro","259");

INSERT INTO TB_AUDITORIA_ITENS VALUES("1848","","1","st_status","259");

INSERT INTO TB_AUDITORIA_ITENS VALUES("1849","","2020-04-08 08:00:00","dt_inicio_agenda","259");

INSERT INTO TB_AUDITORIA_ITENS VALUES("1850","","2020-04-08 18:00:00","dt_fim_agenda","259");

INSERT INTO TB_AUDITORIA_ITENS VALUES("1851","","0","nu_valor","259");

INSERT INTO TB_AUDITORIA_ITENS VALUES("1852","","0","nu_duracao","259");

INSERT INTO TB_AUDITORIA_ITENS VALUES("1853","","htr trh trh","ds_observacao","259");

INSERT INTO TB_AUDITORIA_ITENS VALUES("1854","","6","co_usuario","259");

INSERT INTO TB_AUDITORIA_ITENS VALUES("1855","","3","co_profissional","259");

INSERT INTO TB_AUDITORIA_ITENS VALUES("1856","","3","co_cliente","259");

INSERT INTO TB_AUDITORIA_ITENS VALUES("1857","","2","co_servico","259");

INSERT INTO TB_AUDITORIA_ITENS VALUES("1858","","2020-04-07 11:49:18","dt_cadastro","260");

INSERT INTO TB_AUDITORIA_ITENS VALUES("1859","","5","co_assinante","260");

INSERT INTO TB_AUDITORIA_ITENS VALUES("1860","","O Cara 33","no_pessoa","261");

INSERT INTO TB_AUDITORIA_ITENS VALUES("1861","","15","co_pessoa","262");

INSERT INTO TB_AUDITORIA_ITENS VALUES("1862","","2020-04-07 11:49:18","dt_cadastro","262");

INSERT INTO TB_AUDITORIA_ITENS VALUES("1863","","5","co_assinante","262");

INSERT INTO TB_AUDITORIA_ITENS VALUES("1864","","Juju 333","no_pessoa","263");

INSERT INTO TB_AUDITORIA_ITENS VALUES("1865","","16","co_pessoa","264");

INSERT INTO TB_AUDITORIA_ITENS VALUES("1866","","2020-04-07 11:49:18","dt_cadastro","264");

INSERT INTO TB_AUDITORIA_ITENS VALUES("1867","","5","co_assinante","264");

INSERT INTO TB_AUDITORIA_ITENS VALUES("1868","","Penteado afro  333","no_servico","265");

INSERT INTO TB_AUDITORIA_ITENS VALUES("1869","","2020-04-07 11:49:18","dt_cadastro","265");

INSERT INTO TB_AUDITORIA_ITENS VALUES("1870","","5","co_assinante","265");

INSERT INTO TB_AUDITORIA_ITENS VALUES("1871","","5","co_agenda","266");

INSERT INTO TB_AUDITORIA_ITENS VALUES("1872","","2020-04-07 11:49:18","dt_cadastro","266");

INSERT INTO TB_AUDITORIA_ITENS VALUES("1873","","1","st_status","266");

INSERT INTO TB_AUDITORIA_ITENS VALUES("1874","","2020-04-14 08:00:00","dt_inicio_agenda","266");

INSERT INTO TB_AUDITORIA_ITENS VALUES("1875","","2020-04-14 18:00:00","dt_fim_agenda","266");

INSERT INTO TB_AUDITORIA_ITENS VALUES("1876","","0","nu_valor","266");

INSERT INTO TB_AUDITORIA_ITENS VALUES("1877","","0","nu_duracao","266");

INSERT INTO TB_AUDITORIA_ITENS VALUES("1878","","gg er greg r eg","ds_observacao","266");

INSERT INTO TB_AUDITORIA_ITENS VALUES("1879","","6","co_usuario","266");

INSERT INTO TB_AUDITORIA_ITENS VALUES("1880","","4","co_profissional","266");

INSERT INTO TB_AUDITORIA_ITENS VALUES("1881","","4","co_cliente","266");

INSERT INTO TB_AUDITORIA_ITENS VALUES("1882","","3","co_servico","266");

INSERT INTO TB_AUDITORIA_ITENS VALUES("1883","","2020-04-07 12:02:04","dt_cadastro","267");

INSERT INTO TB_AUDITORIA_ITENS VALUES("1884","","5","co_assinante","267");

INSERT INTO TB_AUDITORIA_ITENS VALUES("1885","","O Cara 33","no_pessoa","268");

INSERT INTO TB_AUDITORIA_ITENS VALUES("1886","","17","co_pessoa","269");

INSERT INTO TB_AUDITORIA_ITENS VALUES("1887","","2020-04-07 12:02:04","dt_cadastro","269");

INSERT INTO TB_AUDITORIA_ITENS VALUES("1888","","5","co_assinante","269");

INSERT INTO TB_AUDITORIA_ITENS VALUES("1889","","Juju 333","no_pessoa","270");

INSERT INTO TB_AUDITORIA_ITENS VALUES("1890","","18","co_pessoa","271");

INSERT INTO TB_AUDITORIA_ITENS VALUES("1891","","2020-04-07 12:02:04","dt_cadastro","271");

INSERT INTO TB_AUDITORIA_ITENS VALUES("1892","","5","co_assinante","271");

INSERT INTO TB_AUDITORIA_ITENS VALUES("1893","","Penteado afro  333","no_servico","272");

INSERT INTO TB_AUDITORIA_ITENS VALUES("1894","","2020-04-07 12:02:04","dt_cadastro","272");

INSERT INTO TB_AUDITORIA_ITENS VALUES("1895","","5","co_assinante","272");

INSERT INTO TB_AUDITORIA_ITENS VALUES("1896","","6","co_agenda","273");

INSERT INTO TB_AUDITORIA_ITENS VALUES("1897","","2020-04-07 12:02:04","dt_cadastro","273");

INSERT INTO TB_AUDITORIA_ITENS VALUES("1898","","1","st_status","273");

INSERT INTO TB_AUDITORIA_ITENS VALUES("1899","","2020-04-22 08:00:00","dt_inicio_agenda","273");

INSERT INTO TB_AUDITORIA_ITENS VALUES("1900","","2020-04-22 18:00:00","dt_fim_agenda","273");

INSERT INTO TB_AUDITORIA_ITENS VALUES("1901","","0","nu_valor","273");

INSERT INTO TB_AUDITORIA_ITENS VALUES("1902","","0","nu_duracao","273");

INSERT INTO TB_AUDITORIA_ITENS VALUES("1903","","re gre gr eh","ds_observacao","273");

INSERT INTO TB_AUDITORIA_ITENS VALUES("1904","","6","co_usuario","273");

INSERT INTO TB_AUDITORIA_ITENS VALUES("1905","","5","co_profissional","273");

INSERT INTO TB_AUDITORIA_ITENS VALUES("1906","","5","co_cliente","273");

INSERT INTO TB_AUDITORIA_ITENS VALUES("1907","","4","co_servico","273");

INSERT INTO TB_AUDITORIA_ITENS VALUES("1908","","2020-04-07 12:02:48","dt_cadastro","274");

INSERT INTO TB_AUDITORIA_ITENS VALUES("1909","","5","co_assinante","274");

INSERT INTO TB_AUDITORIA_ITENS VALUES("1910","","O Cara 33","no_pessoa","275");

INSERT INTO TB_AUDITORIA_ITENS VALUES("1911","","19","co_pessoa","276");

INSERT INTO TB_AUDITORIA_ITENS VALUES("1912","","2020-04-07 12:02:48","dt_cadastro","276");

INSERT INTO TB_AUDITORIA_ITENS VALUES("1913","","5","co_assinante","276");

INSERT INTO TB_AUDITORIA_ITENS VALUES("1914","","Juju 333","no_pessoa","277");

INSERT INTO TB_AUDITORIA_ITENS VALUES("1915","","20","co_pessoa","278");

INSERT INTO TB_AUDITORIA_ITENS VALUES("1916","","2020-04-07 12:02:48","dt_cadastro","278");

INSERT INTO TB_AUDITORIA_ITENS VALUES("1917","","5","co_assinante","278");

INSERT INTO TB_AUDITORIA_ITENS VALUES("1918","","Penteado afro  333","no_servico","279");

INSERT INTO TB_AUDITORIA_ITENS VALUES("1919","","2020-04-07 12:02:48","dt_cadastro","279");

INSERT INTO TB_AUDITORIA_ITENS VALUES("1920","","5","co_assinante","279");

INSERT INTO TB_AUDITORIA_ITENS VALUES("1921","","7","co_agenda","280");

INSERT INTO TB_AUDITORIA_ITENS VALUES("1922","","2020-04-07 12:02:48","dt_cadastro","280");

INSERT INTO TB_AUDITORIA_ITENS VALUES("1923","","1","st_status","280");

INSERT INTO TB_AUDITORIA_ITENS VALUES("1924","","2020-04-22 08:00:00","dt_inicio_agenda","280");

INSERT INTO TB_AUDITORIA_ITENS VALUES("1925","","2020-04-22 18:00:00","dt_fim_agenda","280");

INSERT INTO TB_AUDITORIA_ITENS VALUES("1926","","0","nu_valor","280");

INSERT INTO TB_AUDITORIA_ITENS VALUES("1927","","0","nu_duracao","280");

INSERT INTO TB_AUDITORIA_ITENS VALUES("1928","","re gre gr eh","ds_observacao","280");

INSERT INTO TB_AUDITORIA_ITENS VALUES("1929","","6","co_usuario","280");

INSERT INTO TB_AUDITORIA_ITENS VALUES("1930","","6","co_profissional","280");

INSERT INTO TB_AUDITORIA_ITENS VALUES("1931","","6","co_cliente","280");

INSERT INTO TB_AUDITORIA_ITENS VALUES("1932","","5","co_servico","280");

INSERT INTO TB_AUDITORIA_ITENS VALUES("1933","","2020-04-07 12:03:20","dt_cadastro","281");

INSERT INTO TB_AUDITORIA_ITENS VALUES("1934","","5","co_assinante","281");

INSERT INTO TB_AUDITORIA_ITENS VALUES("1935","","O Cara 33","no_pessoa","282");

INSERT INTO TB_AUDITORIA_ITENS VALUES("1936","","21","co_pessoa","283");

INSERT INTO TB_AUDITORIA_ITENS VALUES("1937","","2020-04-07 12:03:20","dt_cadastro","283");

INSERT INTO TB_AUDITORIA_ITENS VALUES("1938","","5","co_assinante","283");

INSERT INTO TB_AUDITORIA_ITENS VALUES("1939","","Juju 333","no_pessoa","284");

INSERT INTO TB_AUDITORIA_ITENS VALUES("1940","","22","co_pessoa","285");

INSERT INTO TB_AUDITORIA_ITENS VALUES("1941","","2020-04-07 12:03:20","dt_cadastro","285");

INSERT INTO TB_AUDITORIA_ITENS VALUES("1942","","5","co_assinante","285");

INSERT INTO TB_AUDITORIA_ITENS VALUES("1943","","Penteado afro  333","no_servico","286");

INSERT INTO TB_AUDITORIA_ITENS VALUES("1944","","2020-04-07 12:03:20","dt_cadastro","286");

INSERT INTO TB_AUDITORIA_ITENS VALUES("1945","","5","co_assinante","286");

INSERT INTO TB_AUDITORIA_ITENS VALUES("1946","","8","co_agenda","287");

INSERT INTO TB_AUDITORIA_ITENS VALUES("1947","","2020-04-07 12:03:20","dt_cadastro","287");

INSERT INTO TB_AUDITORIA_ITENS VALUES("1948","","1","st_status","287");

INSERT INTO TB_AUDITORIA_ITENS VALUES("1949","","2020-03-31 08:00:00","dt_inicio_agenda","287");

INSERT INTO TB_AUDITORIA_ITENS VALUES("1950","","2020-03-31 18:00:00","dt_fim_agenda","287");

INSERT INTO TB_AUDITORIA_ITENS VALUES("1951","","0","nu_valor","287");

INSERT INTO TB_AUDITORIA_ITENS VALUES("1952","","0","nu_duracao","287");

INSERT INTO TB_AUDITORIA_ITENS VALUES("1953","","g erg re g gre","ds_observacao","287");

INSERT INTO TB_AUDITORIA_ITENS VALUES("1954","","6","co_usuario","287");

INSERT INTO TB_AUDITORIA_ITENS VALUES("1955","","7","co_profissional","287");

INSERT INTO TB_AUDITORIA_ITENS VALUES("1956","","7","co_cliente","287");

INSERT INTO TB_AUDITORIA_ITENS VALUES("1957","","6","co_servico","287");

INSERT INTO TB_AUDITORIA_ITENS VALUES("1958","","2020-04-07 12:08:46","dt_cadastro","288");

INSERT INTO TB_AUDITORIA_ITENS VALUES("1959","","5","co_assinante","288");

INSERT INTO TB_AUDITORIA_ITENS VALUES("1960","","O Cara 33","no_pessoa","289");

INSERT INTO TB_AUDITORIA_ITENS VALUES("1961","","23","co_pessoa","290");

INSERT INTO TB_AUDITORIA_ITENS VALUES("1962","","2020-04-07 12:08:46","dt_cadastro","290");

INSERT INTO TB_AUDITORIA_ITENS VALUES("1963","","5","co_assinante","290");

INSERT INTO TB_AUDITORIA_ITENS VALUES("1964","","Juju 333","no_pessoa","291");

INSERT INTO TB_AUDITORIA_ITENS VALUES("1965","","24","co_pessoa","292");

INSERT INTO TB_AUDITORIA_ITENS VALUES("1966","","2020-04-07 12:08:46","dt_cadastro","292");

INSERT INTO TB_AUDITORIA_ITENS VALUES("1967","","5","co_assinante","292");

INSERT INTO TB_AUDITORIA_ITENS VALUES("1968","","Penteado afro  333","no_servico","293");

INSERT INTO TB_AUDITORIA_ITENS VALUES("1969","","2020-04-07 12:08:46","dt_cadastro","293");

INSERT INTO TB_AUDITORIA_ITENS VALUES("1970","","5","co_assinante","293");

INSERT INTO TB_AUDITORIA_ITENS VALUES("1971","","9","co_agenda","294");

INSERT INTO TB_AUDITORIA_ITENS VALUES("1972","","2020-04-07 12:08:46","dt_cadastro","294");

INSERT INTO TB_AUDITORIA_ITENS VALUES("1973","","3","st_status","294");

INSERT INTO TB_AUDITORIA_ITENS VALUES("1974","","2020-04-15 08:00:00","dt_inicio_agenda","294");

INSERT INTO TB_AUDITORIA_ITENS VALUES("1975","","2020-04-15 18:00:00","dt_fim_agenda","294");

INSERT INTO TB_AUDITORIA_ITENS VALUES("1976","","0","nu_valor","294");

INSERT INTO TB_AUDITORIA_ITENS VALUES("1977","","0","nu_duracao","294");

INSERT INTO TB_AUDITORIA_ITENS VALUES("1978","","t ytryh 65ju k tjk","ds_observacao","294");

INSERT INTO TB_AUDITORIA_ITENS VALUES("1979","","6","co_usuario","294");

INSERT INTO TB_AUDITORIA_ITENS VALUES("1980","","8","co_profissional","294");

INSERT INTO TB_AUDITORIA_ITENS VALUES("1981","","8","co_cliente","294");

INSERT INTO TB_AUDITORIA_ITENS VALUES("1982","","7","co_servico","294");

INSERT INTO TB_AUDITORIA_ITENS VALUES("1983","","2020-04-07 13:06:58","dt_cadastro","295");

INSERT INTO TB_AUDITORIA_ITENS VALUES("1984","","5","co_assinante","295");

INSERT INTO TB_AUDITORIA_ITENS VALUES("1985","","O Cara 33","no_pessoa","296");

INSERT INTO TB_AUDITORIA_ITENS VALUES("1986","","25","co_pessoa","297");

INSERT INTO TB_AUDITORIA_ITENS VALUES("1987","","2020-04-07 13:06:59","dt_cadastro","297");

INSERT INTO TB_AUDITORIA_ITENS VALUES("1988","","5","co_assinante","297");

INSERT INTO TB_AUDITORIA_ITENS VALUES("1989","","Juju 333","no_pessoa","298");

INSERT INTO TB_AUDITORIA_ITENS VALUES("1990","","26","co_pessoa","299");

INSERT INTO TB_AUDITORIA_ITENS VALUES("1991","","2020-04-07 13:06:59","dt_cadastro","299");

INSERT INTO TB_AUDITORIA_ITENS VALUES("1992","","5","co_assinante","299");

INSERT INTO TB_AUDITORIA_ITENS VALUES("1993","","Penteado afro  333","no_servico","300");

INSERT INTO TB_AUDITORIA_ITENS VALUES("1994","","2020-04-07 13:06:59","dt_cadastro","300");

INSERT INTO TB_AUDITORIA_ITENS VALUES("1995","","5","co_assinante","300");

INSERT INTO TB_AUDITORIA_ITENS VALUES("1996","","10","co_agenda","301");

INSERT INTO TB_AUDITORIA_ITENS VALUES("1997","","2020-04-07 13:06:58","dt_cadastro","301");

INSERT INTO TB_AUDITORIA_ITENS VALUES("1998","","1","st_status","301");

INSERT INTO TB_AUDITORIA_ITENS VALUES("1999","","2020-04-16 08:00:00","dt_inicio_agenda","301");

INSERT INTO TB_AUDITORIA_ITENS VALUES("2000","","2020-04-16 18:00:00","dt_fim_agenda","301");

INSERT INTO TB_AUDITORIA_ITENS VALUES("2001","","0","nu_valor","301");

INSERT INTO TB_AUDITORIA_ITENS VALUES("2002","","0","nu_duracao","301");

INSERT INTO TB_AUDITORIA_ITENS VALUES("2003","","rg eg h jy tjytjyt","ds_observacao","301");

INSERT INTO TB_AUDITORIA_ITENS VALUES("2004","","6","co_usuario","301");

INSERT INTO TB_AUDITORIA_ITENS VALUES("2005","","9","co_profissional","301");

INSERT INTO TB_AUDITORIA_ITENS VALUES("2006","","9","co_cliente","301");

INSERT INTO TB_AUDITORIA_ITENS VALUES("2007","","8","co_servico","301");

INSERT INTO TB_AUDITORIA_ITENS VALUES("2008","","2020-04-07 13:08:32","dt_cadastro","302");

INSERT INTO TB_AUDITORIA_ITENS VALUES("2009","","5","co_assinante","302");

INSERT INTO TB_AUDITORIA_ITENS VALUES("2010","","O Cara 33","no_pessoa","303");

INSERT INTO TB_AUDITORIA_ITENS VALUES("2011","","27","co_pessoa","304");

INSERT INTO TB_AUDITORIA_ITENS VALUES("2012","","2020-04-07 13:08:32","dt_cadastro","304");

INSERT INTO TB_AUDITORIA_ITENS VALUES("2013","","5","co_assinante","304");

INSERT INTO TB_AUDITORIA_ITENS VALUES("2014","","Juju 333","no_pessoa","305");

INSERT INTO TB_AUDITORIA_ITENS VALUES("2015","","28","co_pessoa","306");

INSERT INTO TB_AUDITORIA_ITENS VALUES("2016","","2020-04-07 13:08:32","dt_cadastro","306");

INSERT INTO TB_AUDITORIA_ITENS VALUES("2017","","5","co_assinante","306");

INSERT INTO TB_AUDITORIA_ITENS VALUES("2018","","Penteado afro  333","no_servico","307");

INSERT INTO TB_AUDITORIA_ITENS VALUES("2019","","2020-04-07 13:08:32","dt_cadastro","307");

INSERT INTO TB_AUDITORIA_ITENS VALUES("2020","","5","co_assinante","307");

INSERT INTO TB_AUDITORIA_ITENS VALUES("2021","","11","co_agenda","308");

INSERT INTO TB_AUDITORIA_ITENS VALUES("2022","","2020-04-07 13:08:32","dt_cadastro","308");

INSERT INTO TB_AUDITORIA_ITENS VALUES("2023","","1","st_status","308");

INSERT INTO TB_AUDITORIA_ITENS VALUES("2024","","2020-04-16 08:00:00","dt_inicio_agenda","308");

INSERT INTO TB_AUDITORIA_ITENS VALUES("2025","","2020-04-16 18:00:00","dt_fim_agenda","308");

INSERT INTO TB_AUDITORIA_ITENS VALUES("2026","","0","nu_valor","308");

INSERT INTO TB_AUDITORIA_ITENS VALUES("2027","","0","nu_duracao","308");

INSERT INTO TB_AUDITORIA_ITENS VALUES("2028","","rg eg h jy tjytjyt","ds_observacao","308");

INSERT INTO TB_AUDITORIA_ITENS VALUES("2029","","6","co_usuario","308");

INSERT INTO TB_AUDITORIA_ITENS VALUES("2030","","10","co_profissional","308");

INSERT INTO TB_AUDITORIA_ITENS VALUES("2031","","10","co_cliente","308");

INSERT INTO TB_AUDITORIA_ITENS VALUES("2032","","9","co_servico","308");

INSERT INTO TB_AUDITORIA_ITENS VALUES("2033","","2020-04-07 13:09:50","dt_cadastro","309");

INSERT INTO TB_AUDITORIA_ITENS VALUES("2034","","5","co_assinante","309");

INSERT INTO TB_AUDITORIA_ITENS VALUES("2035","","O Cara 33","no_pessoa","310");

INSERT INTO TB_AUDITORIA_ITENS VALUES("2036","","29","co_pessoa","311");

INSERT INTO TB_AUDITORIA_ITENS VALUES("2037","","2020-04-07 13:09:50","dt_cadastro","311");

INSERT INTO TB_AUDITORIA_ITENS VALUES("2038","","5","co_assinante","311");

INSERT INTO TB_AUDITORIA_ITENS VALUES("2039","","Juju 333","no_pessoa","312");

INSERT INTO TB_AUDITORIA_ITENS VALUES("2040","","30","co_pessoa","313");

INSERT INTO TB_AUDITORIA_ITENS VALUES("2041","","2020-04-07 13:09:51","dt_cadastro","313");

INSERT INTO TB_AUDITORIA_ITENS VALUES("2042","","5","co_assinante","313");

INSERT INTO TB_AUDITORIA_ITENS VALUES("2043","","Penteado afro  333","no_servico","314");

INSERT INTO TB_AUDITORIA_ITENS VALUES("2044","","2020-04-07 13:09:51","dt_cadastro","314");

INSERT INTO TB_AUDITORIA_ITENS VALUES("2045","","5","co_assinante","314");

INSERT INTO TB_AUDITORIA_ITENS VALUES("2046","","12","co_agenda","315");

INSERT INTO TB_AUDITORIA_ITENS VALUES("2047","","2020-04-07 13:09:50","dt_cadastro","315");

INSERT INTO TB_AUDITORIA_ITENS VALUES("2048","","1","st_status","315");

INSERT INTO TB_AUDITORIA_ITENS VALUES("2049","","2020-04-16 08:00:00","dt_inicio_agenda","315");

INSERT INTO TB_AUDITORIA_ITENS VALUES("2050","","2020-04-16 18:00:00","dt_fim_agenda","315");

INSERT INTO TB_AUDITORIA_ITENS VALUES("2051","","0","nu_valor","315");

INSERT INTO TB_AUDITORIA_ITENS VALUES("2052","","0","nu_duracao","315");

INSERT INTO TB_AUDITORIA_ITENS VALUES("2053","","rg eg h jy tjytjyt","ds_observacao","315");

INSERT INTO TB_AUDITORIA_ITENS VALUES("2054","","6","co_usuario","315");

INSERT INTO TB_AUDITORIA_ITENS VALUES("2055","","11","co_profissional","315");

INSERT INTO TB_AUDITORIA_ITENS VALUES("2056","","11","co_cliente","315");

INSERT INTO TB_AUDITORIA_ITENS VALUES("2057","","10","co_servico","315");

INSERT INTO TB_AUDITORIA_ITENS VALUES("2112","","2020-04-07 13:14:21","dt_cadastro","332");

INSERT INTO TB_AUDITORIA_ITENS VALUES("2113","","5","co_assinante","332");

INSERT INTO TB_AUDITORIA_ITENS VALUES("2114","","O Cara 33","no_pessoa","333");

INSERT INTO TB_AUDITORIA_ITENS VALUES("2115","","35","co_pessoa","334");

INSERT INTO TB_AUDITORIA_ITENS VALUES("2116","","2020-04-07 13:14:21","dt_cadastro","334");

INSERT INTO TB_AUDITORIA_ITENS VALUES("2117","","5","co_assinante","334");

INSERT INTO TB_AUDITORIA_ITENS VALUES("2118","","Juju 333","no_pessoa","335");

INSERT INTO TB_AUDITORIA_ITENS VALUES("2119","","36","co_pessoa","336");

INSERT INTO TB_AUDITORIA_ITENS VALUES("2120","","2020-04-07 13:14:21","dt_cadastro","336");

INSERT INTO TB_AUDITORIA_ITENS VALUES("2121","","5","co_assinante","336");

INSERT INTO TB_AUDITORIA_ITENS VALUES("2122","","Penteado afro  333","no_servico","337");

INSERT INTO TB_AUDITORIA_ITENS VALUES("2123","","2020-04-07 13:14:21","dt_cadastro","337");

INSERT INTO TB_AUDITORIA_ITENS VALUES("2124","","5","co_assinante","337");

INSERT INTO TB_AUDITORIA_ITENS VALUES("2125","","17","co_agenda","338");

INSERT INTO TB_AUDITORIA_ITENS VALUES("2126","","2020-04-07 13:14:21","dt_cadastro","338");

INSERT INTO TB_AUDITORIA_ITENS VALUES("2127","","1","st_status","338");

INSERT INTO TB_AUDITORIA_ITENS VALUES("2128","","2020-04-16 08:00:00","dt_inicio_agenda","338");

INSERT INTO TB_AUDITORIA_ITENS VALUES("2129","","2020-04-16 18:00:00","dt_fim_agenda","338");

INSERT INTO TB_AUDITORIA_ITENS VALUES("2130","","0","nu_valor","338");

INSERT INTO TB_AUDITORIA_ITENS VALUES("2131","","0","nu_duracao","338");

INSERT INTO TB_AUDITORIA_ITENS VALUES("2132","","rg eg h jy tjytjyt","ds_observacao","338");

INSERT INTO TB_AUDITORIA_ITENS VALUES("2133","","6","co_usuario","338");

INSERT INTO TB_AUDITORIA_ITENS VALUES("2134","","14","co_profissional","338");

INSERT INTO TB_AUDITORIA_ITENS VALUES("2135","","14","co_cliente","338");

INSERT INTO TB_AUDITORIA_ITENS VALUES("2136","","13","co_servico","338");

INSERT INTO TB_AUDITORIA_ITENS VALUES("2137","","","ds_endereco","339");

INSERT INTO TB_AUDITORIA_ITENS VALUES("2138","","","ds_complemento","339");

INSERT INTO TB_AUDITORIA_ITENS VALUES("2139","","","ds_bairro","339");

INSERT INTO TB_AUDITORIA_ITENS VALUES("2140","","","nu_cep","339");

INSERT INTO TB_AUDITORIA_ITENS VALUES("2141","","","no_cidade","339");

INSERT INTO TB_AUDITORIA_ITENS VALUES("2142","","","sg_uf","339");

INSERT INTO TB_AUDITORIA_ITENS VALUES("2143","3","3","co_contato","340");

INSERT INTO TB_AUDITORIA_ITENS VALUES("2144","61993055454","61993055454","nu_tel1","340");

INSERT INTO TB_AUDITORIA_ITENS VALUES("2145","","","nu_tel2","340");

INSERT INTO TB_AUDITORIA_ITENS VALUES("2146","","","nu_tel3","340");

INSERT INTO TB_AUDITORIA_ITENS VALUES("2147","","","nu_tel_0800","340");

INSERT INTO TB_AUDITORIA_ITENS VALUES("2148","lucrece.neri@hotmail.com","lucrece.neri@hotmail.com","ds_email","340");

INSERT INTO TB_AUDITORIA_ITENS VALUES("2149","","","ds_site","340");

INSERT INTO TB_AUDITORIA_ITENS VALUES("2150","","","ds_facebook","340");

INSERT INTO TB_AUDITORIA_ITENS VALUES("2151","","","ds_twitter","340");

INSERT INTO TB_AUDITORIA_ITENS VALUES("2152","","","ds_instagram","340");

INSERT INTO TB_AUDITORIA_ITENS VALUES("2153","","lucrece-neri-portela-5e8ca7a40609e.jpg","ds_caminho","341");

INSERT INTO TB_AUDITORIA_ITENS VALUES("2154","3","3","co_pessoa","342");

INSERT INTO TB_AUDITORIA_ITENS VALUES("2155","","","nu_cpf","342");

INSERT INTO TB_AUDITORIA_ITENS VALUES("2156","LUCRECE NERI PORTELA","LUCRECE NERI PORTELA","no_pessoa","342");

INSERT INTO TB_AUDITORIA_ITENS VALUES("2157","","","nu_rg","342");

INSERT INTO TB_AUDITORIA_ITENS VALUES("2158","2020-03-25 12:17:19","","dt_cadastro","342");

INSERT INTO TB_AUDITORIA_ITENS VALUES("2159","","","dt_nascimento","342");

INSERT INTO TB_AUDITORIA_ITENS VALUES("2160","","","st_sexo","342");

INSERT INTO TB_AUDITORIA_ITENS VALUES("2161","0","9","co_endereco","342");

INSERT INTO TB_AUDITORIA_ITENS VALUES("2162","3","3","co_contato","342");

INSERT INTO TB_AUDITORIA_ITENS VALUES("2163","0","","co_imagem","342");

INSERT INTO TB_AUDITORIA_ITENS VALUES("2164","3","","co_usuario","343");

INSERT INTO TB_AUDITORIA_ITENS VALUES("2165","WXY3JNL5","123456**","ds_senha","343");

INSERT INTO TB_AUDITORIA_ITENS VALUES("2166","VjFoWk0wcE9URFU9","TVRJek5EVTJLaW89","ds_code","343");

INSERT INTO TB_AUDITORIA_ITENS VALUES("2167","I","A","st_status","343");

INSERT INTO TB_AUDITORIA_ITENS VALUES("2168","N","","st_troca_senha","343");

INSERT INTO TB_AUDITORIA_ITENS VALUES("2169","2020-03-25 12:17:19","","dt_cadastro","343");

INSERT INTO TB_AUDITORIA_ITENS VALUES("2170","0","11","co_imagem","343");

INSERT INTO TB_AUDITORIA_ITENS VALUES("2171","3","3","co_pessoa","343");

INSERT INTO TB_AUDITORIA_ITENS VALUES("2172","2","2","co_assinante","343");

INSERT INTO TB_AUDITORIA_ITENS VALUES("2173","","2","co_perfil","344");

INSERT INTO TB_AUDITORIA_ITENS VALUES("2174","","3","co_perfil","345");

INSERT INTO TB_AUDITORIA_ITENS VALUES("2175","","2020-04-07 13:19:21","dt_cadastro","346");

INSERT INTO TB_AUDITORIA_ITENS VALUES("2176","","2","co_assinante","346");

INSERT INTO TB_AUDITORIA_ITENS VALUES("2177","","O Cara 33","no_pessoa","347");

INSERT INTO TB_AUDITORIA_ITENS VALUES("2178","","37","co_pessoa","348");

INSERT INTO TB_AUDITORIA_ITENS VALUES("2179","","2020-04-07 13:19:21","dt_cadastro","348");

INSERT INTO TB_AUDITORIA_ITENS VALUES("2180","","2","co_assinante","348");

INSERT INTO TB_AUDITORIA_ITENS VALUES("2181","","Juju 333","no_pessoa","349");

INSERT INTO TB_AUDITORIA_ITENS VALUES("2182","","38","co_pessoa","350");

INSERT INTO TB_AUDITORIA_ITENS VALUES("2183","","2020-04-07 13:19:21","dt_cadastro","350");

INSERT INTO TB_AUDITORIA_ITENS VALUES("2184","","2","co_assinante","350");

INSERT INTO TB_AUDITORIA_ITENS VALUES("2185","","Penteado afro  333","no_servico","351");

INSERT INTO TB_AUDITORIA_ITENS VALUES("2186","","2020-04-07 13:19:21","dt_cadastro","351");

INSERT INTO TB_AUDITORIA_ITENS VALUES("2187","","2","co_assinante","351");

INSERT INTO TB_AUDITORIA_ITENS VALUES("2188","","18","co_agenda","352");

INSERT INTO TB_AUDITORIA_ITENS VALUES("2189","","2020-04-07 13:19:21","dt_cadastro","352");

INSERT INTO TB_AUDITORIA_ITENS VALUES("2190","","1","st_status","352");

INSERT INTO TB_AUDITORIA_ITENS VALUES("2191","","2020-04-08 08:00:00","dt_inicio_agenda","352");

INSERT INTO TB_AUDITORIA_ITENS VALUES("2192","","2020-04-08 18:00:00","dt_fim_agenda","352");

INSERT INTO TB_AUDITORIA_ITENS VALUES("2193","","0","nu_valor","352");

INSERT INTO TB_AUDITORIA_ITENS VALUES("2194","","0","nu_duracao","352");

INSERT INTO TB_AUDITORIA_ITENS VALUES("2195","","rtf rgerh","ds_observacao","352");

INSERT INTO TB_AUDITORIA_ITENS VALUES("2196","","3","co_usuario","352");

INSERT INTO TB_AUDITORIA_ITENS VALUES("2197","","15","co_profissional","352");

INSERT INTO TB_AUDITORIA_ITENS VALUES("2198","","15","co_cliente","352");

INSERT INTO TB_AUDITORIA_ITENS VALUES("2199","","14","co_servico","352");

INSERT INTO TB_AUDITORIA_ITENS VALUES("2200","","8","co_agenda","353");

INSERT INTO TB_AUDITORIA_ITENS VALUES("2201","","2020-03-31 08:00:00","dt_inicio_agenda","353");

INSERT INTO TB_AUDITORIA_ITENS VALUES("2202","","2020-03-31 18:00:00","dt_fim_agenda","353");

INSERT INTO TB_AUDITORIA_ITENS VALUES("2203","","0.00","nu_valor","353");

INSERT INTO TB_AUDITORIA_ITENS VALUES("2204","","0","nu_duracao","353");

INSERT INTO TB_AUDITORIA_ITENS VALUES("2205","","7","co_cliente","353");

INSERT INTO TB_AUDITORIA_ITENS VALUES("2206","","7","co_profissional","353");

INSERT INTO TB_AUDITORIA_ITENS VALUES("2207","","6","co_servico","353");

INSERT INTO TB_AUDITORIA_ITENS VALUES("2208","","1","co_usuario","353");

INSERT INTO TB_AUDITORIA_ITENS VALUES("2209","","2020-04-08 00:00:01","dt_cadastro","353");

INSERT INTO TB_AUDITORIA_ITENS VALUES("2210","","6","st_status","353");

INSERT INTO TB_AUDITORIA_ITENS VALUES("2211","","Mudou para o Status (Faltou) automaticamente pelo Sistema","ds_observacao","353");

INSERT INTO TB_AUDITORIA_ITENS VALUES("2212","","Tela Inicial","ds_titulo","354");

INSERT INTO TB_AUDITORIA_ITENS VALUES("2213","","Dados para o Assinante dados para o perfil master","ds_observacao","354");

INSERT INTO TB_AUDITORIA_ITENS VALUES("2214","","4","co_sessao","354");

INSERT INTO TB_AUDITORIA_ITENS VALUES("2215","","N","st_situacao","354");

INSERT INTO TB_AUDITORIA_ITENS VALUES("2216","","2020-04-08 11:37:38","dt_atualizado","354");

INSERT INTO TB_AUDITORIA_ITENS VALUES("2217","","2020-04-08 11:37:38","dt_cadastro","354");

INSERT INTO TB_AUDITORIA_ITENS VALUES("2218","","20","nu_esforco","355");

INSERT INTO TB_AUDITORIA_ITENS VALUES("2219","","20","nu_esforco_restante","355");

INSERT INTO TB_AUDITORIA_ITENS VALUES("2220","","2020-04-08 11:37:38","dt_cadastro","355");

INSERT INTO TB_AUDITORIA_ITENS VALUES("2221","","66","co_historia","355");

INSERT INTO TB_AUDITORIA_ITENS VALUES("2222","8","","co_historico_suporte","356");

INSERT INTO TB_AUDITORIA_ITENS VALUES("2223","2020-04-04 11:02:24","","dt_cadastro","356");

INSERT INTO TB_AUDITORIA_ITENS VALUES("2224","Guarda roupas fechado","","ds_mensagem","356");

INSERT INTO TB_AUDITORIA_ITENS VALUES("2225","N","S","st_lido","356");

INSERT INTO TB_AUDITORIA_ITENS VALUES("2226","2","","co_suporte","356");

INSERT INTO TB_AUDITORIA_ITENS VALUES("2227","1","","co_usuario","356");

INSERT INTO TB_AUDITORIA_ITENS VALUES("2228","10","","co_imagem","356");

INSERT INTO TB_AUDITORIA_ITENS VALUES("2229","8","","co_historico_suporte","357");

INSERT INTO TB_AUDITORIA_ITENS VALUES("2230","2020-04-04 11:02:24","","dt_cadastro","357");

INSERT INTO TB_AUDITORIA_ITENS VALUES("2231","Guarda roupas fechado","","ds_mensagem","357");

INSERT INTO TB_AUDITORIA_ITENS VALUES("2232","S","S","st_lido","357");

INSERT INTO TB_AUDITORIA_ITENS VALUES("2233","2","","co_suporte","357");

INSERT INTO TB_AUDITORIA_ITENS VALUES("2234","1","","co_usuario","357");

INSERT INTO TB_AUDITORIA_ITENS VALUES("2235","10","","co_imagem","357");

INSERT INTO TB_AUDITORIA_ITENS VALUES("2236","","18","co_agenda","358");

INSERT INTO TB_AUDITORIA_ITENS VALUES("2237","","2020-04-08 08:00:00","dt_inicio_agenda","358");

INSERT INTO TB_AUDITORIA_ITENS VALUES("2238","","2020-04-08 18:00:00","dt_fim_agenda","358");

INSERT INTO TB_AUDITORIA_ITENS VALUES("2239","","0.00","nu_valor","358");

INSERT INTO TB_AUDITORIA_ITENS VALUES("2240","","0","nu_duracao","358");

INSERT INTO TB_AUDITORIA_ITENS VALUES("2241","","15","co_cliente","358");

INSERT INTO TB_AUDITORIA_ITENS VALUES("2242","","15","co_profissional","358");

INSERT INTO TB_AUDITORIA_ITENS VALUES("2243","","14","co_servico","358");

INSERT INTO TB_AUDITORIA_ITENS VALUES("2244","","1","co_usuario","358");

INSERT INTO TB_AUDITORIA_ITENS VALUES("2245","","2020-04-09 00:00:01","dt_cadastro","358");

INSERT INTO TB_AUDITORIA_ITENS VALUES("2246","","6","st_status","358");

INSERT INTO TB_AUDITORIA_ITENS VALUES("2247","","Mudou para o Status (Faltou) automaticamente pelo Sistema","ds_observacao","358");

INSERT INTO TB_AUDITORIA_ITENS VALUES("2248","","4","co_agenda","359");

INSERT INTO TB_AUDITORIA_ITENS VALUES("2249","","2020-04-08 08:00:00","dt_inicio_agenda","359");

INSERT INTO TB_AUDITORIA_ITENS VALUES("2250","","2020-04-08 18:00:00","dt_fim_agenda","359");

INSERT INTO TB_AUDITORIA_ITENS VALUES("2251","","0.00","nu_valor","359");

INSERT INTO TB_AUDITORIA_ITENS VALUES("2252","","0","nu_duracao","359");

INSERT INTO TB_AUDITORIA_ITENS VALUES("2253","","3","co_cliente","359");

INSERT INTO TB_AUDITORIA_ITENS VALUES("2254","","3","co_profissional","359");

INSERT INTO TB_AUDITORIA_ITENS VALUES("2255","","2","co_servico","359");

INSERT INTO TB_AUDITORIA_ITENS VALUES("2256","","1","co_usuario","359");

INSERT INTO TB_AUDITORIA_ITENS VALUES("2257","","2020-04-09 00:00:01","dt_cadastro","359");

INSERT INTO TB_AUDITORIA_ITENS VALUES("2258","","6","st_status","359");

INSERT INTO TB_AUDITORIA_ITENS VALUES("2259","","Mudou para o Status (Faltou) automaticamente pelo Sistema","ds_observacao","359");

INSERT INTO TB_AUDITORIA_ITENS VALUES("2260","","leonardo.bessa@basis.com.br","ds_email","360");

INSERT INTO TB_AUDITORIA_ITENS VALUES("2261","","6199566323","nu_tel1","360");

INSERT INTO TB_AUDITORIA_ITENS VALUES("2262","","HENRIQUE CARVALHO ASSUNçãO","no_pessoa","361");

INSERT INTO TB_AUDITORIA_ITENS VALUES("2263","","9","co_contato","361");

INSERT INTO TB_AUDITORIA_ITENS VALUES("2264","","2020-04-11 18:20:43","dt_cadastro","361");

INSERT INTO TB_AUDITORIA_ITENS VALUES("2265","","Cabelo Hairs","no_fantasia","362");

INSERT INTO TB_AUDITORIA_ITENS VALUES("2266","","2020-04-11 18:20:43","dt_cadastro","362");

INSERT INTO TB_AUDITORIA_ITENS VALUES("2267","","M","tp_assinante","363");

INSERT INTO TB_AUDITORIA_ITENS VALUES("2268","","39","co_pessoa","363");

INSERT INTO TB_AUDITORIA_ITENS VALUES("2269","","6","co_empresa","363");

INSERT INTO TB_AUDITORIA_ITENS VALUES("2270","","2020-04-11 18:20:44","dt_cadastro","363");

INSERT INTO TB_AUDITORIA_ITENS VALUES("2271","","2020-04-26","dt_expiracao","363");

INSERT INTO TB_AUDITORIA_ITENS VALUES("2272","","6","co_assinante","364");

INSERT INTO TB_AUDITORIA_ITENS VALUES("2273","","39","co_pessoa","364");

INSERT INTO TB_AUDITORIA_ITENS VALUES("2274","","BIJ6HMC7","ds_senha","364");

INSERT INTO TB_AUDITORIA_ITENS VALUES("2275","","UWtsS05raE5RemM9","ds_code","364");

INSERT INTO TB_AUDITORIA_ITENS VALUES("2276","","I","st_status","364");

INSERT INTO TB_AUDITORIA_ITENS VALUES("2277","","2020-04-11 18:20:44","dt_cadastro","364");

INSERT INTO TB_AUDITORIA_ITENS VALUES("2278","","1","co_plano_assinante","365");

INSERT INTO TB_AUDITORIA_ITENS VALUES("2279","","6","co_assinante","365");

INSERT INTO TB_AUDITORIA_ITENS VALUES("2280","","3","nu_profissionais","365");

INSERT INTO TB_AUDITORIA_ITENS VALUES("2281","","0","nu_filiais","365");

INSERT INTO TB_AUDITORIA_ITENS VALUES("2282","","A","st_status","365");

INSERT INTO TB_AUDITORIA_ITENS VALUES("2283","","3","st_pagamento","365");

INSERT INTO TB_AUDITORIA_ITENS VALUES("2284","","2020-04-11 18:20:44","dt_cadastro","365");

INSERT INTO TB_AUDITORIA_ITENS VALUES("2285","","2020-04-11 18:20:44","dt_modificado","365");

INSERT INTO TB_AUDITORIA_ITENS VALUES("2286","","2020-04-26","dt_expiracao","365");

INSERT INTO TB_AUDITORIA_ITENS VALUES("2287","","0.00","nu_valor_assinatura","365");

INSERT INTO TB_AUDITORIA_ITENS VALUES("2288","","14","co_plano_assinante_assinatura","366");

INSERT INTO TB_AUDITORIA_ITENS VALUES("2289","","2020-04-11 18:20:44","dt_cadastro","366");

INSERT INTO TB_AUDITORIA_ITENS VALUES("2290","","Plano Grátis","ds_acao","366");

INSERT INTO TB_AUDITORIA_ITENS VALUES("2291","","Usuário SisBela Iniciou o plano de experiência de 15 Dias.","ds_usuario","366");

INSERT INTO TB_AUDITORIA_ITENS VALUES("2292","","3","st_pagamento","366");

INSERT INTO TB_AUDITORIA_ITENS VALUES("2293","","2","co_perfil","367");

INSERT INTO TB_AUDITORIA_ITENS VALUES("2294","","9","co_usuario","367");

INSERT INTO TB_AUDITORIA_ITENS VALUES("2295","","5","co_agenda","368");

INSERT INTO TB_AUDITORIA_ITENS VALUES("2296","","2020-04-14 08:00:00","dt_inicio_agenda","368");

INSERT INTO TB_AUDITORIA_ITENS VALUES("2297","","2020-04-14 18:00:00","dt_fim_agenda","368");

INSERT INTO TB_AUDITORIA_ITENS VALUES("2298","","0.00","nu_valor","368");

INSERT INTO TB_AUDITORIA_ITENS VALUES("2299","","0","nu_duracao","368");

INSERT INTO TB_AUDITORIA_ITENS VALUES("2300","","4","co_cliente","368");

INSERT INTO TB_AUDITORIA_ITENS VALUES("2301","","4","co_profissional","368");

INSERT INTO TB_AUDITORIA_ITENS VALUES("2302","","3","co_servico","368");

INSERT INTO TB_AUDITORIA_ITENS VALUES("2303","","1","co_usuario","368");

INSERT INTO TB_AUDITORIA_ITENS VALUES("2304","","2020-04-15 00:00:01","dt_cadastro","368");

INSERT INTO TB_AUDITORIA_ITENS VALUES("2305","","6","st_status","368");

INSERT INTO TB_AUDITORIA_ITENS VALUES("2306","","Mudou para o Status (Faltou) automaticamente pelo Sistema","ds_observacao","368");

INSERT INTO TB_AUDITORIA_ITENS VALUES("2307","13","","co_plano_assinante_assinatura","369");

INSERT INTO TB_AUDITORIA_ITENS VALUES("2308","2020-04-04 14:01:30","","dt_cadastro","369");

INSERT INTO TB_AUDITORIA_ITENS VALUES("2309","2020-05-09","","dt_expiracao","369");

INSERT INTO TB_AUDITORIA_ITENS VALUES("2310","","","dt_confirma_pagamento","369");

INSERT INTO TB_AUDITORIA_ITENS VALUES("2311","3","","tp_pagamento","369");

INSERT INTO TB_AUDITORIA_ITENS VALUES("2312","2","2","st_pagamento","369");

INSERT INTO TB_AUDITORIA_ITENS VALUES("2313","2020-04-04 14:01:37","2020-04-04T14:01:37.000-03:00","dt_modificado","369");

INSERT INTO TB_AUDITORIA_ITENS VALUES("2314","0.99","","nu_valor_desconto","369");

INSERT INTO TB_AUDITORIA_ITENS VALUES("2315","13.91","","nu_valor_real","369");

INSERT INTO TB_AUDITORIA_ITENS VALUES("2316","","","ds_link_boleto","369");

INSERT INTO TB_AUDITORIA_ITENS VALUES("2317","0","","nu_filiais","369");

INSERT INTO TB_AUDITORIA_ITENS VALUES("2318","5","","co_plano_assinante_assinatura_ativo","369");

INSERT INTO TB_AUDITORIA_ITENS VALUES("2319","I","","st_status","369");

INSERT INTO TB_AUDITORIA_ITENS VALUES("2320","DCAB740B-F6D5-4150-AFF2-9CE647BF8038","","ds_code_transacao","369");

INSERT INTO TB_AUDITORIA_ITENS VALUES("2321","14.90","","nu_valor_assinatura","369");

INSERT INTO TB_AUDITORIA_ITENS VALUES("2322","3","","nu_profissionais","369");

INSERT INTO TB_AUDITORIA_ITENS VALUES("2323","5","","co_assinante","369");

INSERT INTO TB_AUDITORIA_ITENS VALUES("2324","2","","co_plano_assinante","369");

INSERT INTO TB_AUDITORIA_ITENS VALUES("2325","13","","co_plano_assinante_assinatura","370");

INSERT INTO TB_AUDITORIA_ITENS VALUES("2326","2020-04-04 14:01:30","","dt_cadastro","370");

INSERT INTO TB_AUDITORIA_ITENS VALUES("2327","2020-05-09","","dt_expiracao","370");

INSERT INTO TB_AUDITORIA_ITENS VALUES("2328","","","dt_confirma_pagamento","370");

INSERT INTO TB_AUDITORIA_ITENS VALUES("2329","3","","tp_pagamento","370");

INSERT INTO TB_AUDITORIA_ITENS VALUES("2330","2","2","st_pagamento","370");

INSERT INTO TB_AUDITORIA_ITENS VALUES("2331","2020-04-04 14:01:37","2020-04-04T14:01:37.000-03:00","dt_modificado","370");

INSERT INTO TB_AUDITORIA_ITENS VALUES("2332","0.99","","nu_valor_desconto","370");

INSERT INTO TB_AUDITORIA_ITENS VALUES("2333","13.91","","nu_valor_real","370");

INSERT INTO TB_AUDITORIA_ITENS VALUES("2334","","","ds_link_boleto","370");

INSERT INTO TB_AUDITORIA_ITENS VALUES("2335","0","","nu_filiais","370");

INSERT INTO TB_AUDITORIA_ITENS VALUES("2336","5","","co_plano_assinante_assinatura_ativo","370");

INSERT INTO TB_AUDITORIA_ITENS VALUES("2337","I","","st_status","370");

INSERT INTO TB_AUDITORIA_ITENS VALUES("2338","DCAB740B-F6D5-4150-AFF2-9CE647BF8038","","ds_code_transacao","370");

INSERT INTO TB_AUDITORIA_ITENS VALUES("2339","14.90","","nu_valor_assinatura","370");

INSERT INTO TB_AUDITORIA_ITENS VALUES("2340","3","","nu_profissionais","370");

INSERT INTO TB_AUDITORIA_ITENS VALUES("2341","5","","co_assinante","370");

INSERT INTO TB_AUDITORIA_ITENS VALUES("2342","2","","co_plano_assinante","370");

INSERT INTO TB_AUDITORIA_ITENS VALUES("2343","13","","co_plano_assinante_assinatura","371");

INSERT INTO TB_AUDITORIA_ITENS VALUES("2344","2020-04-04 14:01:30","","dt_cadastro","371");

INSERT INTO TB_AUDITORIA_ITENS VALUES("2345","2020-05-09","","dt_expiracao","371");

INSERT INTO TB_AUDITORIA_ITENS VALUES("2346","","","dt_confirma_pagamento","371");

INSERT INTO TB_AUDITORIA_ITENS VALUES("2347","3","","tp_pagamento","371");

INSERT INTO TB_AUDITORIA_ITENS VALUES("2348","2","2","st_pagamento","371");

INSERT INTO TB_AUDITORIA_ITENS VALUES("2349","2020-04-04 14:01:37","2020-04-04T14:01:37.000-03:00","dt_modificado","371");

INSERT INTO TB_AUDITORIA_ITENS VALUES("2350","0.99","","nu_valor_desconto","371");

INSERT INTO TB_AUDITORIA_ITENS VALUES("2351","13.91","","nu_valor_real","371");

INSERT INTO TB_AUDITORIA_ITENS VALUES("2352","","","ds_link_boleto","371");

INSERT INTO TB_AUDITORIA_ITENS VALUES("2353","0","","nu_filiais","371");

INSERT INTO TB_AUDITORIA_ITENS VALUES("2354","5","","co_plano_assinante_assinatura_ativo","371");

INSERT INTO TB_AUDITORIA_ITENS VALUES("2355","I","","st_status","371");

INSERT INTO TB_AUDITORIA_ITENS VALUES("2356","DCAB740B-F6D5-4150-AFF2-9CE647BF8038","","ds_code_transacao","371");

INSERT INTO TB_AUDITORIA_ITENS VALUES("2357","14.90","","nu_valor_assinatura","371");

INSERT INTO TB_AUDITORIA_ITENS VALUES("2358","3","","nu_profissionais","371");

INSERT INTO TB_AUDITORIA_ITENS VALUES("2359","5","","co_assinante","371");

INSERT INTO TB_AUDITORIA_ITENS VALUES("2360","2","","co_plano_assinante","371");

INSERT INTO TB_AUDITORIA_ITENS VALUES("2361","7","","co_plano_assinante_assinatura","372");

INSERT INTO TB_AUDITORIA_ITENS VALUES("2362","2020-03-25 16:15:38","","dt_cadastro","372");

INSERT INTO TB_AUDITORIA_ITENS VALUES("2363","2021-04-09","","dt_expiracao","372");

INSERT INTO TB_AUDITORIA_ITENS VALUES("2364","2020-03-25 16:17:47","","dt_confirma_pagamento","372");

INSERT INTO TB_AUDITORIA_ITENS VALUES("2365","5","","tp_pagamento","372");

INSERT INTO TB_AUDITORIA_ITENS VALUES("2366","6","6","st_pagamento","372");

INSERT INTO TB_AUDITORIA_ITENS VALUES("2367","2020-03-25 16:18:42","2020-03-25T16:18:46.000-03:00","dt_modificado","372");

INSERT INTO TB_AUDITORIA_ITENS VALUES("2368","5.38","","nu_valor_desconto","372");

INSERT INTO TB_AUDITORIA_ITENS VALUES("2369","119.52","","nu_valor_real","372");

INSERT INTO TB_AUDITORIA_ITENS VALUES("2370","https://sandbox.pagseguro.uol.com.br/checkout/payment/booklet/print.jhtml?c=7b44c80e5b528387bc67d405b29d4d7827c2f0f5f1425d56c8d41170005505e083fbc0f342424194","","ds_link_boleto","372");

INSERT INTO TB_AUDITORIA_ITENS VALUES("2371","0","","nu_filiais","372");

INSERT INTO TB_AUDITORIA_ITENS VALUES("2372","5","","co_plano_assinante_assinatura_ativo","372");

INSERT INTO TB_AUDITORIA_ITENS VALUES("2373","I","","st_status","372");

INSERT INTO TB_AUDITORIA_ITENS VALUES("2374","EDA0F0A7-B225-4F2B-877D-AE6021DE7077","","ds_code_transacao","372");

INSERT INTO TB_AUDITORIA_ITENS VALUES("2375","124.90","","nu_valor_assinatura","372");

INSERT INTO TB_AUDITORIA_ITENS VALUES("2376","25","","nu_profissionais","372");

INSERT INTO TB_AUDITORIA_ITENS VALUES("2377","5","","co_assinante","372");

INSERT INTO TB_AUDITORIA_ITENS VALUES("2378","5","","co_plano_assinante","372");

INSERT INTO TB_AUDITORIA_ITENS VALUES("2379","","teste@gmail.com","ds_email","373");

INSERT INTO TB_AUDITORIA_ITENS VALUES("2380","","61992556968","nu_tel1","373");

INSERT INTO TB_AUDITORIA_ITENS VALUES("2381","","Marcelo Moita","no_pessoa","374");

INSERT INTO TB_AUDITORIA_ITENS VALUES("2382","","10","co_contato","374");

INSERT INTO TB_AUDITORIA_ITENS VALUES("2383","","2020-04-15 10:44:55","dt_cadastro","374");

INSERT INTO TB_AUDITORIA_ITENS VALUES("2384","","Moitaa coiffer","no_fantasia","375");

INSERT INTO TB_AUDITORIA_ITENS VALUES("2385","","2020-04-15 10:44:55","dt_cadastro","375");

INSERT INTO TB_AUDITORIA_ITENS VALUES("2386","","M","tp_assinante","376");

INSERT INTO TB_AUDITORIA_ITENS VALUES("2387","","40","co_pessoa","376");

INSERT INTO TB_AUDITORIA_ITENS VALUES("2388","","7","co_empresa","376");

INSERT INTO TB_AUDITORIA_ITENS VALUES("2389","","2020-04-15 10:44:55","dt_cadastro","376");

INSERT INTO TB_AUDITORIA_ITENS VALUES("2390","","2020-04-30","dt_expiracao","376");

INSERT INTO TB_AUDITORIA_ITENS VALUES("2391","","7","co_assinante","377");

INSERT INTO TB_AUDITORIA_ITENS VALUES("2392","","40","co_pessoa","377");

INSERT INTO TB_AUDITORIA_ITENS VALUES("2393","","KHU7VVQ0","ds_senha","377");

INSERT INTO TB_AUDITORIA_ITENS VALUES("2394","","UzBoVk4xWldVVEE9","ds_code","377");

INSERT INTO TB_AUDITORIA_ITENS VALUES("2395","","I","st_status","377");

INSERT INTO TB_AUDITORIA_ITENS VALUES("2396","","2020-04-15 10:44:55","dt_cadastro","377");

INSERT INTO TB_AUDITORIA_ITENS VALUES("2397","","1","co_plano_assinante","378");

INSERT INTO TB_AUDITORIA_ITENS VALUES("2398","","7","co_assinante","378");

INSERT INTO TB_AUDITORIA_ITENS VALUES("2399","","3","nu_profissionais","378");

INSERT INTO TB_AUDITORIA_ITENS VALUES("2400","","0","nu_filiais","378");

INSERT INTO TB_AUDITORIA_ITENS VALUES("2401","","A","st_status","378");

INSERT INTO TB_AUDITORIA_ITENS VALUES("2402","","3","st_pagamento","378");

INSERT INTO TB_AUDITORIA_ITENS VALUES("2403","","2020-04-15 10:45:16","dt_cadastro","378");

INSERT INTO TB_AUDITORIA_ITENS VALUES("2404","","2020-04-15 10:45:16","dt_modificado","378");

INSERT INTO TB_AUDITORIA_ITENS VALUES("2405","","2020-04-30","dt_expiracao","378");

INSERT INTO TB_AUDITORIA_ITENS VALUES("2406","","0.00","nu_valor_assinatura","378");

INSERT INTO TB_AUDITORIA_ITENS VALUES("2407","","15","co_plano_assinante_assinatura","379");

INSERT INTO TB_AUDITORIA_ITENS VALUES("2408","","2020-04-15 10:45:16","dt_cadastro","379");

INSERT INTO TB_AUDITORIA_ITENS VALUES("2409","","Plano Grátis","ds_acao","379");

INSERT INTO TB_AUDITORIA_ITENS VALUES("2410","","Usuário SisBela Iniciou o plano de experiência de 15 Dias.","ds_usuario","379");

INSERT INTO TB_AUDITORIA_ITENS VALUES("2411","","3","st_pagamento","379");

INSERT INTO TB_AUDITORIA_ITENS VALUES("2412","","2","co_perfil","380");

INSERT INTO TB_AUDITORIA_ITENS VALUES("2413","","10","co_usuario","380");

INSERT INTO TB_AUDITORIA_ITENS VALUES("2414","","thais.mail@gmail.com","ds_email","381");

INSERT INTO TB_AUDITORIA_ITENS VALUES("2415","","61558996362","nu_tel1","381");

INSERT INTO TB_AUDITORIA_ITENS VALUES("2416","","JOãO VICTOR PEREIRA FERNANDES","no_pessoa","382");

INSERT INTO TB_AUDITORIA_ITENS VALUES("2417","","11","co_contato","382");

INSERT INTO TB_AUDITORIA_ITENS VALUES("2418","","2020-04-15 10:50:44","dt_cadastro","382");

INSERT INTO TB_AUDITORIA_ITENS VALUES("2419","","Cabelo Hairs","no_fantasia","383");

INSERT INTO TB_AUDITORIA_ITENS VALUES("2420","","2020-04-15 10:50:44","dt_cadastro","383");

INSERT INTO TB_AUDITORIA_ITENS VALUES("2421","","M","tp_assinante","384");

INSERT INTO TB_AUDITORIA_ITENS VALUES("2422","","41","co_pessoa","384");

INSERT INTO TB_AUDITORIA_ITENS VALUES("2423","","8","co_empresa","384");

INSERT INTO TB_AUDITORIA_ITENS VALUES("2424","","2020-04-15 10:50:44","dt_cadastro","384");

INSERT INTO TB_AUDITORIA_ITENS VALUES("2425","","2020-04-30","dt_expiracao","384");

INSERT INTO TB_AUDITORIA_ITENS VALUES("2426","","8","co_assinante","385");

INSERT INTO TB_AUDITORIA_ITENS VALUES("2427","","41","co_pessoa","385");

INSERT INTO TB_AUDITORIA_ITENS VALUES("2428","","WMD1OVY0","ds_senha","385");

INSERT INTO TB_AUDITORIA_ITENS VALUES("2429","","VjAxRU1VOVdXVEE9","ds_code","385");

INSERT INTO TB_AUDITORIA_ITENS VALUES("2430","","I","st_status","385");

INSERT INTO TB_AUDITORIA_ITENS VALUES("2431","","2020-04-15 10:50:44","dt_cadastro","385");

INSERT INTO TB_AUDITORIA_ITENS VALUES("2432","","1","co_plano_assinante","386");

INSERT INTO TB_AUDITORIA_ITENS VALUES("2433","","8","co_assinante","386");

INSERT INTO TB_AUDITORIA_ITENS VALUES("2434","","3","nu_profissionais","386");

INSERT INTO TB_AUDITORIA_ITENS VALUES("2435","","0","nu_filiais","386");

INSERT INTO TB_AUDITORIA_ITENS VALUES("2436","","A","st_status","386");

INSERT INTO TB_AUDITORIA_ITENS VALUES("2437","","3","st_pagamento","386");

INSERT INTO TB_AUDITORIA_ITENS VALUES("2438","","2020-04-15 10:50:56","dt_cadastro","386");

INSERT INTO TB_AUDITORIA_ITENS VALUES("2439","","2020-04-15 10:50:56","dt_modificado","386");

INSERT INTO TB_AUDITORIA_ITENS VALUES("2440","","2020-04-30","dt_expiracao","386");

INSERT INTO TB_AUDITORIA_ITENS VALUES("2441","","0.00","nu_valor_assinatura","386");

INSERT INTO TB_AUDITORIA_ITENS VALUES("2442","","16","co_plano_assinante_assinatura","387");

INSERT INTO TB_AUDITORIA_ITENS VALUES("2443","","2020-04-15 10:50:56","dt_cadastro","387");

INSERT INTO TB_AUDITORIA_ITENS VALUES("2444","","Plano Grátis","ds_acao","387");

INSERT INTO TB_AUDITORIA_ITENS VALUES("2445","","Usuário SisBela Iniciou o plano de experiência de 15 Dias.","ds_usuario","387");

INSERT INTO TB_AUDITORIA_ITENS VALUES("2446","","3","st_pagamento","387");

INSERT INTO TB_AUDITORIA_ITENS VALUES("2447","","2","co_perfil","388");

INSERT INTO TB_AUDITORIA_ITENS VALUES("2448","","11","co_usuario","388");

INSERT INTO TB_AUDITORIA_ITENS VALUES("2449","","teste@gmail.com","ds_email","389");

INSERT INTO TB_AUDITORIA_ITENS VALUES("2450","","61599663331","nu_tel1","389");

INSERT INTO TB_AUDITORIA_ITENS VALUES("2451","","HENRIQUE CARVALHO ASSUNçãO","no_pessoa","390");

INSERT INTO TB_AUDITORIA_ITENS VALUES("2452","","12","co_contato","390");

INSERT INTO TB_AUDITORIA_ITENS VALUES("2453","","2020-04-15 10:52:48","dt_cadastro","390");

INSERT INTO TB_AUDITORIA_ITENS VALUES("2454","","Cabelo Hairs","no_fantasia","391");

INSERT INTO TB_AUDITORIA_ITENS VALUES("2455","","2020-04-15 10:52:48","dt_cadastro","391");

INSERT INTO TB_AUDITORIA_ITENS VALUES("2456","","M","tp_assinante","392");

INSERT INTO TB_AUDITORIA_ITENS VALUES("2457","","42","co_pessoa","392");

INSERT INTO TB_AUDITORIA_ITENS VALUES("2458","","9","co_empresa","392");

INSERT INTO TB_AUDITORIA_ITENS VALUES("2459","","2020-04-15 10:52:48","dt_cadastro","392");

INSERT INTO TB_AUDITORIA_ITENS VALUES("2460","","2020-04-30","dt_expiracao","392");

INSERT INTO TB_AUDITORIA_ITENS VALUES("2461","","9","co_assinante","393");

INSERT INTO TB_AUDITORIA_ITENS VALUES("2462","","42","co_pessoa","393");

INSERT INTO TB_AUDITORIA_ITENS VALUES("2463","","IRB5YWB8","ds_senha","393");

INSERT INTO TB_AUDITORIA_ITENS VALUES("2464","","U1ZKQ05WbFhRamc9","ds_code","393");

INSERT INTO TB_AUDITORIA_ITENS VALUES("2465","","I","st_status","393");

INSERT INTO TB_AUDITORIA_ITENS VALUES("2466","","2020-04-15 10:52:48","dt_cadastro","393");

INSERT INTO TB_AUDITORIA_ITENS VALUES("2467","","1","co_plano_assinante","394");

INSERT INTO TB_AUDITORIA_ITENS VALUES("2468","","9","co_assinante","394");

INSERT INTO TB_AUDITORIA_ITENS VALUES("2469","","3","nu_profissionais","394");

INSERT INTO TB_AUDITORIA_ITENS VALUES("2470","","0","nu_filiais","394");

INSERT INTO TB_AUDITORIA_ITENS VALUES("2471","","A","st_status","394");

INSERT INTO TB_AUDITORIA_ITENS VALUES("2472","","3","st_pagamento","394");

INSERT INTO TB_AUDITORIA_ITENS VALUES("2473","","2020-04-15 10:52:51","dt_cadastro","394");

INSERT INTO TB_AUDITORIA_ITENS VALUES("2474","","2020-04-15 10:52:51","dt_modificado","394");

INSERT INTO TB_AUDITORIA_ITENS VALUES("2475","","2020-04-30","dt_expiracao","394");

INSERT INTO TB_AUDITORIA_ITENS VALUES("2476","","0.00","nu_valor_assinatura","394");

INSERT INTO TB_AUDITORIA_ITENS VALUES("2477","","17","co_plano_assinante_assinatura","395");

INSERT INTO TB_AUDITORIA_ITENS VALUES("2478","","2020-04-15 10:52:51","dt_cadastro","395");

INSERT INTO TB_AUDITORIA_ITENS VALUES("2479","","Plano Grátis","ds_acao","395");

INSERT INTO TB_AUDITORIA_ITENS VALUES("2480","","Usuário SisBela Iniciou o plano de experiência de 15 Dias.","ds_usuario","395");

INSERT INTO TB_AUDITORIA_ITENS VALUES("2481","","3","st_pagamento","395");

INSERT INTO TB_AUDITORIA_ITENS VALUES("2482","","2","co_perfil","396");

INSERT INTO TB_AUDITORIA_ITENS VALUES("2483","","12","co_usuario","396");

INSERT INTO TB_AUDITORIA_ITENS VALUES("2484","","lele.403@hotmail.com","ds_email","397");

INSERT INTO TB_AUDITORIA_ITENS VALUES("2485","","61995546653","nu_tel1","397");

INSERT INTO TB_AUDITORIA_ITENS VALUES("2486","","Marcelo Moita","no_pessoa","398");

INSERT INTO TB_AUDITORIA_ITENS VALUES("2487","","13","co_contato","398");

INSERT INTO TB_AUDITORIA_ITENS VALUES("2488","","2020-04-15 10:54:18","dt_cadastro","398");

INSERT INTO TB_AUDITORIA_ITENS VALUES("2489","","Moitaa coiffer","no_fantasia","399");

INSERT INTO TB_AUDITORIA_ITENS VALUES("2490","","2020-04-15 10:54:18","dt_cadastro","399");

INSERT INTO TB_AUDITORIA_ITENS VALUES("2491","","M","tp_assinante","400");

INSERT INTO TB_AUDITORIA_ITENS VALUES("2492","","43","co_pessoa","400");

INSERT INTO TB_AUDITORIA_ITENS VALUES("2493","","10","co_empresa","400");

INSERT INTO TB_AUDITORIA_ITENS VALUES("2494","","2020-04-15 10:54:18","dt_cadastro","400");

INSERT INTO TB_AUDITORIA_ITENS VALUES("2495","","2020-04-30","dt_expiracao","400");

INSERT INTO TB_AUDITORIA_ITENS VALUES("2496","","10","co_assinante","401");

INSERT INTO TB_AUDITORIA_ITENS VALUES("2497","","43","co_pessoa","401");

INSERT INTO TB_AUDITORIA_ITENS VALUES("2498","","NYU4PBQ8","ds_senha","401");

INSERT INTO TB_AUDITORIA_ITENS VALUES("2499","","VGxsVk5GQkNVVGc9","ds_code","401");

INSERT INTO TB_AUDITORIA_ITENS VALUES("2500","","I","st_status","401");

INSERT INTO TB_AUDITORIA_ITENS VALUES("2501","","2020-04-15 10:54:18","dt_cadastro","401");

INSERT INTO TB_AUDITORIA_ITENS VALUES("2502","","1","co_plano_assinante","402");

INSERT INTO TB_AUDITORIA_ITENS VALUES("2503","","10","co_assinante","402");

INSERT INTO TB_AUDITORIA_ITENS VALUES("2504","","3","nu_profissionais","402");

INSERT INTO TB_AUDITORIA_ITENS VALUES("2505","","0","nu_filiais","402");

INSERT INTO TB_AUDITORIA_ITENS VALUES("2506","","A","st_status","402");

INSERT INTO TB_AUDITORIA_ITENS VALUES("2507","","3","st_pagamento","402");

INSERT INTO TB_AUDITORIA_ITENS VALUES("2508","","2020-04-15 10:54:34","dt_cadastro","402");

INSERT INTO TB_AUDITORIA_ITENS VALUES("2509","","2020-04-15 10:54:34","dt_modificado","402");

INSERT INTO TB_AUDITORIA_ITENS VALUES("2510","","2020-04-30","dt_expiracao","402");

INSERT INTO TB_AUDITORIA_ITENS VALUES("2511","","0.00","nu_valor_assinatura","402");

INSERT INTO TB_AUDITORIA_ITENS VALUES("2512","","18","co_plano_assinante_assinatura","403");

INSERT INTO TB_AUDITORIA_ITENS VALUES("2513","","2020-04-15 10:54:34","dt_cadastro","403");

INSERT INTO TB_AUDITORIA_ITENS VALUES("2514","","Plano Grátis","ds_acao","403");

INSERT INTO TB_AUDITORIA_ITENS VALUES("2515","","Usuário SisBela Iniciou o plano de experiência de 15 Dias.","ds_usuario","403");

INSERT INTO TB_AUDITORIA_ITENS VALUES("2516","","3","st_pagamento","403");

INSERT INTO TB_AUDITORIA_ITENS VALUES("2517","","2","co_perfil","404");

INSERT INTO TB_AUDITORIA_ITENS VALUES("2518","","13","co_usuario","404");

INSERT INTO TB_AUDITORIA_ITENS VALUES("2519","","lucrece.neri@hotmail.com","ds_email","405");

INSERT INTO TB_AUDITORIA_ITENS VALUES("2520","","61599633255","nu_tel1","405");

INSERT INTO TB_AUDITORIA_ITENS VALUES("2521","","HENRIQUE CARVALHO ASSUNçãO","no_pessoa","406");

INSERT INTO TB_AUDITORIA_ITENS VALUES("2522","","14","co_contato","406");

INSERT INTO TB_AUDITORIA_ITENS VALUES("2523","","2020-04-15 10:55:48","dt_cadastro","406");

INSERT INTO TB_AUDITORIA_ITENS VALUES("2524","","Moitaa coiffer","no_fantasia","407");

INSERT INTO TB_AUDITORIA_ITENS VALUES("2525","","2020-04-15 10:55:48","dt_cadastro","407");

INSERT INTO TB_AUDITORIA_ITENS VALUES("2526","","M","tp_assinante","408");

INSERT INTO TB_AUDITORIA_ITENS VALUES("2527","","44","co_pessoa","408");

INSERT INTO TB_AUDITORIA_ITENS VALUES("2528","","11","co_empresa","408");

INSERT INTO TB_AUDITORIA_ITENS VALUES("2529","","2020-04-15 10:55:48","dt_cadastro","408");

INSERT INTO TB_AUDITORIA_ITENS VALUES("2530","","2020-04-30","dt_expiracao","408");

INSERT INTO TB_AUDITORIA_ITENS VALUES("2531","","11","co_assinante","409");

INSERT INTO TB_AUDITORIA_ITENS VALUES("2532","","44","co_pessoa","409");

INSERT INTO TB_AUDITORIA_ITENS VALUES("2533","","WHZ5KYN6","ds_senha","409");

INSERT INTO TB_AUDITORIA_ITENS VALUES("2534","","VjBoYU5VdFpUalk9","ds_code","409");

INSERT INTO TB_AUDITORIA_ITENS VALUES("2535","","I","st_status","409");

INSERT INTO TB_AUDITORIA_ITENS VALUES("2536","","2020-04-15 10:55:48","dt_cadastro","409");

INSERT INTO TB_AUDITORIA_ITENS VALUES("2537","","1","co_plano_assinante","410");

INSERT INTO TB_AUDITORIA_ITENS VALUES("2538","","11","co_assinante","410");

INSERT INTO TB_AUDITORIA_ITENS VALUES("2539","","3","nu_profissionais","410");

INSERT INTO TB_AUDITORIA_ITENS VALUES("2540","","0","nu_filiais","410");

INSERT INTO TB_AUDITORIA_ITENS VALUES("2541","","A","st_status","410");

INSERT INTO TB_AUDITORIA_ITENS VALUES("2542","","3","st_pagamento","410");

INSERT INTO TB_AUDITORIA_ITENS VALUES("2543","","2020-04-15 10:55:55","dt_cadastro","410");

INSERT INTO TB_AUDITORIA_ITENS VALUES("2544","","2020-04-15 10:55:55","dt_modificado","410");

INSERT INTO TB_AUDITORIA_ITENS VALUES("2545","","2020-04-30","dt_expiracao","410");

INSERT INTO TB_AUDITORIA_ITENS VALUES("2546","","0.00","nu_valor_assinatura","410");

INSERT INTO TB_AUDITORIA_ITENS VALUES("2547","","19","co_plano_assinante_assinatura","411");

INSERT INTO TB_AUDITORIA_ITENS VALUES("2548","","2020-04-15 10:55:55","dt_cadastro","411");

INSERT INTO TB_AUDITORIA_ITENS VALUES("2549","","Plano Grátis","ds_acao","411");

INSERT INTO TB_AUDITORIA_ITENS VALUES("2550","","Usuário SisBela Iniciou o plano de experiência de 15 Dias.","ds_usuario","411");

INSERT INTO TB_AUDITORIA_ITENS VALUES("2551","","3","st_pagamento","411");

INSERT INTO TB_AUDITORIA_ITENS VALUES("2552","","2","co_perfil","412");

INSERT INTO TB_AUDITORIA_ITENS VALUES("2553","","14","co_usuario","412");

INSERT INTO TB_AUDITORIA_ITENS VALUES("2554","","leonardo.bessa@basis.com.br","ds_email","413");

INSERT INTO TB_AUDITORIA_ITENS VALUES("2555","","61998863669","nu_tel1","413");

INSERT INTO TB_AUDITORIA_ITENS VALUES("2556","","JOãO VICTOR PEREIRA FERNANDES","no_pessoa","414");

INSERT INTO TB_AUDITORIA_ITENS VALUES("2557","","15","co_contato","414");

INSERT INTO TB_AUDITORIA_ITENS VALUES("2558","","2020-04-15 10:57:20","dt_cadastro","414");

INSERT INTO TB_AUDITORIA_ITENS VALUES("2559","","Moitaa coiffer","no_fantasia","415");

INSERT INTO TB_AUDITORIA_ITENS VALUES("2560","","2020-04-15 10:57:20","dt_cadastro","415");

INSERT INTO TB_AUDITORIA_ITENS VALUES("2561","","M","tp_assinante","416");

INSERT INTO TB_AUDITORIA_ITENS VALUES("2562","","45","co_pessoa","416");

INSERT INTO TB_AUDITORIA_ITENS VALUES("2563","","12","co_empresa","416");

INSERT INTO TB_AUDITORIA_ITENS VALUES("2564","","2020-04-15 10:57:20","dt_cadastro","416");

INSERT INTO TB_AUDITORIA_ITENS VALUES("2565","","2020-04-30","dt_expiracao","416");

INSERT INTO TB_AUDITORIA_ITENS VALUES("2566","","12","co_assinante","417");

INSERT INTO TB_AUDITORIA_ITENS VALUES("2567","","45","co_pessoa","417");

INSERT INTO TB_AUDITORIA_ITENS VALUES("2568","","HEX8AWT0","ds_senha","417");

INSERT INTO TB_AUDITORIA_ITENS VALUES("2569","","U0VWWU9FRlhWREE9","ds_code","417");

INSERT INTO TB_AUDITORIA_ITENS VALUES("2570","","I","st_status","417");

INSERT INTO TB_AUDITORIA_ITENS VALUES("2571","","2020-04-15 10:57:20","dt_cadastro","417");

INSERT INTO TB_AUDITORIA_ITENS VALUES("2572","","1","co_plano_assinante","418");

INSERT INTO TB_AUDITORIA_ITENS VALUES("2573","","12","co_assinante","418");

INSERT INTO TB_AUDITORIA_ITENS VALUES("2574","","3","nu_profissionais","418");

INSERT INTO TB_AUDITORIA_ITENS VALUES("2575","","0","nu_filiais","418");

INSERT INTO TB_AUDITORIA_ITENS VALUES("2576","","A","st_status","418");

INSERT INTO TB_AUDITORIA_ITENS VALUES("2577","","3","st_pagamento","418");

INSERT INTO TB_AUDITORIA_ITENS VALUES("2578","","2020-04-15 10:57:48","dt_cadastro","418");

INSERT INTO TB_AUDITORIA_ITENS VALUES("2579","","2020-04-15 10:57:48","dt_modificado","418");

INSERT INTO TB_AUDITORIA_ITENS VALUES("2580","","2020-04-30","dt_expiracao","418");

INSERT INTO TB_AUDITORIA_ITENS VALUES("2581","","0.00","nu_valor_assinatura","418");

INSERT INTO TB_AUDITORIA_ITENS VALUES("2582","","20","co_plano_assinante_assinatura","419");

INSERT INTO TB_AUDITORIA_ITENS VALUES("2583","","2020-04-15 10:57:48","dt_cadastro","419");

INSERT INTO TB_AUDITORIA_ITENS VALUES("2584","","Plano Grátis","ds_acao","419");

INSERT INTO TB_AUDITORIA_ITENS VALUES("2585","","Usuário SisBela Iniciou o plano de experiência de 15 Dias.","ds_usuario","419");

INSERT INTO TB_AUDITORIA_ITENS VALUES("2586","","3","st_pagamento","419");

INSERT INTO TB_AUDITORIA_ITENS VALUES("2587","","2","co_perfil","420");

INSERT INTO TB_AUDITORIA_ITENS VALUES("2588","","15","co_usuario","420");

INSERT INTO TB_AUDITORIA_ITENS VALUES("2589","","thais.mail@gmail.com","ds_email","421");

INSERT INTO TB_AUDITORIA_ITENS VALUES("2590","","61965963322","nu_tel1","421");

INSERT INTO TB_AUDITORIA_ITENS VALUES("2591","","Marcelo Moita","no_pessoa","422");

INSERT INTO TB_AUDITORIA_ITENS VALUES("2592","","16","co_contato","422");

INSERT INTO TB_AUDITORIA_ITENS VALUES("2593","","2020-04-15 11:00:01","dt_cadastro","422");

INSERT INTO TB_AUDITORIA_ITENS VALUES("2594","","Moitaa coiffer","no_fantasia","423");

INSERT INTO TB_AUDITORIA_ITENS VALUES("2595","","2020-04-15 11:00:01","dt_cadastro","423");

INSERT INTO TB_AUDITORIA_ITENS VALUES("2596","","M","tp_assinante","424");

INSERT INTO TB_AUDITORIA_ITENS VALUES("2597","","46","co_pessoa","424");

INSERT INTO TB_AUDITORIA_ITENS VALUES("2598","","13","co_empresa","424");

INSERT INTO TB_AUDITORIA_ITENS VALUES("2599","","2020-04-15 11:00:01","dt_cadastro","424");

INSERT INTO TB_AUDITORIA_ITENS VALUES("2600","","2020-04-30","dt_expiracao","424");

INSERT INTO TB_AUDITORIA_ITENS VALUES("2601","","13","co_assinante","425");

INSERT INTO TB_AUDITORIA_ITENS VALUES("2602","","46","co_pessoa","425");

INSERT INTO TB_AUDITORIA_ITENS VALUES("2603","","OWR3KWM1","ds_senha","425");

INSERT INTO TB_AUDITORIA_ITENS VALUES("2604","","VDFkU00wdFhUVEU9","ds_code","425");

INSERT INTO TB_AUDITORIA_ITENS VALUES("2605","","I","st_status","425");

INSERT INTO TB_AUDITORIA_ITENS VALUES("2606","","2020-04-15 11:00:01","dt_cadastro","425");

INSERT INTO TB_AUDITORIA_ITENS VALUES("2607","","1","co_plano_assinante","426");

INSERT INTO TB_AUDITORIA_ITENS VALUES("2608","","13","co_assinante","426");

INSERT INTO TB_AUDITORIA_ITENS VALUES("2609","","3","nu_profissionais","426");

INSERT INTO TB_AUDITORIA_ITENS VALUES("2610","","0","nu_filiais","426");

INSERT INTO TB_AUDITORIA_ITENS VALUES("2611","","A","st_status","426");

INSERT INTO TB_AUDITORIA_ITENS VALUES("2612","","3","st_pagamento","426");

INSERT INTO TB_AUDITORIA_ITENS VALUES("2613","","2020-04-15 11:00:35","dt_cadastro","426");

INSERT INTO TB_AUDITORIA_ITENS VALUES("2614","","2020-04-15 11:00:35","dt_modificado","426");

INSERT INTO TB_AUDITORIA_ITENS VALUES("2615","","2020-04-30","dt_expiracao","426");

INSERT INTO TB_AUDITORIA_ITENS VALUES("2616","","0.00","nu_valor_assinatura","426");

INSERT INTO TB_AUDITORIA_ITENS VALUES("2617","","21","co_plano_assinante_assinatura","427");

INSERT INTO TB_AUDITORIA_ITENS VALUES("2618","","2020-04-15 11:00:35","dt_cadastro","427");

INSERT INTO TB_AUDITORIA_ITENS VALUES("2619","","Plano Grátis","ds_acao","427");

INSERT INTO TB_AUDITORIA_ITENS VALUES("2620","","Usuário SisBela Iniciou o plano de experiência de 15 Dias.","ds_usuario","427");

INSERT INTO TB_AUDITORIA_ITENS VALUES("2621","","3","st_pagamento","427");

INSERT INTO TB_AUDITORIA_ITENS VALUES("2622","","2","co_perfil","428");

INSERT INTO TB_AUDITORIA_ITENS VALUES("2623","","16","co_usuario","428");

INSERT INTO TB_AUDITORIA_ITENS VALUES("2624","12","","co_plano_assinante_assinatura","429");

INSERT INTO TB_AUDITORIA_ITENS VALUES("2625","2020-04-04 13:57:43","","dt_cadastro","429");

INSERT INTO TB_AUDITORIA_ITENS VALUES("2626","2021-04-09","","dt_expiracao","429");

INSERT INTO TB_AUDITORIA_ITENS VALUES("2627","","","dt_confirma_pagamento","429");

INSERT INTO TB_AUDITORIA_ITENS VALUES("2628","5","","tp_pagamento","429");

INSERT INTO TB_AUDITORIA_ITENS VALUES("2629","1","1","st_pagamento","429");

INSERT INTO TB_AUDITORIA_ITENS VALUES("2630","2020-04-04 13:57:52","2020-04-04T13:57:52.000-03:00","dt_modificado","429");

INSERT INTO TB_AUDITORIA_ITENS VALUES("2631","5.38","","nu_valor_desconto","429");

INSERT INTO TB_AUDITORIA_ITENS VALUES("2632","119.52","","nu_valor_real","429");

INSERT INTO TB_AUDITORIA_ITENS VALUES("2633","https://sandbox.pagseguro.uol.com.br/checkout/payment/booklet/print.jhtml?c=d71b3af5146918cb665df8d98fe28ff091c013353b587e74bc21ee64b415f9ae67b7766690138a66","","ds_link_boleto","429");

INSERT INTO TB_AUDITORIA_ITENS VALUES("2634","0","","nu_filiais","429");

INSERT INTO TB_AUDITORIA_ITENS VALUES("2635","5","","co_plano_assinante_assinatura_ativo","429");

INSERT INTO TB_AUDITORIA_ITENS VALUES("2636","I","","st_status","429");

INSERT INTO TB_AUDITORIA_ITENS VALUES("2637","29439106-A1B4-47FA-B558-BBA1AA16FCBC","","ds_code_transacao","429");

INSERT INTO TB_AUDITORIA_ITENS VALUES("2638","124.90","","nu_valor_assinatura","429");

INSERT INTO TB_AUDITORIA_ITENS VALUES("2639","25","","nu_profissionais","429");

INSERT INTO TB_AUDITORIA_ITENS VALUES("2640","5","","co_assinante","429");

INSERT INTO TB_AUDITORIA_ITENS VALUES("2641","5","","co_plano_assinante","429");

INSERT INTO TB_AUDITORIA_ITENS VALUES("2642","12","","co_plano_assinante_assinatura","430");

INSERT INTO TB_AUDITORIA_ITENS VALUES("2643","2020-04-04 13:57:43","","dt_cadastro","430");

INSERT INTO TB_AUDITORIA_ITENS VALUES("2644","2021-04-09","","dt_expiracao","430");

INSERT INTO TB_AUDITORIA_ITENS VALUES("2645","","","dt_confirma_pagamento","430");

INSERT INTO TB_AUDITORIA_ITENS VALUES("2646","5","","tp_pagamento","430");

INSERT INTO TB_AUDITORIA_ITENS VALUES("2647","1","1","st_pagamento","430");

INSERT INTO TB_AUDITORIA_ITENS VALUES("2648","2020-04-04 13:57:52","2020-04-04T13:57:52.000-03:00","dt_modificado","430");

INSERT INTO TB_AUDITORIA_ITENS VALUES("2649","5.38","","nu_valor_desconto","430");

INSERT INTO TB_AUDITORIA_ITENS VALUES("2650","119.52","","nu_valor_real","430");

INSERT INTO TB_AUDITORIA_ITENS VALUES("2651","https://sandbox.pagseguro.uol.com.br/checkout/payment/booklet/print.jhtml?c=d71b3af5146918cb665df8d98fe28ff091c013353b587e74bc21ee64b415f9ae67b7766690138a66","","ds_link_boleto","430");

INSERT INTO TB_AUDITORIA_ITENS VALUES("2652","0","","nu_filiais","430");

INSERT INTO TB_AUDITORIA_ITENS VALUES("2653","5","","co_plano_assinante_assinatura_ativo","430");

INSERT INTO TB_AUDITORIA_ITENS VALUES("2654","I","","st_status","430");

INSERT INTO TB_AUDITORIA_ITENS VALUES("2655","29439106-A1B4-47FA-B558-BBA1AA16FCBC","","ds_code_transacao","430");

INSERT INTO TB_AUDITORIA_ITENS VALUES("2656","124.90","","nu_valor_assinatura","430");

INSERT INTO TB_AUDITORIA_ITENS VALUES("2657","25","","nu_profissionais","430");

INSERT INTO TB_AUDITORIA_ITENS VALUES("2658","5","","co_assinante","430");

INSERT INTO TB_AUDITORIA_ITENS VALUES("2659","5","","co_plano_assinante","430");

INSERT INTO TB_AUDITORIA_ITENS VALUES("2660","6","","co_plano_assinante_assinatura","431");

INSERT INTO TB_AUDITORIA_ITENS VALUES("2661","2020-03-25 15:50:56","","dt_cadastro","431");

INSERT INTO TB_AUDITORIA_ITENS VALUES("2662","2022-04-09","","dt_expiracao","431");

INSERT INTO TB_AUDITORIA_ITENS VALUES("2663","","","dt_confirma_pagamento","431");

INSERT INTO TB_AUDITORIA_ITENS VALUES("2664","3","","tp_pagamento","431");

INSERT INTO TB_AUDITORIA_ITENS VALUES("2665","7","7","st_pagamento","431");

INSERT INTO TB_AUDITORIA_ITENS VALUES("2666","2020-03-25 16:14:43","2020-03-25T16:14:48.000-03:00","dt_modificado","431");

INSERT INTO TB_AUDITORIA_ITENS VALUES("2667","17.03","","nu_valor_desconto","431");

INSERT INTO TB_AUDITORIA_ITENS VALUES("2668","222.87","","nu_valor_real","431");

INSERT INTO TB_AUDITORIA_ITENS VALUES("2669","","","ds_link_boleto","431");

INSERT INTO TB_AUDITORIA_ITENS VALUES("2670","0","","nu_filiais","431");

INSERT INTO TB_AUDITORIA_ITENS VALUES("2671","5","","co_plano_assinante_assinatura_ativo","431");

INSERT INTO TB_AUDITORIA_ITENS VALUES("2672","I","","st_status","431");

INSERT INTO TB_AUDITORIA_ITENS VALUES("2673","5E706DDC-A10D-4D74-A0B6-3B6AF09E97D8","","ds_code_transacao","431");

INSERT INTO TB_AUDITORIA_ITENS VALUES("2674","239.90","","nu_valor_assinatura","431");

INSERT INTO TB_AUDITORIA_ITENS VALUES("2675","49","","nu_profissionais","431");

INSERT INTO TB_AUDITORIA_ITENS VALUES("2676","5","","co_assinante","431");

INSERT INTO TB_AUDITORIA_ITENS VALUES("2677","6","","co_plano_assinante","431");




DROP TABLE IF EXISTS TB_AUDITORIA_TABELA;


CREATE TABLE `TB_AUDITORIA_TABELA` (
  `co_auditoria_tabela` int(11) NOT NULL AUTO_INCREMENT,
  `no_tabela` varchar(45) DEFAULT NULL,
  `tp_operacao` varchar(1) DEFAULT NULL,
  `co_registro` int(11) DEFAULT NULL,
  `co_auditoria` int(11) NOT NULL,
  PRIMARY KEY (`co_auditoria_tabela`,`co_auditoria`)
) ENGINE=InnoDB AUTO_INCREMENT=432 DEFAULT CHARSET=utf8;


INSERT INTO TB_AUDITORIA_TABELA VALUES("213","TB_HISTORICO_SUPORTE","I","6","62");

INSERT INTO TB_AUDITORIA_TABELA VALUES("235","TB_PESSOA","U","6","83");

INSERT INTO TB_AUDITORIA_TABELA VALUES("236","TB_CONTATO","U","6","83");

INSERT INTO TB_AUDITORIA_TABELA VALUES("237","TB_PLANO_ASSINANTE_ASSINATURA","I","11","83");

INSERT INTO TB_AUDITORIA_TABELA VALUES("238","TB_HISTORICO_PAG_ASSINATURA","I","20","83");

INSERT INTO TB_AUDITORIA_TABELA VALUES("239","TB_PLANO_ASSINANTE_ASSINATURA","U","11","83");

INSERT INTO TB_AUDITORIA_TABELA VALUES("240","TB_HISTORICO_PAG_ASSINATURA","I","21","83");

INSERT INTO TB_AUDITORIA_TABELA VALUES("241","TB_PESSOA","U","6","84");

INSERT INTO TB_AUDITORIA_TABELA VALUES("242","TB_CONTATO","U","6","84");

INSERT INTO TB_AUDITORIA_TABELA VALUES("243","TB_PLANO_ASSINANTE_ASSINATURA","I","12","84");

INSERT INTO TB_AUDITORIA_TABELA VALUES("244","TB_HISTORICO_PAG_ASSINATURA","I","22","84");

INSERT INTO TB_AUDITORIA_TABELA VALUES("245","TB_PLANO_ASSINANTE_ASSINATURA","U","12","84");

INSERT INTO TB_AUDITORIA_TABELA VALUES("246","TB_HISTORICO_PAG_ASSINATURA","I","23","84");

INSERT INTO TB_AUDITORIA_TABELA VALUES("247","TB_PESSOA","U","6","85");

INSERT INTO TB_AUDITORIA_TABELA VALUES("248","TB_CONTATO","U","6","85");

INSERT INTO TB_AUDITORIA_TABELA VALUES("249","TB_PLANO_ASSINANTE_ASSINATURA","I","13","85");

INSERT INTO TB_AUDITORIA_TABELA VALUES("250","TB_HISTORICO_PAG_ASSINATURA","I","24","85");

INSERT INTO TB_AUDITORIA_TABELA VALUES("251","TB_PLANO_ASSINANTE_ASSINATURA","U","13","85");

INSERT INTO TB_AUDITORIA_TABELA VALUES("252","TB_HISTORICO_PAG_ASSINATURA","I","25","85");

INSERT INTO TB_AUDITORIA_TABELA VALUES("253","TB_AGENDA","I","4","86");

INSERT INTO TB_AUDITORIA_TABELA VALUES("254","TB_PESSOA","I","13","86");

INSERT INTO TB_AUDITORIA_TABELA VALUES("255","TB_PROFISSIONAL","I","3","86");

INSERT INTO TB_AUDITORIA_TABELA VALUES("256","TB_PESSOA","I","14","86");

INSERT INTO TB_AUDITORIA_TABELA VALUES("257","TB_CLIENTE","I","3","86");

INSERT INTO TB_AUDITORIA_TABELA VALUES("258","TB_SERVICO","I","2","86");

INSERT INTO TB_AUDITORIA_TABELA VALUES("259","TB_STATUS_AGENDA","I","8","86");

INSERT INTO TB_AUDITORIA_TABELA VALUES("260","TB_AGENDA","I","5","87");

INSERT INTO TB_AUDITORIA_TABELA VALUES("261","TB_PESSOA","I","15","87");

INSERT INTO TB_AUDITORIA_TABELA VALUES("262","TB_PROFISSIONAL","I","4","87");

INSERT INTO TB_AUDITORIA_TABELA VALUES("263","TB_PESSOA","I","16","87");

INSERT INTO TB_AUDITORIA_TABELA VALUES("264","TB_CLIENTE","I","4","87");

INSERT INTO TB_AUDITORIA_TABELA VALUES("265","TB_SERVICO","I","3","87");

INSERT INTO TB_AUDITORIA_TABELA VALUES("266","TB_STATUS_AGENDA","I","9","87");

INSERT INTO TB_AUDITORIA_TABELA VALUES("267","TB_AGENDA","I","6","88");

INSERT INTO TB_AUDITORIA_TABELA VALUES("268","TB_PESSOA","I","17","88");

INSERT INTO TB_AUDITORIA_TABELA VALUES("269","TB_PROFISSIONAL","I","5","88");

INSERT INTO TB_AUDITORIA_TABELA VALUES("270","TB_PESSOA","I","18","88");

INSERT INTO TB_AUDITORIA_TABELA VALUES("271","TB_CLIENTE","I","5","88");

INSERT INTO TB_AUDITORIA_TABELA VALUES("272","TB_SERVICO","I","4","88");

INSERT INTO TB_AUDITORIA_TABELA VALUES("273","TB_STATUS_AGENDA","I","10","88");

INSERT INTO TB_AUDITORIA_TABELA VALUES("274","TB_AGENDA","I","7","89");

INSERT INTO TB_AUDITORIA_TABELA VALUES("275","TB_PESSOA","I","19","89");

INSERT INTO TB_AUDITORIA_TABELA VALUES("276","TB_PROFISSIONAL","I","6","89");

INSERT INTO TB_AUDITORIA_TABELA VALUES("277","TB_PESSOA","I","20","89");

INSERT INTO TB_AUDITORIA_TABELA VALUES("278","TB_CLIENTE","I","6","89");

INSERT INTO TB_AUDITORIA_TABELA VALUES("279","TB_SERVICO","I","5","89");

INSERT INTO TB_AUDITORIA_TABELA VALUES("280","TB_STATUS_AGENDA","I","11","89");

INSERT INTO TB_AUDITORIA_TABELA VALUES("281","TB_AGENDA","I","8","90");

INSERT INTO TB_AUDITORIA_TABELA VALUES("282","TB_PESSOA","I","21","90");

INSERT INTO TB_AUDITORIA_TABELA VALUES("283","TB_PROFISSIONAL","I","7","90");

INSERT INTO TB_AUDITORIA_TABELA VALUES("284","TB_PESSOA","I","22","90");

INSERT INTO TB_AUDITORIA_TABELA VALUES("285","TB_CLIENTE","I","7","90");

INSERT INTO TB_AUDITORIA_TABELA VALUES("286","TB_SERVICO","I","6","90");

INSERT INTO TB_AUDITORIA_TABELA VALUES("287","TB_STATUS_AGENDA","I","12","90");

INSERT INTO TB_AUDITORIA_TABELA VALUES("288","TB_AGENDA","I","9","91");

INSERT INTO TB_AUDITORIA_TABELA VALUES("289","TB_PESSOA","I","23","91");

INSERT INTO TB_AUDITORIA_TABELA VALUES("290","TB_PROFISSIONAL","I","8","91");

INSERT INTO TB_AUDITORIA_TABELA VALUES("291","TB_PESSOA","I","24","91");

INSERT INTO TB_AUDITORIA_TABELA VALUES("292","TB_CLIENTE","I","8","91");

INSERT INTO TB_AUDITORIA_TABELA VALUES("293","TB_SERVICO","I","7","91");

INSERT INTO TB_AUDITORIA_TABELA VALUES("294","TB_STATUS_AGENDA","I","13","91");

INSERT INTO TB_AUDITORIA_TABELA VALUES("295","TB_AGENDA","I","10","92");

INSERT INTO TB_AUDITORIA_TABELA VALUES("296","TB_PESSOA","I","25","92");

INSERT INTO TB_AUDITORIA_TABELA VALUES("297","TB_PROFISSIONAL","I","9","92");

INSERT INTO TB_AUDITORIA_TABELA VALUES("298","TB_PESSOA","I","26","92");

INSERT INTO TB_AUDITORIA_TABELA VALUES("299","TB_CLIENTE","I","9","92");

INSERT INTO TB_AUDITORIA_TABELA VALUES("300","TB_SERVICO","I","8","92");

INSERT INTO TB_AUDITORIA_TABELA VALUES("301","TB_STATUS_AGENDA","I","14","92");

INSERT INTO TB_AUDITORIA_TABELA VALUES("302","TB_AGENDA","I","11","93");

INSERT INTO TB_AUDITORIA_TABELA VALUES("303","TB_PESSOA","I","27","93");

INSERT INTO TB_AUDITORIA_TABELA VALUES("304","TB_PROFISSIONAL","I","10","93");

INSERT INTO TB_AUDITORIA_TABELA VALUES("305","TB_PESSOA","I","28","93");

INSERT INTO TB_AUDITORIA_TABELA VALUES("306","TB_CLIENTE","I","10","93");

INSERT INTO TB_AUDITORIA_TABELA VALUES("307","TB_SERVICO","I","9","93");

INSERT INTO TB_AUDITORIA_TABELA VALUES("308","TB_STATUS_AGENDA","I","15","93");

INSERT INTO TB_AUDITORIA_TABELA VALUES("309","TB_AGENDA","I","12","94");

INSERT INTO TB_AUDITORIA_TABELA VALUES("310","TB_PESSOA","I","29","94");

INSERT INTO TB_AUDITORIA_TABELA VALUES("311","TB_PROFISSIONAL","I","11","94");

INSERT INTO TB_AUDITORIA_TABELA VALUES("312","TB_PESSOA","I","30","94");

INSERT INTO TB_AUDITORIA_TABELA VALUES("313","TB_CLIENTE","I","11","94");

INSERT INTO TB_AUDITORIA_TABELA VALUES("314","TB_SERVICO","I","10","94");

INSERT INTO TB_AUDITORIA_TABELA VALUES("315","TB_STATUS_AGENDA","I","16","94");

INSERT INTO TB_AUDITORIA_TABELA VALUES("332","TB_AGENDA","I","17","99");

INSERT INTO TB_AUDITORIA_TABELA VALUES("333","TB_PESSOA","I","35","99");

INSERT INTO TB_AUDITORIA_TABELA VALUES("334","TB_PROFISSIONAL","I","14","99");

INSERT INTO TB_AUDITORIA_TABELA VALUES("335","TB_PESSOA","I","36","99");

INSERT INTO TB_AUDITORIA_TABELA VALUES("336","TB_CLIENTE","I","14","99");

INSERT INTO TB_AUDITORIA_TABELA VALUES("337","TB_SERVICO","I","13","99");

INSERT INTO TB_AUDITORIA_TABELA VALUES("338","TB_STATUS_AGENDA","I","19","99");

INSERT INTO TB_AUDITORIA_TABELA VALUES("339","TB_ENDERECO","I","9","100");

INSERT INTO TB_AUDITORIA_TABELA VALUES("340","TB_CONTATO","U","3","100");

INSERT INTO TB_AUDITORIA_TABELA VALUES("341","TB_IMAGEM","I","11","100");

INSERT INTO TB_AUDITORIA_TABELA VALUES("342","TB_PESSOA","U","3","100");

INSERT INTO TB_AUDITORIA_TABELA VALUES("343","TB_USUARIO","U","3","100");

INSERT INTO TB_AUDITORIA_TABELA VALUES("344","TB_USUARIO_PERFIL","I","14","100");

INSERT INTO TB_AUDITORIA_TABELA VALUES("345","TB_USUARIO_PERFIL","I","15","100");

INSERT INTO TB_AUDITORIA_TABELA VALUES("346","TB_AGENDA","I","18","101");

INSERT INTO TB_AUDITORIA_TABELA VALUES("347","TB_PESSOA","I","37","101");

INSERT INTO TB_AUDITORIA_TABELA VALUES("348","TB_PROFISSIONAL","I","15","101");

INSERT INTO TB_AUDITORIA_TABELA VALUES("349","TB_PESSOA","I","38","101");

INSERT INTO TB_AUDITORIA_TABELA VALUES("350","TB_CLIENTE","I","15","101");

INSERT INTO TB_AUDITORIA_TABELA VALUES("351","TB_SERVICO","I","14","101");

INSERT INTO TB_AUDITORIA_TABELA VALUES("352","TB_STATUS_AGENDA","I","20","101");

INSERT INTO TB_AUDITORIA_TABELA VALUES("353","TB_STATUS_AGENDA","I","21","102");

INSERT INTO TB_AUDITORIA_TABELA VALUES("354","TB_HISTORIA","I","66","103");

INSERT INTO TB_AUDITORIA_TABELA VALUES("355","TB_HISTORICO_HISTORIA","I","142","104");

INSERT INTO TB_AUDITORIA_TABELA VALUES("356","TB_HISTORICO_SUPORTE","U","8","105");

INSERT INTO TB_AUDITORIA_TABELA VALUES("357","TB_HISTORICO_SUPORTE","U","8","106");

INSERT INTO TB_AUDITORIA_TABELA VALUES("358","TB_STATUS_AGENDA","I","22","107");

INSERT INTO TB_AUDITORIA_TABELA VALUES("359","TB_STATUS_AGENDA","I","23","107");

INSERT INTO TB_AUDITORIA_TABELA VALUES("360","TB_CONTATO","I","9","108");

INSERT INTO TB_AUDITORIA_TABELA VALUES("361","TB_PESSOA","I","39","108");

INSERT INTO TB_AUDITORIA_TABELA VALUES("362","TB_EMPRESA","I","6","108");

INSERT INTO TB_AUDITORIA_TABELA VALUES("363","TB_ASSINANTE","I","6","108");

INSERT INTO TB_AUDITORIA_TABELA VALUES("364","TB_USUARIO","I","9","108");

INSERT INTO TB_AUDITORIA_TABELA VALUES("365","TB_PLANO_ASSINANTE_ASSINATURA","I","14","108");

INSERT INTO TB_AUDITORIA_TABELA VALUES("366","TB_HISTORICO_PAG_ASSINATURA","I","26","108");

INSERT INTO TB_AUDITORIA_TABELA VALUES("367","TB_USUARIO_PERFIL","I","16","108");

INSERT INTO TB_AUDITORIA_TABELA VALUES("368","TB_STATUS_AGENDA","I","24","109");

INSERT INTO TB_AUDITORIA_TABELA VALUES("369","TB_PLANO_ASSINANTE_ASSINATURA","U","13","110");

INSERT INTO TB_AUDITORIA_TABELA VALUES("370","TB_PLANO_ASSINANTE_ASSINATURA","U","13","111");

INSERT INTO TB_AUDITORIA_TABELA VALUES("371","TB_PLANO_ASSINANTE_ASSINATURA","U","13","112");

INSERT INTO TB_AUDITORIA_TABELA VALUES("372","TB_PLANO_ASSINANTE_ASSINATURA","U","7","113");

INSERT INTO TB_AUDITORIA_TABELA VALUES("373","TB_CONTATO","I","10","114");

INSERT INTO TB_AUDITORIA_TABELA VALUES("374","TB_PESSOA","I","40","114");

INSERT INTO TB_AUDITORIA_TABELA VALUES("375","TB_EMPRESA","I","7","114");

INSERT INTO TB_AUDITORIA_TABELA VALUES("376","TB_ASSINANTE","I","7","114");

INSERT INTO TB_AUDITORIA_TABELA VALUES("377","TB_USUARIO","I","10","114");

INSERT INTO TB_AUDITORIA_TABELA VALUES("378","TB_PLANO_ASSINANTE_ASSINATURA","I","15","114");

INSERT INTO TB_AUDITORIA_TABELA VALUES("379","TB_HISTORICO_PAG_ASSINATURA","I","27","114");

INSERT INTO TB_AUDITORIA_TABELA VALUES("380","TB_USUARIO_PERFIL","I","17","114");

INSERT INTO TB_AUDITORIA_TABELA VALUES("381","TB_CONTATO","I","11","115");

INSERT INTO TB_AUDITORIA_TABELA VALUES("382","TB_PESSOA","I","41","115");

INSERT INTO TB_AUDITORIA_TABELA VALUES("383","TB_EMPRESA","I","8","115");

INSERT INTO TB_AUDITORIA_TABELA VALUES("384","TB_ASSINANTE","I","8","115");

INSERT INTO TB_AUDITORIA_TABELA VALUES("385","TB_USUARIO","I","11","115");

INSERT INTO TB_AUDITORIA_TABELA VALUES("386","TB_PLANO_ASSINANTE_ASSINATURA","I","16","115");

INSERT INTO TB_AUDITORIA_TABELA VALUES("387","TB_HISTORICO_PAG_ASSINATURA","I","28","115");

INSERT INTO TB_AUDITORIA_TABELA VALUES("388","TB_USUARIO_PERFIL","I","18","115");

INSERT INTO TB_AUDITORIA_TABELA VALUES("389","TB_CONTATO","I","12","116");

INSERT INTO TB_AUDITORIA_TABELA VALUES("390","TB_PESSOA","I","42","116");

INSERT INTO TB_AUDITORIA_TABELA VALUES("391","TB_EMPRESA","I","9","116");

INSERT INTO TB_AUDITORIA_TABELA VALUES("392","TB_ASSINANTE","I","9","116");

INSERT INTO TB_AUDITORIA_TABELA VALUES("393","TB_USUARIO","I","12","116");

INSERT INTO TB_AUDITORIA_TABELA VALUES("394","TB_PLANO_ASSINANTE_ASSINATURA","I","17","116");

INSERT INTO TB_AUDITORIA_TABELA VALUES("395","TB_HISTORICO_PAG_ASSINATURA","I","29","116");

INSERT INTO TB_AUDITORIA_TABELA VALUES("396","TB_USUARIO_PERFIL","I","19","116");

INSERT INTO TB_AUDITORIA_TABELA VALUES("397","TB_CONTATO","I","13","117");

INSERT INTO TB_AUDITORIA_TABELA VALUES("398","TB_PESSOA","I","43","117");

INSERT INTO TB_AUDITORIA_TABELA VALUES("399","TB_EMPRESA","I","10","117");

INSERT INTO TB_AUDITORIA_TABELA VALUES("400","TB_ASSINANTE","I","10","117");

INSERT INTO TB_AUDITORIA_TABELA VALUES("401","TB_USUARIO","I","13","117");

INSERT INTO TB_AUDITORIA_TABELA VALUES("402","TB_PLANO_ASSINANTE_ASSINATURA","I","18","117");

INSERT INTO TB_AUDITORIA_TABELA VALUES("403","TB_HISTORICO_PAG_ASSINATURA","I","30","117");

INSERT INTO TB_AUDITORIA_TABELA VALUES("404","TB_USUARIO_PERFIL","I","20","117");

INSERT INTO TB_AUDITORIA_TABELA VALUES("405","TB_CONTATO","I","14","118");

INSERT INTO TB_AUDITORIA_TABELA VALUES("406","TB_PESSOA","I","44","118");

INSERT INTO TB_AUDITORIA_TABELA VALUES("407","TB_EMPRESA","I","11","118");

INSERT INTO TB_AUDITORIA_TABELA VALUES("408","TB_ASSINANTE","I","11","118");

INSERT INTO TB_AUDITORIA_TABELA VALUES("409","TB_USUARIO","I","14","118");

INSERT INTO TB_AUDITORIA_TABELA VALUES("410","TB_PLANO_ASSINANTE_ASSINATURA","I","19","118");

INSERT INTO TB_AUDITORIA_TABELA VALUES("411","TB_HISTORICO_PAG_ASSINATURA","I","31","118");

INSERT INTO TB_AUDITORIA_TABELA VALUES("412","TB_USUARIO_PERFIL","I","21","118");

INSERT INTO TB_AUDITORIA_TABELA VALUES("413","TB_CONTATO","I","15","119");

INSERT INTO TB_AUDITORIA_TABELA VALUES("414","TB_PESSOA","I","45","119");

INSERT INTO TB_AUDITORIA_TABELA VALUES("415","TB_EMPRESA","I","12","119");

INSERT INTO TB_AUDITORIA_TABELA VALUES("416","TB_ASSINANTE","I","12","119");

INSERT INTO TB_AUDITORIA_TABELA VALUES("417","TB_USUARIO","I","15","119");

INSERT INTO TB_AUDITORIA_TABELA VALUES("418","TB_PLANO_ASSINANTE_ASSINATURA","I","20","119");

INSERT INTO TB_AUDITORIA_TABELA VALUES("419","TB_HISTORICO_PAG_ASSINATURA","I","32","119");

INSERT INTO TB_AUDITORIA_TABELA VALUES("420","TB_USUARIO_PERFIL","I","22","119");

INSERT INTO TB_AUDITORIA_TABELA VALUES("421","TB_CONTATO","I","16","120");

INSERT INTO TB_AUDITORIA_TABELA VALUES("422","TB_PESSOA","I","46","120");

INSERT INTO TB_AUDITORIA_TABELA VALUES("423","TB_EMPRESA","I","13","120");

INSERT INTO TB_AUDITORIA_TABELA VALUES("424","TB_ASSINANTE","I","13","120");

INSERT INTO TB_AUDITORIA_TABELA VALUES("425","TB_USUARIO","I","16","120");

INSERT INTO TB_AUDITORIA_TABELA VALUES("426","TB_PLANO_ASSINANTE_ASSINATURA","I","21","120");

INSERT INTO TB_AUDITORIA_TABELA VALUES("427","TB_HISTORICO_PAG_ASSINATURA","I","33","120");

INSERT INTO TB_AUDITORIA_TABELA VALUES("428","TB_USUARIO_PERFIL","I","23","120");

INSERT INTO TB_AUDITORIA_TABELA VALUES("429","TB_PLANO_ASSINANTE_ASSINATURA","U","12","121");

INSERT INTO TB_AUDITORIA_TABELA VALUES("430","TB_PLANO_ASSINANTE_ASSINATURA","U","12","122");

INSERT INTO TB_AUDITORIA_TABELA VALUES("431","TB_PLANO_ASSINANTE_ASSINATURA","U","6","123");




DROP TABLE IF EXISTS TB_BANCO;


CREATE TABLE `TB_BANCO` (
  `co_banco` int(11) NOT NULL COMMENT 'Código do banco',
  `no_banco` varchar(60) DEFAULT NULL,
  PRIMARY KEY (`co_banco`)
) ENGINE=InnoDB DEFAULT CHARSET=utf8;





DROP TABLE IF EXISTS TB_CLIENTE;


CREATE TABLE `TB_CLIENTE` (
  `co_cliente` int(11) NOT NULL AUTO_INCREMENT,
  `dt_cadastro` datetime DEFAULT NULL,
  `st_status` varchar(1) DEFAULT 'A' COMMENT 'A - Ativo / I - Inativo\n',
  `no_apelido` varchar(45) DEFAULT NULL,
  `ds_observacao` text DEFAULT NULL,
  `st_receber_email_agendamento` varchar(1) DEFAULT 'S' COMMENT 'S - Sim / N - Não',
  `st_lembrete_horario_agendamento` varchar(1) DEFAULT 'S' COMMENT 'S - Sim / N - Não',
  `st_sms_marketing` varchar(1) DEFAULT 'S' COMMENT 'S - Sim / N - Não',
  `st_email_marketing` varchar(1) DEFAULT 'S' COMMENT 'S - Sim / N - Não',
  `nu_como_conheceu` varchar(1) DEFAULT NULL COMMENT 'ComoConheceuEnum',
  `co_assinante` int(11) NOT NULL,
  `co_pessoa` int(11) NOT NULL,
  PRIMARY KEY (`co_cliente`,`co_assinante`,`co_pessoa`)
) ENGINE=InnoDB AUTO_INCREMENT=16 DEFAULT CHARSET=utf8;


INSERT INTO TB_CLIENTE VALUES("1","2020-03-25 16:37:38","A","","","S","S","S","S","","5","8");

INSERT INTO TB_CLIENTE VALUES("2","2020-03-25 16:47:42","A","","","S","S","S","S","","5","10");

INSERT INTO TB_CLIENTE VALUES("3","2020-04-07 11:48:49","A","","","S","S","S","S","","5","14");

INSERT INTO TB_CLIENTE VALUES("4","2020-04-07 11:49:18","A","","","S","S","S","S","","5","16");

INSERT INTO TB_CLIENTE VALUES("5","2020-04-07 12:02:04","A","","","S","S","S","S","","5","18");

INSERT INTO TB_CLIENTE VALUES("6","2020-04-07 12:02:48","A","","","S","S","S","S","","5","20");

INSERT INTO TB_CLIENTE VALUES("7","2020-04-07 12:03:20","A","","","S","S","S","S","","5","22");

INSERT INTO TB_CLIENTE VALUES("8","2020-04-07 12:08:46","A","","","S","S","S","S","","5","24");

INSERT INTO TB_CLIENTE VALUES("9","2020-04-07 13:06:59","A","","","S","S","S","S","","5","26");

INSERT INTO TB_CLIENTE VALUES("10","2020-04-07 13:08:32","A","","","S","S","S","S","","5","28");

INSERT INTO TB_CLIENTE VALUES("11","2020-04-07 13:09:51","A","","","S","S","S","S","","5","30");

INSERT INTO TB_CLIENTE VALUES("14","2020-04-07 13:14:21","A","","","S","S","S","S","","5","36");

INSERT INTO TB_CLIENTE VALUES("15","2020-04-07 13:19:21","A","","","S","S","S","S","","2","38");




DROP TABLE IF EXISTS TB_CONTATO;


CREATE TABLE `TB_CONTATO` (
  `co_contato` int(11) NOT NULL AUTO_INCREMENT,
  `nu_tel1` varchar(15) DEFAULT NULL,
  `nu_tel2` varchar(15) DEFAULT NULL,
  `nu_tel3` varchar(15) DEFAULT NULL,
  `nu_tel_0800` varchar(30) DEFAULT NULL,
  `ds_email` varchar(150) DEFAULT NULL,
  `ds_site` varchar(100) DEFAULT NULL,
  `ds_facebook` varchar(90) DEFAULT NULL,
  `ds_twitter` varchar(90) DEFAULT NULL,
  `ds_instagram` varchar(90) DEFAULT NULL,
  PRIMARY KEY (`co_contato`)
) ENGINE=InnoDB AUTO_INCREMENT=17 DEFAULT CHARSET=utf8;


INSERT INTO TB_CONTATO VALUES("1","61993274991","6130826060","0","","leonardomcbessa@gmail.com","","","","");

INSERT INTO TB_CONTATO VALUES("2","61991058681","","","","lele.403@hotmail.com","","","","");

INSERT INTO TB_CONTATO VALUES("3","61993055454","","","","lucrece.neri@hotmail.com","","","","");

INSERT INTO TB_CONTATO VALUES("4","61993126972","","","","ddfds@fdsfjf.com.br","","","","");

INSERT INTO TB_CONTATO VALUES("5","61998110601","","","","fef@rtj.com","","","","");

INSERT INTO TB_CONTATO VALUES("6","6184455656","11999999999","","","leonardo.bessa@basis.com.br","","","","");

INSERT INTO TB_CONTATO VALUES("7","61922565323","","","","henriquecarvalhohca@outlook.com","","","","");

INSERT INTO TB_CONTATO VALUES("8","61995595599","","","","frabriceras15@gmail.com","","","","");

INSERT INTO TB_CONTATO VALUES("9","6199566323","","","","leonardo.bessa@basis.com.br","","","","");

INSERT INTO TB_CONTATO VALUES("10","61992556968","","","","teste@gmail.com","","","","");

INSERT INTO TB_CONTATO VALUES("11","61558996362","","","","thais.mail@gmail.com","","","","");

INSERT INTO TB_CONTATO VALUES("12","61599663331","","","","teste@gmail.com","","","","");

INSERT INTO TB_CONTATO VALUES("13","61995546653","","","","lele.403@hotmail.com","","","","");

INSERT INTO TB_CONTATO VALUES("14","61599633255","","","","lucrece.neri@hotmail.com","","","","");

INSERT INTO TB_CONTATO VALUES("15","61998863669","","","","leonardo.bessa@basis.com.br","","","","");

INSERT INTO TB_CONTATO VALUES("16","61965963322","","","","thais.mail@gmail.com","","","","");




DROP TABLE IF EXISTS TB_CONTROLLER;


CREATE TABLE `TB_CONTROLLER` (
  `co_controller` int(11) NOT NULL AUTO_INCREMENT,
  `no_controller` varchar(60) DEFAULT NULL,
  `ds_class_icon` varchar(30) DEFAULT NULL COMMENT 'Classe do Ícone',
  PRIMARY KEY (`co_controller`)
) ENGINE=InnoDB AUTO_INCREMENT=13 DEFAULT CHARSET=utf8;


INSERT INTO TB_CONTROLLER VALUES("1","Gestão","clip-data");

INSERT INTO TB_CONTROLLER VALUES("2","Auditoria","fa fa-crosshairs");

INSERT INTO TB_CONTROLLER VALUES("3","Acesso","clip-connection-2");

INSERT INTO TB_CONTROLLER VALUES("4","Funcionalidade","fa fa-outdent");

INSERT INTO TB_CONTROLLER VALUES("5","Perfil","clip-stack-empty");

INSERT INTO TB_CONTROLLER VALUES("6","Usuário","fa fa-group");

INSERT INTO TB_CONTROLLER VALUES("7","Visita","clip-airplane");

INSERT INTO TB_CONTROLLER VALUES("8","Plano","clip-banknote");

INSERT INTO TB_CONTROLLER VALUES("9","Assinante","clip-user-5");

INSERT INTO TB_CONTROLLER VALUES("10","Agenda","fa fa-calendar");

INSERT INTO TB_CONTROLLER VALUES("11","Relatorio","fa fa-clipboard");

INSERT INTO TB_CONTROLLER VALUES("12","Suporte","fa fa-envelope");




DROP TABLE IF EXISTS TB_CRONS;


CREATE TABLE `TB_CRONS` (
  `co_cron` int(11) NOT NULL AUTO_INCREMENT,
  `dt_cadastro` datetime DEFAULT NULL,
  `no_cron` varchar(70) DEFAULT NULL,
  `ds_sql` text DEFAULT NULL,
  PRIMARY KEY (`co_cron`)
) ENGINE=InnoDB DEFAULT CHARSET=utf8;





DROP TABLE IF EXISTS TB_EMPRESA;


CREATE TABLE `TB_EMPRESA` (
  `co_empresa` int(11) NOT NULL AUTO_INCREMENT,
  `no_empresa` varchar(250) DEFAULT NULL COMMENT 'Razão Social\n',
  `no_fantasia` varchar(150) DEFAULT NULL,
  `dt_cadastro` datetime DEFAULT NULL,
  `nu_cnpj` varchar(20) DEFAULT NULL,
  `nu_insc_estadual` varchar(20) DEFAULT NULL,
  `ds_observacao` text DEFAULT NULL,
  `st_status` varchar(1) DEFAULT NULL,
  `co_pessoa` int(11) NOT NULL COMMENT 'Pessoa responsável pela empresa\n',
  `co_endereco` int(11) NOT NULL,
  `co_contato` int(11) NOT NULL,
  `co_imagem` int(11) NOT NULL,
  PRIMARY KEY (`co_empresa`,`co_pessoa`,`co_endereco`,`co_contato`,`co_imagem`)
) ENGINE=InnoDB AUTO_INCREMENT=14 DEFAULT CHARSET=utf8;


INSERT INTO TB_EMPRESA VALUES("1","","Esmaltaria Unha Padrão","2020-03-25 12:09:13","","","","","0","2","0","0");

INSERT INTO TB_EMPRESA VALUES("2","","Salão Novo Stylo 2","2020-03-25 12:17:19","","","","","0","3","0","0");

INSERT INTO TB_EMPRESA VALUES("3","","gfasdgfadg","2020-03-25 12:53:31","","","","","0","8","0","0");

INSERT INTO TB_EMPRESA VALUES("4","","rgreh h thtrhrtjrtj","2020-03-25 12:57:07","","","","","0","0","0","0");

INSERT INTO TB_EMPRESA VALUES("5","BARBEARIA NOVA BARBA RAZãO SOCIAL","BARBEARIA NOVA BARBA","2020-03-25 13:03:39","","","nova descrição","","0","4","0","0");

INSERT INTO TB_EMPRESA VALUES("6","","Cabelo Hairs","2020-04-11 18:20:43","","","","","0","0","0","0");

INSERT INTO TB_EMPRESA VALUES("7","","Moitaa coiffer","2020-04-15 10:44:55","","","","","0","0","0","0");

INSERT INTO TB_EMPRESA VALUES("8","","Cabelo Hairs","2020-04-15 10:50:44","","","","","0","0","0","0");

INSERT INTO TB_EMPRESA VALUES("9","","Cabelo Hairs","2020-04-15 10:52:48","","","","","0","0","0","0");

INSERT INTO TB_EMPRESA VALUES("10","","Moitaa coiffer","2020-04-15 10:54:18","","","","","0","0","0","0");

INSERT INTO TB_EMPRESA VALUES("11","","Moitaa coiffer","2020-04-15 10:55:48","","","","","0","0","0","0");

INSERT INTO TB_EMPRESA VALUES("12","","Moitaa coiffer","2020-04-15 10:57:20","","","","","0","0","0","0");

INSERT INTO TB_EMPRESA VALUES("13","","Moitaa coiffer","2020-04-15 11:00:01","","","","","0","0","0","0");




DROP TABLE IF EXISTS TB_ENDERECO;


CREATE TABLE `TB_ENDERECO` (
  `co_endereco` int(11) NOT NULL AUTO_INCREMENT,
  `ds_endereco` varchar(150) DEFAULT NULL,
  `ds_complemento` varchar(100) DEFAULT NULL,
  `ds_bairro` varchar(80) DEFAULT NULL,
  `nu_cep` varchar(12) DEFAULT NULL,
  `no_cidade` varchar(80) DEFAULT NULL,
  `sg_uf` varchar(2) DEFAULT NULL,
  PRIMARY KEY (`co_endereco`)
) ENGINE=InnoDB AUTO_INCREMENT=10 DEFAULT CHARSET=utf8;


INSERT INTO TB_ENDERECO VALUES("1","qr 403 conjunto 10 casa 28","","Samambaia Norte","72319111","Brasília","DF");

INSERT INTO TB_ENDERECO VALUES("2","","","","","","");

INSERT INTO TB_ENDERECO VALUES("3","","","","","","");

INSERT INTO TB_ENDERECO VALUES("4","QR 403 Conjunto 10","103","Samambaia Norte (Samambaia)","72319111","Brasília","DF");

INSERT INTO TB_ENDERECO VALUES("5","","","","","","");

INSERT INTO TB_ENDERECO VALUES("6","QR 403 Conjunto 10","103","Samambaia Norte (Samambaia)","72319111","Brasília","DF");

INSERT INTO TB_ENDERECO VALUES("7","QR 403 Conjunto 10","103","Samambaia Norte (Samambaia)","72319111","Brasília","DF");

INSERT INTO TB_ENDERECO VALUES("8","","","","","","");

INSERT INTO TB_ENDERECO VALUES("9","","","","","","");




DROP TABLE IF EXISTS TB_FUNCIONALIDADE;


CREATE TABLE `TB_FUNCIONALIDADE` (
  `co_funcionalidade` int(11) NOT NULL AUTO_INCREMENT,
  `no_funcionalidade` varchar(150) NOT NULL,
  `ds_action` varchar(120) DEFAULT NULL,
  `st_status` varchar(1) DEFAULT 'A' COMMENT '''A - Ativo / I - Inativo''',
  `st_menu` varchar(1) DEFAULT 'S' COMMENT 'S - Sim / N - Não (Se apresenta no menu)',
  `co_controller` int(11) NOT NULL,
  PRIMARY KEY (`co_funcionalidade`,`co_controller`)
) ENGINE=InnoDB AUTO_INCREMENT=37 DEFAULT CHARSET=latin1;


INSERT INTO TB_FUNCIONALIDADE VALUES("1","Perfil Master","PerfilMaster","A","S","0");

INSERT INTO TB_FUNCIONALIDADE VALUES("2","Auditoria Listar","ListarAuditoria","A","S","2");

INSERT INTO TB_FUNCIONALIDADE VALUES("3","Auditoria Detalhar","DetalharAuditoria","A","N","2");

INSERT INTO TB_FUNCIONALIDADE VALUES("4","Usuario Cadastrar","CadastroUsuario","A","N","6");

INSERT INTO TB_FUNCIONALIDADE VALUES("5","Usuario Listar","ListarUsuario","A","S","6");

INSERT INTO TB_FUNCIONALIDADE VALUES("6","Meu Perfil Usuario","MeuPerfilUsuario","A","S","6");

INSERT INTO TB_FUNCIONALIDADE VALUES("7","Perfil Listar","ListarPerfil","A","S","5");

INSERT INTO TB_FUNCIONALIDADE VALUES("8","Perfil Cadastrar","CadastroPerfil","A","S","5");

INSERT INTO TB_FUNCIONALIDADE VALUES("9","Funcionalidade Listar","ListarFuncionalidade","A","S","4");

INSERT INTO TB_FUNCIONALIDADE VALUES("10","Funcionalidade Cadastrar","CadastroFuncionalidade","A","S","4");

INSERT INTO TB_FUNCIONALIDADE VALUES("11","Troca Senha Usuario","TrocaSenhaUsuario","A","S","6");

INSERT INTO TB_FUNCIONALIDADE VALUES("12","Dados Complementares Assinante","DadosComplementaresAssinante","A","S","9");

INSERT INTO TB_FUNCIONALIDADE VALUES("13","Listar Visita","ListarVisita","A","S","7");

INSERT INTO TB_FUNCIONALIDADE VALUES("14","Config Gestao","ConfigGestao","A","S","1");

INSERT INTO TB_FUNCIONALIDADE VALUES("15","Gerar Entidades Gestao","GerarEntidadesGestao","A","S","1");

INSERT INTO TB_FUNCIONALIDADE VALUES("16","Gerar Backup Gestao","GerarBackupGestao","A","S","1");

INSERT INTO TB_FUNCIONALIDADE VALUES("17","Listar Acesso","ListarAcesso","A","S","3");

INSERT INTO TB_FUNCIONALIDADE VALUES("18","Listar Plano","ListarPlano","A","S","8");

INSERT INTO TB_FUNCIONALIDADE VALUES("19","Cadastro Plano","CadastroPlano","A","S","8");

INSERT INTO TB_FUNCIONALIDADE VALUES("20","Listar Assinante","ListarAssinante","A","S","9");

INSERT INTO TB_FUNCIONALIDADE VALUES("21","Cadastro Assinante","CadastroAssinante","A","S","9");

INSERT INTO TB_FUNCIONALIDADE VALUES("22","Pre Projeto Gestao","PreProjetoGestao","A","S","1");

INSERT INTO TB_FUNCIONALIDADE VALUES("23","Acompanhar Projeto Gestao","AcompanharProjetoGestao","A","N","1");

INSERT INTO TB_FUNCIONALIDADE VALUES("24","Limpar Banco Gestao","LimparBancoGestao","A","S","1");

INSERT INTO TB_FUNCIONALIDADE VALUES("25","Meu Plano Assinante","MeuPlanoAssinante","A","S","9");

INSERT INTO TB_FUNCIONALIDADE VALUES("26","Calendário","Agendamento","A","S","10");

INSERT INTO TB_FUNCIONALIDADE VALUES("27","Historico agendamento","HistoricoAgendamento","A","N","10");

INSERT INTO TB_FUNCIONALIDADE VALUES("28","Crons","CronsGestao","A","S","1");

INSERT INTO TB_FUNCIONALIDADE VALUES("29","Minificação","MinificacaoGestao","A","S","1");

INSERT INTO TB_FUNCIONALIDADE VALUES("30","Gráfico","GraficoRelatorio","A","S","11");

INSERT INTO TB_FUNCIONALIDADE VALUES("31","Listar Suporte","ListarSuporte","A","S","12");

INSERT INTO TB_FUNCIONALIDADE VALUES("32","Cadastro Suporte","CadastroSuporte","A","N","12");

INSERT INTO TB_FUNCIONALIDADE VALUES("33","Deleta Suporte","DeletaSuporte","A","N","12");

INSERT INTO TB_FUNCIONALIDADE VALUES("34","Renova Plano Assinante","RenovaPlanoAssinante","A","S","9");

INSERT INTO TB_FUNCIONALIDADE VALUES("35","Detalhar Assinatura Assinante","DetalharAssinaturaAssinante","A","N","9");

INSERT INTO TB_FUNCIONALIDADE VALUES("36","Notificação PagSeguro","NotificacaoPagSeguro","A","S","9");




DROP TABLE IF EXISTS TB_HISTORIA;


CREATE TABLE `TB_HISTORIA` (
  `co_historia` int(11) NOT NULL AUTO_INCREMENT,
  `ds_titulo` varchar(80) DEFAULT NULL,
  `ds_observacao` text DEFAULT NULL,
  `dt_cadastro` datetime DEFAULT NULL,
  `dt_atualizado` datetime DEFAULT NULL,
  `st_situacao` varchar(1) DEFAULT 'N' COMMENT 'N - Não iniciada / I - Iniciada / C - Concluida',
  `co_sessao` int(11) NOT NULL,
  PRIMARY KEY (`co_historia`,`co_sessao`)
) ENGINE=InnoDB AUTO_INCREMENT=67 DEFAULT CHARSET=utf8;


INSERT INTO TB_HISTORIA VALUES("2","Manter Assinante","Manter assinante do sistema e com data de expiração do sistema para o assinante, criar contato, criar pessoa, envio de email de confirmação com senha gerada.\n\n\n\n\n\n\n\n\n\n\n\n\n\n\n\n\n\n\n\nCriar o usuário quando criar o assinante, plano assinado\n\n\n\n\n\n\n\n\n\n\n\n\n\n\n\n\n\n\n\nModelagem: Assinante (Junção de pessoa, contato, usuário, data de expiração, status)","2019-12-18 12:11:52","2020-03-23 15:38:30","C","1");

INSERT INTO TB_HISTORIA VALUES("4","Configuração inicial do projeto","Configuração inicial do projeto","2019-12-18 12:16:19","2020-03-17 18:39:45","C","1");

INSERT INTO TB_HISTORIA VALUES("5","Mudar loguin","Mudar loguin para logar com email tb, recuperar senha e notificar de mudar senha.","2019-12-18 12:16:48","2020-03-09 16:49:59","C","1");

INSERT INTO TB_HISTORIA VALUES("6","Criar mensagem de expiração e bloqueio do sistema","Criar mensagem de expiração e bloqueio do sistema","2019-12-18 12:17:13","2020-03-09 16:40:54","C","1");

INSERT INTO TB_HISTORIA VALUES("8","Pesquisa Avançada dos Assinantes","Pesquisa Avançada dos Assinantes por razão social, nome fantasia, Responsável, cidade e UF, email, valor assinatura atual.","2019-12-18 12:18:35","2020-03-09 15:40:05","C","1");

INSERT INTO TB_HISTORIA VALUES("9","Dados complementares básicos","Manter dados: (Endereço, telefone, CNPJ, fantasia, razão e outros)\n\n\n\n\n\n\n\n\n\n\n\n\n\n\n\n\n\n\n\n\n\n\n\nModelagem: Contato, endereço e empresa ou pessoa","2019-12-18 12:20:44","2020-03-03 14:28:17","C","2");

INSERT INTO TB_HISTORIA VALUES("10","Manter Fotos do Estabelecimento","Manter Fotos do Estabelecimento para o Site\n\n\n\n\n\n\n\n\n\n\n\n\n\n\n\n\n\n\n\n\n\n\n\nModelagem: Imagem (FK Assinante)","2019-12-18 12:21:59","2020-03-03 14:28:08","C","2");

INSERT INTO TB_HISTORIA VALUES("11","Gestão de notificações","Gestão de notificações com as mensagens geradas do sistema de sucesso erro e avisos","2019-12-18 12:22:23","2020-03-03 14:28:35","C","2");

INSERT INTO TB_HISTORIA VALUES("12","Cadastrar Agendamento","Cadastrar Agendamento (Opção da recorrência)\n\n\n\n\n\n\n\n\n\n\n\n\n\n\n\n\n\n\n\n\n\n\n\nVários serviços e pacotes\n\n\n\n\n\n\n\n\n\n\n\n\n\n\n\n\n\n\n\n\n\n\n\nModelagem: (FK cliente, Serviço, Profissional, Assistente","2019-12-18 12:23:46","2020-03-10 12:11:11","C","3");

INSERT INTO TB_HISTORIA VALUES("13","Edição Agendamento","Edição Agendamento\n\n\n\n\n\n\n\n\n\n\n\n\n\n\n\n\n\n\n\n\n\n\n\nValidação dos status do agendamento e status do serviço","2019-12-18 12:24:38","2020-03-10 17:25:45","C","3");

INSERT INTO TB_HISTORIA VALUES("14","Implantação Agenda","Agenda CSS (Responsivo)","2019-12-18 12:25:03","2020-03-09 18:51:22","C","3");

INSERT INTO TB_HISTORIA VALUES("15","Pesquisa Avançada dos Agendamentos","Pesquisa de agendamento  por período, status, profissional, serviço, assistente, valor r$, cliente","2019-12-18 12:25:41","2020-03-10 17:25:56","C","3");

INSERT INTO TB_HISTORIA VALUES("16","Alterar Status do agendamento","Alterar Status do agendamento","2019-12-18 12:26:18","2020-03-10 17:26:12","C","3");

INSERT INTO TB_HISTORIA VALUES("17","Listagem dos agendamento (Calendário)","Listagem dos agendamento e auto render","2019-12-18 12:26:45","2020-03-10 12:11:25","C","3");

INSERT INTO TB_HISTORIA VALUES("18","Histórico do Agendamento","Histórico do Agendamento (Modal)","2019-12-18 12:27:19","2020-03-10 17:26:22","C","3");

INSERT INTO TB_HISTORIA VALUES("19","Deletar Agendamento","Deletar Agendamento (Modal) com Justificativa\n\n\n\n\n\n\n\n\n\n\n\n\n\n\n\n\n\n\n\n\n\n\n\nVisualizar na listagem da grid","2019-12-18 12:27:55","2020-03-10 17:26:31","C","3");

INSERT INTO TB_HISTORIA VALUES("20","Listagem dos agendamento (Grid)","Listagem dos agendamento (Grid)","2019-12-18 12:28:13","2020-03-10 12:11:48","C","3");

INSERT INTO TB_HISTORIA VALUES("21","Event Dragging & Resizing","Criar eventos Dragging & Resizing","2019-12-18 12:28:41","2020-03-10 17:55:15","C","3");

INSERT INTO TB_HISTORIA VALUES("22","Visualizar Agendamento","Visualizar Agendamento","2019-12-18 12:29:06","2020-03-10 12:11:58","C","3");

INSERT INTO TB_HISTORIA VALUES("23","Validações dos botões","Validações dos botões da tela de visualizar agendamento","2019-12-18 12:29:42","2020-03-10 12:12:10","C","3");

INSERT INTO TB_HISTORIA VALUES("24","Iniciar o sistema com as configurações básicas","Iniciar o sistema com as configurações básicas para depois iniciar o painel","2019-12-18 12:31:44","2020-03-18 12:13:12","C","4");

INSERT INTO TB_HISTORIA VALUES("25","Implantar sistema Suporte","Implantar sistema Suporte\n\n\n\n\n\n\n\n\n\n\n\n\n\n\n\n\n\n\n\n\n\n\n\nModelagem: suporte (FK Assinante, Categoria Suporte)\n\n\n\n\n\n\n\n\n\n\n\n\n\n\n\n\n\n\n\n\n\n\n\nTabela base Categoria Suporte","2019-12-18 12:32:21","2020-03-12 15:29:04","C","5");

INSERT INTO TB_HISTORIA VALUES("26","Relatórios de agendamentos","Relatórios de agendamentos por status do agendamento e período, Profissional, serviço e cliente\n\n\n\n\n\n\n\n\n\n\n\n\n\n\n\n\n\n\n\n\n\n\n\n Impressão dos gráficos e dados","2019-12-18 12:34:22","2020-03-11 15:07:26","C","6");

INSERT INTO TB_HISTORIA VALUES("27","Manter Usuário","Manter Usuário","2019-12-18 12:35:02","2020-03-05 15:48:01","C","7");

INSERT INTO TB_HISTORIA VALUES("28","Criar Cron de desativar agendamento","Criar Cron de desativar agendamento","2019-12-18 12:35:39","2020-03-18 09:57:55","C","8");

INSERT INTO TB_HISTORIA VALUES("29","Página de captura de cliente","Página de captura de cliente","2019-12-18 12:37:50","2019-12-18 12:37:50","N","9");

INSERT INTO TB_HISTORIA VALUES("30","Vídeos para a Página de captura de cliente","Vídeos para a Página de captura de cliente","2019-12-18 12:38:09","2019-12-18 12:38:09","N","9");

INSERT INTO TB_HISTORIA VALUES("31","Página de captura de lead","Página de captura de lead","2019-12-18 12:38:28","2019-12-18 12:38:28","N","9");

INSERT INTO TB_HISTORIA VALUES("32","Cadastro pelo site para o assinante","verificar o cadastro pelo site para manter um plano mesmo que que por experiência","2019-12-18 12:38:52","2019-12-18 12:38:52","N","9");

INSERT INTO TB_HISTORIA VALUES("33","Material do Pré Lançamento","Produção e Disponibilização do material para lista de lead\n\n\n\n\n\n\n\n\n\n\n\nDuração de 7 a 10 dias antes do Lançamento de 3 a 4 vídeos","2019-12-18 12:39:57","2019-12-18 12:39:57","N","11");

INSERT INTO TB_HISTORIA VALUES("34","Direcionar para o lançamento","Após Lançamento Direcionar para o lançamento o tráfego do PL","2019-12-18 12:40:34","2019-12-18 12:40:34","N","11");

INSERT INTO TB_HISTORIA VALUES("35","Criação da Lista de Lead","Criação da Lista de Lead já trabalhadas nas redes sociais e mais..","2019-12-18 12:42:55","2019-12-18 12:42:55","N","10");

INSERT INTO TB_HISTORIA VALUES("36","Criar conteúdos e Entregas","Criar conteúdos para entrega e ir formulando a lista de lead\n\n\n\n\n\n\n\n\n\n\n\nInicio da divulgação para o lançamento.","2019-12-18 12:43:22","2019-12-18 12:43:22","N","10");

INSERT INTO TB_HISTORIA VALUES("37","Lançamento das Vendas","de 1 a 7 dias de vendas com página aquecida","2019-12-18 12:44:04","2019-12-18 12:44:04","N","12");

INSERT INTO TB_HISTORIA VALUES("38","Vídeos para lançamento de vendas","produção de Vídeos para lançamento de vendas","2019-12-18 12:44:29","2019-12-18 12:44:38","N","12");

INSERT INTO TB_HISTORIA VALUES("39","Teste sessão assinante","Teste sessão assinante","2019-12-18 12:45:23","2019-12-18 12:45:23","N","13");

INSERT INTO TB_HISTORIA VALUES("40","Teste sessão Complemento do assinante","Teste sessão Complemento do assinante","2019-12-18 12:45:36","2020-03-17 18:44:03","N","13");

INSERT INTO TB_HISTORIA VALUES("41","Teste sessão Agendamento","Teste sessão Agendamento","2019-12-18 12:45:56","2020-03-17 18:43:49","N","13");

INSERT INTO TB_HISTORIA VALUES("42","Teste sessão Iniciar o sistema","Teste sessão Iniciar o sistema","2019-12-18 12:46:20","2019-12-18 12:46:20","N","13");

INSERT INTO TB_HISTORIA VALUES("43","Teste sessão Suporte","Teste sessão Suporte","2019-12-18 12:46:50","2019-12-18 12:46:50","N","13");

INSERT INTO TB_HISTORIA VALUES("44","Teste sessão Relatório","Teste sessão Relatório","2019-12-18 12:47:05","2019-12-18 12:47:05","N","13");

INSERT INTO TB_HISTORIA VALUES("45","Teste sessão Usuário","Teste sessão Usuário","2019-12-18 12:47:20","2019-12-18 12:47:20","N","13");

INSERT INTO TB_HISTORIA VALUES("46","Trocar Senha","Confirmar senha antiga e nova e se esqueceu a senha encaminhar no email","2020-03-04 11:13:55","2020-03-04 11:52:53","C","7");

INSERT INTO TB_HISTORIA VALUES("47","Dados complementares Perfil Master edição","Dados complementares Perfil Master edição","2020-03-09 11:46:09","2020-03-09 11:46:18","C","2");

INSERT INTO TB_HISTORIA VALUES("50","Relatório Agendamentos Gráficos","Relatório Agendamentos Gráficos por status do agendamento e período, Profissional, serviço e cliente","2020-03-10 18:03:50","2020-03-11 15:06:52","C","6");

INSERT INTO TB_HISTORIA VALUES("51","Listar Suporte","Listar Suporte","2020-03-12 15:29:22","2020-03-17 17:38:02","C","5");

INSERT INTO TB_HISTORIA VALUES("52","Criar Suporte","Criar Suporte","2020-03-12 15:29:36","2020-03-16 14:44:29","C","5");

INSERT INTO TB_HISTORIA VALUES("53","Excluir Suporte","Excluir Suporte","2020-03-12 15:29:57","2020-03-17 17:38:22","C","5");

INSERT INTO TB_HISTORIA VALUES("54","Responder Suporte","Responder Suporte","2020-03-12 15:30:12","2020-03-16 15:42:55","C","5");

INSERT INTO TB_HISTORIA VALUES("55","Criar Notificação de Mensagem","Criar Notificação de Mensagem","2020-03-17 17:38:57","2020-03-17 18:25:18","C","5");

INSERT INTO TB_HISTORIA VALUES("56","Configurar Ambiente de Teste","Configurar Todo Ambiente de Teste no site e carregar projeto pra ser testado","2020-03-17 18:46:29","2020-03-17 18:46:29","N","14");

INSERT INTO TB_HISTORIA VALUES("57","Validar Número de profissionais no cadastro","Validar Número de profissionais no cadastro","2020-03-18 11:09:50","2020-03-18 11:59:28","C","3");

INSERT INTO TB_HISTORIA VALUES("58","Listar pagamentos","Listar pagamentos Assinante / Perfil Master","2020-03-23 15:25:32","2020-03-23 15:25:32","C","15");

INSERT INTO TB_HISTORIA VALUES("59","Renovar Assinatura","Renovar Assinatura Boleo / Cartao e transferencia","2020-03-23 15:26:14","2020-03-23 15:39:03","C","15");

INSERT INTO TB_HISTORIA VALUES("60","Estorno / Cancelamento do assinatura","Estorno / Cancelamento do assinatura","2020-03-23 15:26:55","2020-03-23 19:35:23","C","15");

INSERT INTO TB_HISTORIA VALUES("61","Detalhes da transação da assinatura","Modal Detalhes da transação da assinatura","2020-03-23 15:27:35","2020-03-24 12:45:03","C","15");

INSERT INTO TB_HISTORIA VALUES("62","Manter Planos do Assinante Sistema Expirado","Manter Planos do Assinante Sistema Expirado","2020-03-23 15:32:59","2020-03-24 19:28:39","C","15");

INSERT INTO TB_HISTORIA VALUES("63","Notificação do PagSeguro","Notificação do PagSeguro atualização automática mais funcionalidade de teste","2020-03-23 15:39:51","2020-03-23 17:29:00","C","15");

INSERT INTO TB_HISTORIA VALUES("64","Abrir Boleto e redirecionar para banco","Abrir Boleto e redirecionar para banco","2020-03-23 19:35:56","2020-03-24 16:59:37","C","15");

INSERT INTO TB_HISTORIA VALUES("65","Adaptação da estrutura do site","Adaptação da estrutura do site","2020-04-04 11:06:57","2020-04-04 11:06:57","I","9");

INSERT INTO TB_HISTORIA VALUES("66","Tela Inicial","Dados para o Assinante dados para o perfil master","2020-04-08 11:37:38","2020-04-08 11:37:38","N","4");




DROP TABLE IF EXISTS TB_HISTORICO_HISTORIA;


CREATE TABLE `TB_HISTORICO_HISTORIA` (
  `co_historico_historia` int(11) NOT NULL AUTO_INCREMENT,
  `nu_esforco` varchar(2) DEFAULT NULL,
  `nu_esforco_restante` varchar(2) DEFAULT NULL,
  `dt_cadastro` datetime DEFAULT NULL,
  `co_historia` int(11) NOT NULL,
  PRIMARY KEY (`co_historico_historia`,`co_historia`)
) ENGINE=InnoDB AUTO_INCREMENT=143 DEFAULT CHARSET=utf8;


INSERT INTO TB_HISTORICO_HISTORIA VALUES("2","20","8","2019-12-18 12:11:52","2");

INSERT INTO TB_HISTORICO_HISTORIA VALUES("4","8","3","2019-12-18 12:16:19","4");

INSERT INTO TB_HISTORICO_HISTORIA VALUES("5","20","8","2019-12-18 12:16:48","5");

INSERT INTO TB_HISTORICO_HISTORIA VALUES("6","13","3","2019-12-18 12:17:13","6");

INSERT INTO TB_HISTORICO_HISTORIA VALUES("8","20","20","2019-12-18 12:18:35","8");

INSERT INTO TB_HISTORICO_HISTORIA VALUES("9","20","8","2019-12-18 12:20:44","9");

INSERT INTO TB_HISTORICO_HISTORIA VALUES("10","8","3","2019-12-18 12:21:59","10");

INSERT INTO TB_HISTORICO_HISTORIA VALUES("11","20","8","2019-12-18 12:22:23","11");

INSERT INTO TB_HISTORICO_HISTORIA VALUES("12","20","8","2019-12-18 12:23:46","12");

INSERT INTO TB_HISTORICO_HISTORIA VALUES("13","20","13","2019-12-18 12:23:55","12");

INSERT INTO TB_HISTORICO_HISTORIA VALUES("14","","8","2019-12-18 12:24:38","13");

INSERT INTO TB_HISTORICO_HISTORIA VALUES("15","8","3","2019-12-18 12:25:03","14");

INSERT INTO TB_HISTORICO_HISTORIA VALUES("16","13","5","2019-12-18 12:25:41","15");

INSERT INTO TB_HISTORICO_HISTORIA VALUES("17","20","8","2019-12-18 12:25:53","13");

INSERT INTO TB_HISTORICO_HISTORIA VALUES("18","5","2","2019-12-18 12:26:18","16");

INSERT INTO TB_HISTORICO_HISTORIA VALUES("19","8","3","2019-12-18 12:26:45","17");

INSERT INTO TB_HISTORICO_HISTORIA VALUES("20","13","8","2019-12-18 12:27:19","18");

INSERT INTO TB_HISTORICO_HISTORIA VALUES("21","5","2","2019-12-18 12:27:55","19");

INSERT INTO TB_HISTORICO_HISTORIA VALUES("22","13","5","2019-12-18 12:28:13","20");

INSERT INTO TB_HISTORICO_HISTORIA VALUES("23","13","5","2019-12-18 12:28:41","21");

INSERT INTO TB_HISTORICO_HISTORIA VALUES("24","8","4","2019-12-18 12:29:06","22");

INSERT INTO TB_HISTORICO_HISTORIA VALUES("25","3","1","2019-12-18 12:29:42","23");

INSERT INTO TB_HISTORICO_HISTORIA VALUES("26","13","8","2019-12-18 12:31:44","24");

INSERT INTO TB_HISTORICO_HISTORIA VALUES("27","40","40","2019-12-18 12:32:21","25");

INSERT INTO TB_HISTORICO_HISTORIA VALUES("28","13","13","2019-12-18 12:34:22","26");

INSERT INTO TB_HISTORICO_HISTORIA VALUES("29","20","13","2019-12-18 12:35:02","27");

INSERT INTO TB_HISTORICO_HISTORIA VALUES("30","8","8","2019-12-18 12:35:39","28");

INSERT INTO TB_HISTORICO_HISTORIA VALUES("31","40","40","2019-12-18 12:37:50","29");

INSERT INTO TB_HISTORICO_HISTORIA VALUES("32","30","30","2019-12-18 12:38:09","30");

INSERT INTO TB_HISTORICO_HISTORIA VALUES("33","20","20","2019-12-18 12:38:28","31");

INSERT INTO TB_HISTORICO_HISTORIA VALUES("34","8","8","2019-12-18 12:38:52","32");

INSERT INTO TB_HISTORICO_HISTORIA VALUES("35","40","40","2019-12-18 12:39:57","33");

INSERT INTO TB_HISTORICO_HISTORIA VALUES("36","13","13","2019-12-18 12:40:34","34");

INSERT INTO TB_HISTORICO_HISTORIA VALUES("37","40","40","2019-12-18 12:42:55","35");

INSERT INTO TB_HISTORICO_HISTORIA VALUES("38","40","40","2019-12-18 12:43:22","36");

INSERT INTO TB_HISTORICO_HISTORIA VALUES("39","40","40","2019-12-18 12:44:04","37");

INSERT INTO TB_HISTORICO_HISTORIA VALUES("40","20","20","2019-12-18 12:44:29","38");

INSERT INTO TB_HISTORICO_HISTORIA VALUES("41","30","30","2019-12-18 12:44:38","38");

INSERT INTO TB_HISTORICO_HISTORIA VALUES("42","40","40","2019-12-18 12:45:23","39");

INSERT INTO TB_HISTORICO_HISTORIA VALUES("43","13","13","2019-12-18 12:45:36","40");

INSERT INTO TB_HISTORICO_HISTORIA VALUES("44","20","20","2019-12-18 12:45:56","41");

INSERT INTO TB_HISTORICO_HISTORIA VALUES("45","8","8","2019-12-18 12:46:20","42");

INSERT INTO TB_HISTORICO_HISTORIA VALUES("46","20","20","2019-12-18 12:46:50","43");

INSERT INTO TB_HISTORICO_HISTORIA VALUES("47","8","8","2019-12-18 12:47:05","44");

INSERT INTO TB_HISTORICO_HISTORIA VALUES("48","13","13","2019-12-18 12:47:20","45");

INSERT INTO TB_HISTORICO_HISTORIA VALUES("50","20","0","2020-01-30 12:54:32","2");

INSERT INTO TB_HISTORICO_HISTORIA VALUES("51","20","5","2020-01-30 12:55:05","27");

INSERT INTO TB_HISTORICO_HISTORIA VALUES("52","8","0","2020-03-03 14:28:08","10");

INSERT INTO TB_HISTORICO_HISTORIA VALUES("53","20","0","2020-03-03 14:28:17","9");

INSERT INTO TB_HISTORICO_HISTORIA VALUES("54","20","0","2020-03-03 14:28:35","11");

INSERT INTO TB_HISTORICO_HISTORIA VALUES("55","8","5","2020-03-04 11:13:55","46");

INSERT INTO TB_HISTORICO_HISTORIA VALUES("56","8","0","2020-03-04 11:52:53","46");

INSERT INTO TB_HISTORICO_HISTORIA VALUES("57","40","20","2020-03-04 11:53:10","27");

INSERT INTO TB_HISTORICO_HISTORIA VALUES("58","40","0","2020-03-05 15:48:01","27");

INSERT INTO TB_HISTORICO_HISTORIA VALUES("59","5","5","2020-03-09 11:46:09","47");

INSERT INTO TB_HISTORICO_HISTORIA VALUES("60","5","0","2020-03-09 11:46:18","47");

INSERT INTO TB_HISTORICO_HISTORIA VALUES("61","20","20","2020-03-09 12:06:45","8");

INSERT INTO TB_HISTORICO_HISTORIA VALUES("62","20","10","2020-03-09 13:45:33","8");

INSERT INTO TB_HISTORICO_HISTORIA VALUES("63","20","0","2020-03-09 15:40:05","8");

INSERT INTO TB_HISTORICO_HISTORIA VALUES("65","13","0","2020-03-09 16:40:54","6");

INSERT INTO TB_HISTORICO_HISTORIA VALUES("66","8","0","2020-03-09 16:49:59","5");

INSERT INTO TB_HISTORICO_HISTORIA VALUES("67","20","3","2020-03-09 17:15:16","14");

INSERT INTO TB_HISTORICO_HISTORIA VALUES("68","13","10","2020-03-09 17:15:29","15");

INSERT INTO TB_HISTORICO_HISTORIA VALUES("69","13","10","2020-03-09 17:15:43","14");

INSERT INTO TB_HISTORICO_HISTORIA VALUES("70","5","4","2020-03-09 17:15:54","16");

INSERT INTO TB_HISTORICO_HISTORIA VALUES("71","8","6","2020-03-09 17:16:04","17");

INSERT INTO TB_HISTORICO_HISTORIA VALUES("72","13","10","2020-03-09 17:16:13","18");

INSERT INTO TB_HISTORICO_HISTORIA VALUES("73","5","4","2020-03-09 17:16:21","19");

INSERT INTO TB_HISTORICO_HISTORIA VALUES("74","13","10","2020-03-09 17:16:31","20");

INSERT INTO TB_HISTORICO_HISTORIA VALUES("75","13","10","2020-03-09 17:16:41","21");

INSERT INTO TB_HISTORICO_HISTORIA VALUES("76","8","6","2020-03-09 17:16:49","22");

INSERT INTO TB_HISTORICO_HISTORIA VALUES("77","13","0","2020-03-09 18:51:22","14");

INSERT INTO TB_HISTORICO_HISTORIA VALUES("79","20","8","2020-03-09 18:53:32","12");

INSERT INTO TB_HISTORICO_HISTORIA VALUES("80","20","0","2020-03-10 12:11:11","12");

INSERT INTO TB_HISTORICO_HISTORIA VALUES("81","8","0","2020-03-10 12:11:25","17");

INSERT INTO TB_HISTORICO_HISTORIA VALUES("82","13","0","2020-03-10 12:11:48","20");

INSERT INTO TB_HISTORICO_HISTORIA VALUES("83","8","0","2020-03-10 12:11:58","22");

INSERT INTO TB_HISTORICO_HISTORIA VALUES("84","3","0","2020-03-10 12:12:10","23");

INSERT INTO TB_HISTORICO_HISTORIA VALUES("85","20","0","2020-03-10 17:25:45","13");

INSERT INTO TB_HISTORICO_HISTORIA VALUES("86","13","0","2020-03-10 17:25:56","15");

INSERT INTO TB_HISTORICO_HISTORIA VALUES("87","5","0","2020-03-10 17:26:12","16");

INSERT INTO TB_HISTORICO_HISTORIA VALUES("88","13","0","2020-03-10 17:26:22","18");

INSERT INTO TB_HISTORICO_HISTORIA VALUES("89","5","0","2020-03-10 17:26:31","19");

INSERT INTO TB_HISTORICO_HISTORIA VALUES("90","13","0","2020-03-10 17:55:15","21");

INSERT INTO TB_HISTORICO_HISTORIA VALUES("91","13","13","2020-03-10 18:03:22","26");

INSERT INTO TB_HISTORICO_HISTORIA VALUES("92","13","13","2020-03-10 18:03:50","50");

INSERT INTO TB_HISTORICO_HISTORIA VALUES("93","13","13","2020-03-10 18:04:17","26");

INSERT INTO TB_HISTORICO_HISTORIA VALUES("94","13","13","2020-03-10 18:04:33","50");

INSERT INTO TB_HISTORICO_HISTORIA VALUES("95","13","0","2020-03-11 15:06:52","50");

INSERT INTO TB_HISTORICO_HISTORIA VALUES("96","1","0","2020-03-11 15:07:26","26");

INSERT INTO TB_HISTORICO_HISTORIA VALUES("97","8","0","2020-03-12 15:29:04","25");

INSERT INTO TB_HISTORICO_HISTORIA VALUES("98","13","13","2020-03-12 15:29:22","51");

INSERT INTO TB_HISTORICO_HISTORIA VALUES("99","13","13","2020-03-12 15:29:36","52");

INSERT INTO TB_HISTORICO_HISTORIA VALUES("100","5","5","2020-03-12 15:29:57","53");

INSERT INTO TB_HISTORICO_HISTORIA VALUES("101","13","13","2020-03-12 15:30:12","54");

INSERT INTO TB_HISTORICO_HISTORIA VALUES("102","13","3","2020-03-16 14:44:19","51");

INSERT INTO TB_HISTORICO_HISTORIA VALUES("103","8","0","2020-03-16 14:44:29","52");

INSERT INTO TB_HISTORICO_HISTORIA VALUES("104","8","5","2020-03-16 14:44:43","54");

INSERT INTO TB_HISTORICO_HISTORIA VALUES("105","8","0","2020-03-16 15:42:55","54");

INSERT INTO TB_HISTORICO_HISTORIA VALUES("106","13","0","2020-03-17 17:38:02","51");

INSERT INTO TB_HISTORICO_HISTORIA VALUES("107","5","5","2020-03-17 17:38:15","53");

INSERT INTO TB_HISTORICO_HISTORIA VALUES("108","5","0","2020-03-17 17:38:22","53");

INSERT INTO TB_HISTORICO_HISTORIA VALUES("109","5","5","2020-03-17 17:38:57","55");

INSERT INTO TB_HISTORICO_HISTORIA VALUES("110","5","0","2020-03-17 18:25:18","55");

INSERT INTO TB_HISTORICO_HISTORIA VALUES("111","13","5","2020-03-17 18:37:11","24");

INSERT INTO TB_HISTORICO_HISTORIA VALUES("112","8","0","2020-03-17 18:39:45","4");

INSERT INTO TB_HISTORICO_HISTORIA VALUES("114","30","30","2020-03-17 18:43:49","41");

INSERT INTO TB_HISTORICO_HISTORIA VALUES("115","8","8","2020-03-17 18:44:03","40");

INSERT INTO TB_HISTORICO_HISTORIA VALUES("116","40","40","2020-03-17 18:46:29","56");

INSERT INTO TB_HISTORICO_HISTORIA VALUES("117","8","0","2020-03-18 09:57:55","28");

INSERT INTO TB_HISTORICO_HISTORIA VALUES("118","5","5","2020-03-18 11:09:50","57");

INSERT INTO TB_HISTORICO_HISTORIA VALUES("119","5","0","2020-03-18 11:59:28","57");

INSERT INTO TB_HISTORICO_HISTORIA VALUES("120","13","0","2020-03-18 12:13:12","24");

INSERT INTO TB_HISTORICO_HISTORIA VALUES("126","13","0","2020-03-23 15:25:32","58");

INSERT INTO TB_HISTORICO_HISTORIA VALUES("127","30","0","2020-03-23 15:26:14","59");

INSERT INTO TB_HISTORICO_HISTORIA VALUES("128","13","5","2020-03-23 15:26:55","60");

INSERT INTO TB_HISTORICO_HISTORIA VALUES("129","8","8","2020-03-23 15:27:35","61");

INSERT INTO TB_HISTORICO_HISTORIA VALUES("130","13","13","2020-03-23 15:32:59","62");

INSERT INTO TB_HISTORICO_HISTORIA VALUES("131","30","0","2020-03-23 15:38:30","2");

INSERT INTO TB_HISTORICO_HISTORIA VALUES("132","20","5","2020-03-23 15:38:48","60");

INSERT INTO TB_HISTORICO_HISTORIA VALUES("133","40","0","2020-03-23 15:39:03","59");

INSERT INTO TB_HISTORICO_HISTORIA VALUES("134","20","8","2020-03-23 15:39:51","63");

INSERT INTO TB_HISTORICO_HISTORIA VALUES("135","20","0","2020-03-23 17:29:00","63");

INSERT INTO TB_HISTORICO_HISTORIA VALUES("136","20","0","2020-03-23 19:35:23","60");

INSERT INTO TB_HISTORICO_HISTORIA VALUES("137","5","5","2020-03-23 19:35:56","64");

INSERT INTO TB_HISTORICO_HISTORIA VALUES("138","8","0","2020-03-24 12:45:03","61");

INSERT INTO TB_HISTORICO_HISTORIA VALUES("139","5","0","2020-03-24 16:59:37","64");

INSERT INTO TB_HISTORICO_HISTORIA VALUES("140","13","0","2020-03-24 19:28:39","62");

INSERT INTO TB_HISTORICO_HISTORIA VALUES("141","20","10","2020-04-04 11:06:57","65");

INSERT INTO TB_HISTORICO_HISTORIA VALUES("142","20","20","2020-04-08 11:37:38","66");




DROP TABLE IF EXISTS TB_HISTORICO_PAG_ASSINATURA;


CREATE TABLE `TB_HISTORICO_PAG_ASSINATURA` (
  `co_historico_pag_assinatura` int(11) NOT NULL AUTO_INCREMENT,
  `dt_cadastro` datetime DEFAULT NULL,
  `ds_acao` varchar(100) DEFAULT NULL,
  `ds_usuario` varchar(100) DEFAULT NULL,
  `st_pagamento` int(1) DEFAULT NULL COMMENT '0 - Pendente / 1 - Aguardando pagamento / 2 - Em análise / 3 - Pago / 4 - Disponível / 5 - Em disputa / 6 - Devolvida / 7 - Cancelada\n',
  `co_plano_assinante_assinatura` int(11) NOT NULL,
  PRIMARY KEY (`co_historico_pag_assinatura`,`co_plano_assinante_assinatura`)
) ENGINE=InnoDB AUTO_INCREMENT=34 DEFAULT CHARSET=utf8;


INSERT INTO TB_HISTORICO_PAG_ASSINATURA VALUES("1","2020-03-25 12:09:13","Plano Grátis","Usuário SisBela Iniciou o plano de experiência","3","1");

INSERT INTO TB_HISTORICO_PAG_ASSINATURA VALUES("2","2020-03-25 12:17:19","Plano Grátis","Usuário SisBela Iniciou o plano de experiência","3","2");

INSERT INTO TB_HISTORICO_PAG_ASSINATURA VALUES("3","2020-03-25 12:53:31","Plano Grátis","Usuário SisBela Iniciou o plano de experiência","3","3");

INSERT INTO TB_HISTORICO_PAG_ASSINATURA VALUES("4","2020-03-25 12:57:07","Plano Grátis","Usuário SisBela Iniciou o plano de experiência","3","4");

INSERT INTO TB_HISTORICO_PAG_ASSINATURA VALUES("5","2020-03-25 13:03:42","Plano Grátis","Usuário SisBela Iniciou o plano de experiência","3","5");

INSERT INTO TB_HISTORICO_PAG_ASSINATURA VALUES("6","2020-03-25 15:50:56","Inicia o pagamento","LEO Bessa Iniciou o pagamento","0","6");

INSERT INTO TB_HISTORICO_PAG_ASSINATURA VALUES("7","2020-03-25 15:51:06","Mudou para o Status do pagamento de Em análise","Retorno da operadora do pagamento","2","6");

INSERT INTO TB_HISTORICO_PAG_ASSINATURA VALUES("8","2020-03-25 15:51:06","Mudou para o Status do pagamento de Em análise","Retorno da operadora do pagamento","2","6");

INSERT INTO TB_HISTORICO_PAG_ASSINATURA VALUES("9","2020-03-25 16:14:43","Mudou para o Status do pagamento de Cancelada","Suporte Efetuou o cancelamento.","7","6");

INSERT INTO TB_HISTORICO_PAG_ASSINATURA VALUES("10","2020-03-25 16:15:38","Inicia o pagamento","LEO Bessa Iniciou o pagamento","0","7");

INSERT INTO TB_HISTORICO_PAG_ASSINATURA VALUES("11","2020-03-25 16:15:46","Mudou para o Status do pagamento de Aguardando pagamento","Retorno da operadora do pagamento","1","7");

INSERT INTO TB_HISTORICO_PAG_ASSINATURA VALUES("12","2020-03-25 16:17:47","Mudou para o Status do pagamento de Pago ","Retorno da operadora do pagamento","3","7");

INSERT INTO TB_HISTORICO_PAG_ASSINATURA VALUES("13","2020-03-25 16:18:42","Mudou para o Status do pagamento de Devolvida","Suporte Efetuou o estorno.","6","7");

INSERT INTO TB_HISTORICO_PAG_ASSINATURA VALUES("14","2020-03-27 19:44:23","Inicia o pagamento","LEO BESSA Iniciou o pagamento","0","8");

INSERT INTO TB_HISTORICO_PAG_ASSINATURA VALUES("15","2020-03-27 19:44:26","Mudou para o Status do pagamento de Aguardando pagamento","Retorno da operadora do pagamento","1","8");

INSERT INTO TB_HISTORICO_PAG_ASSINATURA VALUES("16","2020-03-27 20:11:15","Inicia o pagamento","LEO BESSA Iniciou o pagamento","0","9");

INSERT INTO TB_HISTORICO_PAG_ASSINATURA VALUES("17","2020-03-27 20:11:20","Mudou para o Status do pagamento de Aguardando pagamento","Retorno da operadora do pagamento","1","9");

INSERT INTO TB_HISTORICO_PAG_ASSINATURA VALUES("18","2020-03-27 20:16:26","Inicia o pagamento","LEO BESSA Iniciou o pagamento","0","10");

INSERT INTO TB_HISTORICO_PAG_ASSINATURA VALUES("19","2020-03-27 20:16:29","Mudou para o Status do pagamento de Aguardando pagamento","Retorno da operadora do pagamento","1","10");

INSERT INTO TB_HISTORICO_PAG_ASSINATURA VALUES("20","2020-04-04 13:55:19","Inicia o pagamento","LEO BESSA Iniciou o pagamento","0","11");

INSERT INTO TB_HISTORICO_PAG_ASSINATURA VALUES("21","2020-04-04 13:55:27","Mudou para o Status do pagamento de Aguardando pagamento","Retorno da operadora do pagamento","1","11");

INSERT INTO TB_HISTORICO_PAG_ASSINATURA VALUES("22","2020-04-04 13:57:43","Inicia o pagamento","LEO BESSA Iniciou o pagamento","0","12");

INSERT INTO TB_HISTORICO_PAG_ASSINATURA VALUES("23","2020-04-04 13:57:52","Mudou para o Status do pagamento de Aguardando pagamento","Retorno da operadora do pagamento","1","12");

INSERT INTO TB_HISTORICO_PAG_ASSINATURA VALUES("24","2020-04-04 14:01:30","Inicia o pagamento","LEO BESSA Iniciou o pagamento","0","13");

INSERT INTO TB_HISTORICO_PAG_ASSINATURA VALUES("25","2020-04-04 14:01:37","Mudou para o Status do pagamento de Em análise","Retorno da operadora do pagamento","2","13");

INSERT INTO TB_HISTORICO_PAG_ASSINATURA VALUES("26","2020-04-11 18:20:44","Plano Grátis","Usuário SisBela Iniciou o plano de experiência de 15 Dias.","3","14");

INSERT INTO TB_HISTORICO_PAG_ASSINATURA VALUES("27","2020-04-15 10:45:16","Plano Grátis","Usuário SisBela Iniciou o plano de experiência de 15 Dias.","3","15");

INSERT INTO TB_HISTORICO_PAG_ASSINATURA VALUES("28","2020-04-15 10:50:56","Plano Grátis","Usuário SisBela Iniciou o plano de experiência de 15 Dias.","3","16");

INSERT INTO TB_HISTORICO_PAG_ASSINATURA VALUES("29","2020-04-15 10:52:51","Plano Grátis","Usuário SisBela Iniciou o plano de experiência de 15 Dias.","3","17");

INSERT INTO TB_HISTORICO_PAG_ASSINATURA VALUES("30","2020-04-15 10:54:34","Plano Grátis","Usuário SisBela Iniciou o plano de experiência de 15 Dias.","3","18");

INSERT INTO TB_HISTORICO_PAG_ASSINATURA VALUES("31","2020-04-15 10:55:55","Plano Grátis","Usuário SisBela Iniciou o plano de experiência de 15 Dias.","3","19");

INSERT INTO TB_HISTORICO_PAG_ASSINATURA VALUES("32","2020-04-15 10:57:48","Plano Grátis","Usuário SisBela Iniciou o plano de experiência de 15 Dias.","3","20");

INSERT INTO TB_HISTORICO_PAG_ASSINATURA VALUES("33","2020-04-15 11:00:35","Plano Grátis","Usuário SisBela Iniciou o plano de experiência de 15 Dias.","3","21");




DROP TABLE IF EXISTS TB_HISTORICO_SUPORTE;


CREATE TABLE `TB_HISTORICO_SUPORTE` (
  `co_historico_suporte` int(11) NOT NULL AUTO_INCREMENT,
  `dt_cadastro` datetime DEFAULT NULL,
  `ds_mensagem` text DEFAULT NULL,
  `st_lido` varchar(1) DEFAULT 'N' COMMENT 'S - Sim / N - Não',
  `co_suporte` int(11) NOT NULL,
  `co_usuario` int(10) NOT NULL,
  `co_imagem` int(10) unsigned NOT NULL COMMENT 'Chave do Anexo.',
  PRIMARY KEY (`co_historico_suporte`,`co_suporte`,`co_usuario`,`co_imagem`)
) ENGINE=InnoDB AUTO_INCREMENT=9 DEFAULT CHARSET=utf8;


INSERT INTO TB_HISTORICO_SUPORTE VALUES("1","2020-03-25 16:53:32","e so pra ver essa novidade mesmo","S","1","6","3");

INSERT INTO TB_HISTORICO_SUPORTE VALUES("2","2020-03-25 16:54:14","dsgsafg dfg hthhjhjjthjarthtdfh ghdfh  dfg fdahadfr greg","S","2","6","4");

INSERT INTO TB_HISTORICO_SUPORTE VALUES("3","2020-03-25 16:56:28","ta ok blz entendido","S","2","1","5");

INSERT INTO TB_HISTORICO_SUPORTE VALUES("4","2020-04-02 22:49:52","fe wqweg rg agrgrg reg","S","2","1","0");

INSERT INTO TB_HISTORICO_SUPORTE VALUES("5","2020-04-02 22:53:27","nh th trh trh","N","2","6","0");

INSERT INTO TB_HISTORICO_SUPORTE VALUES("6","2020-04-02 23:04:19","sdhfhfh5h54 h56h 5h","S","2","6","9");

INSERT INTO TB_HISTORICO_SUPORTE VALUES("7","2020-04-04 11:01:57","Ese esta sem imagens","N","2","1","0");

INSERT INTO TB_HISTORICO_SUPORTE VALUES("8","2020-04-04 11:02:24","Guarda roupas fechado","S","2","1","10");




DROP TABLE IF EXISTS TB_IMAGEM;


CREATE TABLE `TB_IMAGEM` (
  `co_imagem` int(10) unsigned NOT NULL AUTO_INCREMENT,
  `ds_caminho` varchar(150) NOT NULL,
  PRIMARY KEY (`co_imagem`)
) ENGINE=MyISAM AUTO_INCREMENT=12 DEFAULT CHARSET=latin1;


INSERT INTO TB_IMAGEM VALUES("1","leonardo-m-c-bessa-56e8920c23ab66.jpg");

INSERT INTO TB_IMAGEM VALUES("2","fp-barbearia-nova-barba-5-5e868bd43b6dd.jpg");

INSERT INTO TB_IMAGEM VALUES("3","suporte-1-5e7bb6bc5b319.png");

INSERT INTO TB_IMAGEM VALUES("4","suporte-2-5e7bb6e690064.png");

INSERT INTO TB_IMAGEM VALUES("5","suporte-2-5e7bb76c50418.png");

INSERT INTO TB_IMAGEM VALUES("6","henrique-carvalho-assuncao-5e7bb96caabc1.png");

INSERT INTO TB_IMAGEM VALUES("7","joao-victor-pereira-fernandes-5e868e182c29d.jpg");

INSERT INTO TB_IMAGEM VALUES("8","suporte-2-5e86971784b83.jpg");

INSERT INTO TB_IMAGEM VALUES("9","suporte-2-5e8699a3de762.jpg");

INSERT INTO TB_IMAGEM VALUES("10","suporte-2-5e88937015c50.jpg");

INSERT INTO TB_IMAGEM VALUES("11","lucrece-neri-portela-5e8ca7a40609e.jpg");




DROP TABLE IF EXISTS TB_IMAGEM_ASSINANTE;


CREATE TABLE `TB_IMAGEM_ASSINANTE` (
  `co_imagem_assinante` int(10) NOT NULL AUTO_INCREMENT,
  `co_assinante` int(11) NOT NULL,
  `co_imagem` int(10) unsigned NOT NULL,
  PRIMARY KEY (`co_imagem_assinante`,`co_assinante`,`co_imagem`)
) ENGINE=InnoDB AUTO_INCREMENT=2 DEFAULT CHARSET=utf8;


INSERT INTO TB_IMAGEM_ASSINANTE VALUES("1","5","2");




DROP TABLE IF EXISTS TB_MODULO;


CREATE TABLE `TB_MODULO` (
  `co_modulo` int(11) NOT NULL AUTO_INCREMENT,
  `no_modulo` varchar(50) DEFAULT NULL,
  `dt_cadastro` datetime DEFAULT NULL,
  `co_projeto` int(11) NOT NULL,
  PRIMARY KEY (`co_modulo`,`co_projeto`)
) ENGINE=InnoDB AUTO_INCREMENT=10 DEFAULT CHARSET=utf8;


INSERT INTO TB_MODULO VALUES("1","Assinante","2019-12-18 11:29:02","1");

INSERT INTO TB_MODULO VALUES("2","Principal","2019-12-18 11:29:11","1");

INSERT INTO TB_MODULO VALUES("3","Site","2019-12-18 11:29:28","1");

INSERT INTO TB_MODULO VALUES("4","Lançamento do SisBela","2019-12-18 11:29:36","1");

INSERT INTO TB_MODULO VALUES("5","Teste","2019-12-18 11:29:44","1");




DROP TABLE IF EXISTS TB_PACOTE;


CREATE TABLE `TB_PACOTE` (
  `co_pacote` int(11) NOT NULL AUTO_INCREMENT,
  `no_pacote` varchar(50) DEFAULT NULL,
  `ds_descricao` text DEFAULT NULL,
  `dt_cadastro` datetime DEFAULT NULL,
  `dt_lancamento` date DEFAULT NULL,
  PRIMARY KEY (`co_pacote`)
) ENGINE=InnoDB AUTO_INCREMENT=3 DEFAULT CHARSET=utf8;


INSERT INTO TB_PACOTE VALUES("1","Assinante","Gestão do assinante no sistema da beleza","2018-07-30 14:00:00","2018-11-02");

INSERT INTO TB_PACOTE VALUES("2","Principal","Onde consta todas as funcionalidades padrões e básicas do sistema","2018-07-30 14:00:00","2018-11-02");




DROP TABLE IF EXISTS TB_PAGINA;


CREATE TABLE `TB_PAGINA` (
  `co_pagina` int(11) NOT NULL AUTO_INCREMENT,
  `dt_cadastro` datetime DEFAULT NULL,
  `ds_titulo_url_amigavel` varchar(255) DEFAULT NULL COMMENT 'Url amigável da página',
  `nu_visualizacao` int(11) DEFAULT NULL,
  `nu_usuario` int(11) DEFAULT NULL COMMENT 'Número de usuário que visitou a página',
  PRIMARY KEY (`co_pagina`)
) ENGINE=InnoDB DEFAULT CHARSET=utf8;





DROP TABLE IF EXISTS TB_PAGINA_VISITA;


CREATE TABLE `TB_PAGINA_VISITA` (
  `co_pagina_visita` int(11) NOT NULL AUTO_INCREMENT,
  `co_visita` int(11) NOT NULL,
  `co_pagina` int(11) NOT NULL,
  PRIMARY KEY (`co_pagina_visita`,`co_visita`,`co_pagina`)
) ENGINE=InnoDB DEFAULT CHARSET=utf8;





DROP TABLE IF EXISTS TB_PERFIL;


CREATE TABLE `TB_PERFIL` (
  `co_perfil` int(11) NOT NULL AUTO_INCREMENT,
  `no_perfil` varchar(45) NOT NULL COMMENT 'Nome do Perfil',
  `st_status` varchar(1) NOT NULL DEFAULT 'A' COMMENT '''A - Ativo / I - Inativo''',
  PRIMARY KEY (`co_perfil`)
) ENGINE=InnoDB AUTO_INCREMENT=5 DEFAULT CHARSET=latin1;


INSERT INTO TB_PERFIL VALUES("1","Master","A");

INSERT INTO TB_PERFIL VALUES("2","Gestor","A");

INSERT INTO TB_PERFIL VALUES("3","Colaborador","A");

INSERT INTO TB_PERFIL VALUES("4","Gerente","A");




DROP TABLE IF EXISTS TB_PERFIL_ASSINANTE;


CREATE TABLE `TB_PERFIL_ASSINANTE` (
  `co_perfil_assinante` int(11) NOT NULL AUTO_INCREMENT,
  `no_perfil` varchar(45) DEFAULT NULL,
  `st_status` varchar(1) DEFAULT NULL,
  `co_assinante` int(11) NOT NULL,
  PRIMARY KEY (`co_perfil_assinante`,`co_assinante`)
) ENGINE=InnoDB DEFAULT CHARSET=utf8;





DROP TABLE IF EXISTS TB_PERFIL_FUNCIONALIDADE;


CREATE TABLE `TB_PERFIL_FUNCIONALIDADE` (
  `co_perfil_funcionalidade` int(11) NOT NULL AUTO_INCREMENT,
  `co_funcionalidade` int(11) NOT NULL,
  `co_perfil` int(11) NOT NULL,
  `co_perfil_assinante` int(11) NOT NULL,
  PRIMARY KEY (`co_perfil_funcionalidade`,`co_funcionalidade`,`co_perfil`,`co_perfil_assinante`)
) ENGINE=InnoDB AUTO_INCREMENT=46 DEFAULT CHARSET=latin1;


INSERT INTO TB_PERFIL_FUNCIONALIDADE VALUES("1","1","1","0");

INSERT INTO TB_PERFIL_FUNCIONALIDADE VALUES("2","27","2","0");

INSERT INTO TB_PERFIL_FUNCIONALIDADE VALUES("3","26","2","0");

INSERT INTO TB_PERFIL_FUNCIONALIDADE VALUES("4","25","2","0");

INSERT INTO TB_PERFIL_FUNCIONALIDADE VALUES("5","12","2","0");

INSERT INTO TB_PERFIL_FUNCIONALIDADE VALUES("6","11","2","0");

INSERT INTO TB_PERFIL_FUNCIONALIDADE VALUES("7","6","2","0");

INSERT INTO TB_PERFIL_FUNCIONALIDADE VALUES("8","5","2","0");

INSERT INTO TB_PERFIL_FUNCIONALIDADE VALUES("10","27","3","0");

INSERT INTO TB_PERFIL_FUNCIONALIDADE VALUES("11","26","3","0");

INSERT INTO TB_PERFIL_FUNCIONALIDADE VALUES("12","11","3","0");

INSERT INTO TB_PERFIL_FUNCIONALIDADE VALUES("13","6","3","0");

INSERT INTO TB_PERFIL_FUNCIONALIDADE VALUES("22","27","4","0");

INSERT INTO TB_PERFIL_FUNCIONALIDADE VALUES("23","26","4","0");

INSERT INTO TB_PERFIL_FUNCIONALIDADE VALUES("24","12","4","0");

INSERT INTO TB_PERFIL_FUNCIONALIDADE VALUES("25","11","4","0");

INSERT INTO TB_PERFIL_FUNCIONALIDADE VALUES("26","6","4","0");

INSERT INTO TB_PERFIL_FUNCIONALIDADE VALUES("27","5","4","0");

INSERT INTO TB_PERFIL_FUNCIONALIDADE VALUES("29","4","4","0");

INSERT INTO TB_PERFIL_FUNCIONALIDADE VALUES("30","4","3","0");

INSERT INTO TB_PERFIL_FUNCIONALIDADE VALUES("31","4","2","0");

INSERT INTO TB_PERFIL_FUNCIONALIDADE VALUES("32","30","2","0");

INSERT INTO TB_PERFIL_FUNCIONALIDADE VALUES("33","31","4","0");

INSERT INTO TB_PERFIL_FUNCIONALIDADE VALUES("34","31","3","0");

INSERT INTO TB_PERFIL_FUNCIONALIDADE VALUES("35","31","2","0");

INSERT INTO TB_PERFIL_FUNCIONALIDADE VALUES("36","32","4","0");

INSERT INTO TB_PERFIL_FUNCIONALIDADE VALUES("37","32","3","0");

INSERT INTO TB_PERFIL_FUNCIONALIDADE VALUES("38","32","2","0");

INSERT INTO TB_PERFIL_FUNCIONALIDADE VALUES("39","33","4","0");

INSERT INTO TB_PERFIL_FUNCIONALIDADE VALUES("40","33","3","0");

INSERT INTO TB_PERFIL_FUNCIONALIDADE VALUES("41","33","2","0");

INSERT INTO TB_PERFIL_FUNCIONALIDADE VALUES("42","34","4","0");

INSERT INTO TB_PERFIL_FUNCIONALIDADE VALUES("43","34","2","0");

INSERT INTO TB_PERFIL_FUNCIONALIDADE VALUES("44","35","4","0");

INSERT INTO TB_PERFIL_FUNCIONALIDADE VALUES("45","35","2","0");




DROP TABLE IF EXISTS TB_PESSOA;


CREATE TABLE `TB_PESSOA` (
  `co_pessoa` int(11) NOT NULL AUTO_INCREMENT,
  `nu_cpf` varchar(15) DEFAULT NULL,
  `no_pessoa` varchar(100) DEFAULT NULL,
  `nu_rg` varchar(45) DEFAULT NULL,
  `dt_cadastro` datetime DEFAULT NULL,
  `dt_nascimento` date DEFAULT NULL,
  `st_sexo` varchar(1) DEFAULT NULL COMMENT 'M - Masculino ou F - Feminino',
  `co_endereco` int(11) NOT NULL,
  `co_contato` int(11) NOT NULL,
  `co_imagem` int(10) NOT NULL,
  PRIMARY KEY (`co_pessoa`,`co_endereco`,`co_contato`,`co_imagem`)
) ENGINE=InnoDB AUTO_INCREMENT=47 DEFAULT CHARSET=utf8;


INSERT INTO TB_PESSOA VALUES("1","","Usuário SisBela","","2016-10-31 00:00:00","","M","1","1","1");

INSERT INTO TB_PESSOA VALUES("2","","LETíCIA MACHADO CARVALHO BESSA","","2020-03-25 12:09:13","","","0","2","0");

INSERT INTO TB_PESSOA VALUES("3","","LUCRECE NERI PORTELA","","2020-03-25 12:17:19","","","9","3","0");

INSERT INTO TB_PESSOA VALUES("4","","sdaf dsf agsdg","","2020-03-25 12:53:31","","","0","4","0");

INSERT INTO TB_PESSOA VALUES("5","","efwegrg","","2020-03-25 12:57:07","","","0","5","0");

INSERT INTO TB_PESSOA VALUES("6","12345678909","LEO BESSA","","2020-03-25 13:03:39","","","5","6","0");

INSERT INTO TB_PESSOA VALUES("7","","O Cara","","","","","0","0","0");

INSERT INTO TB_PESSOA VALUES("8","","Juju","","","","","0","0","0");

INSERT INTO TB_PESSOA VALUES("9","","Profiça 10","","","","","0","0","0");

INSERT INTO TB_PESSOA VALUES("10","","Lele","","","","","0","0","0");

INSERT INTO TB_PESSOA VALUES("11","05418337157","HENRIQUE CARVALHO ASSUNçãO","3481937","2020-03-25 17:05:01","1998-03-05","M","6","7","0");

INSERT INTO TB_PESSOA VALUES("12","07970134157","JOãO VICTOR PEREIRA FERNANDES","3947853","2020-03-25 17:33:09","1981-03-05","M","7","8","0");

INSERT INTO TB_PESSOA VALUES("13","","O Cara 33","","","","","0","0","0");

INSERT INTO TB_PESSOA VALUES("14","","Juju 333","","","","","0","0","0");

INSERT INTO TB_PESSOA VALUES("15","","O Cara 33","","","","","0","0","0");

INSERT INTO TB_PESSOA VALUES("16","","Juju 333","","","","","0","0","0");

INSERT INTO TB_PESSOA VALUES("17","","O Cara 33","","","","","0","0","0");

INSERT INTO TB_PESSOA VALUES("18","","Juju 333","","","","","0","0","0");

INSERT INTO TB_PESSOA VALUES("19","","O Cara 33","","","","","0","0","0");

INSERT INTO TB_PESSOA VALUES("20","","Juju 333","","","","","0","0","0");

INSERT INTO TB_PESSOA VALUES("21","","O Cara 33","","","","","0","0","0");

INSERT INTO TB_PESSOA VALUES("22","","Juju 333","","","","","0","0","0");

INSERT INTO TB_PESSOA VALUES("23","","O Cara 33","","","","","0","0","0");

INSERT INTO TB_PESSOA VALUES("24","","Juju 333","","","","","0","0","0");

INSERT INTO TB_PESSOA VALUES("25","","O Cara 33","","","","","0","0","0");

INSERT INTO TB_PESSOA VALUES("26","","Juju 333","","","","","0","0","0");

INSERT INTO TB_PESSOA VALUES("27","","O Cara 33","","","","","0","0","0");

INSERT INTO TB_PESSOA VALUES("28","","Juju 333","","","","","0","0","0");

INSERT INTO TB_PESSOA VALUES("29","","O Cara 33","","","","","0","0","0");

INSERT INTO TB_PESSOA VALUES("30","","Juju 333","","","","","0","0","0");

INSERT INTO TB_PESSOA VALUES("35","","O Cara 33","","","","","0","0","0");

INSERT INTO TB_PESSOA VALUES("36","","Juju 333","","","","","0","0","0");

INSERT INTO TB_PESSOA VALUES("37","","O Cara 33","","","","","0","0","0");

INSERT INTO TB_PESSOA VALUES("38","","Juju 333","","","","","0","0","0");

INSERT INTO TB_PESSOA VALUES("39","","HENRIQUE CARVALHO ASSUNçãO","","2020-04-11 18:20:43","","","0","9","0");

INSERT INTO TB_PESSOA VALUES("40","","Marcelo Moita","","2020-04-15 10:44:55","","","0","10","0");

INSERT INTO TB_PESSOA VALUES("41","","JOãO VICTOR PEREIRA FERNANDES","","2020-04-15 10:50:44","","","0","11","0");

INSERT INTO TB_PESSOA VALUES("42","","HENRIQUE CARVALHO ASSUNçãO","","2020-04-15 10:52:48","","","0","12","0");

INSERT INTO TB_PESSOA VALUES("43","","Marcelo Moita","","2020-04-15 10:54:18","","","0","13","0");

INSERT INTO TB_PESSOA VALUES("44","","HENRIQUE CARVALHO ASSUNçãO","","2020-04-15 10:55:48","","","0","14","0");

INSERT INTO TB_PESSOA VALUES("45","","JOãO VICTOR PEREIRA FERNANDES","","2020-04-15 10:57:20","","","0","15","0");

INSERT INTO TB_PESSOA VALUES("46","","Marcelo Moita","","2020-04-15 11:00:01","","","0","16","0");




DROP TABLE IF EXISTS TB_PLANO;


CREATE TABLE `TB_PLANO` (
  `co_plano` int(11) NOT NULL AUTO_INCREMENT,
  `dt_cadastro` datetime DEFAULT NULL,
  `no_plano` varchar(100) DEFAULT NULL,
  `nu_mes_ativo` int(1) DEFAULT NULL COMMENT 'Número de meses ativo do plano (1, 3, 6, 12 e 24)',
  `st_status` varchar(1) DEFAULT 'A' COMMENT 'Status do plano A - Ativo / I - Inativo',
  PRIMARY KEY (`co_plano`)
) ENGINE=InnoDB AUTO_INCREMENT=8 DEFAULT CHARSET=utf8;


INSERT INTO TB_PLANO VALUES("1","2018-07-31 10:17:46","Padrão","1","A");

INSERT INTO TB_PLANO VALUES("2","2020-01-29 18:49:51","Mensal","1","A");

INSERT INTO TB_PLANO VALUES("3","2020-01-29 18:59:12","Trimestral","3","A");

INSERT INTO TB_PLANO VALUES("4","2020-01-29 19:00:40","Semestral","6","A");

INSERT INTO TB_PLANO VALUES("5","2020-01-29 19:01:53","Anual","12","A");

INSERT INTO TB_PLANO VALUES("6","2020-01-29 19:03:13","Bienal","24","A");

INSERT INTO TB_PLANO VALUES("7","2020-03-18 10:39:16","Trienal","36","A");




DROP TABLE IF EXISTS TB_PLANO_ASSINANTE;


CREATE TABLE `TB_PLANO_ASSINANTE` (
  `co_plano_assinante` int(11) NOT NULL AUTO_INCREMENT,
  `nu_valor` decimal(8,2) DEFAULT NULL,
  `dt_cadastro` datetime DEFAULT NULL,
  `ds_observacao` text DEFAULT NULL,
  `co_plano` int(11) NOT NULL,
  PRIMARY KEY (`co_plano_assinante`,`co_plano`)
) ENGINE=InnoDB AUTO_INCREMENT=8 DEFAULT CHARSET=utf8;


INSERT INTO TB_PLANO_ASSINANTE VALUES("1","0.00","2018-07-31 10:17:46","Plano Padrão","1");

INSERT INTO TB_PLANO_ASSINANTE VALUES("2","14.90","2020-03-18 10:33:16","Por 1 meses","2");

INSERT INTO TB_PLANO_ASSINANTE VALUES("3","39.90","2020-03-18 10:33:46","Por 3 meses","3");

INSERT INTO TB_PLANO_ASSINANTE VALUES("4","69.90","2020-03-18 10:34:07","Por 6 Meses","4");

INSERT INTO TB_PLANO_ASSINANTE VALUES("5","124.90","2020-03-18 10:35:36","Por 12 Meses","5");

INSERT INTO TB_PLANO_ASSINANTE VALUES("6","239.90","2020-03-18 10:35:18","Por 24 Meses","6");

INSERT INTO TB_PLANO_ASSINANTE VALUES("7","339.90","2020-03-18 10:39:16","Por 36 Meses","7");




DROP TABLE IF EXISTS TB_PLANO_ASSINANTE_ASSINATURA;


CREATE TABLE `TB_PLANO_ASSINANTE_ASSINATURA` (
  `co_plano_assinante_assinatura` int(11) NOT NULL AUTO_INCREMENT,
  `dt_cadastro` datetime DEFAULT NULL,
  `dt_expiracao` date DEFAULT NULL COMMENT 'data de expiriração da assinatura',
  `dt_confirma_pagamento` datetime DEFAULT NULL COMMENT 'Data que confirmou o pagamento',
  `tp_pagamento` int(1) DEFAULT NULL COMMENT '3 - Cartão de Crédito / 4 - Depósito ou Transferência / 5 - Boleto',
  `st_pagamento` int(1) DEFAULT 0 COMMENT '0 - Pendente / 1 - Aguardando pagamento / 2 - Em análise / 3 - Pago / 4 - Disponível / 5 - Em disputa / 6 - Devolvida / 7 - Cancelada',
  `dt_modificado` datetime DEFAULT NULL COMMENT 'Data da ùltima modificação',
  `nu_valor_desconto` decimal(8,2) DEFAULT NULL COMMENT 'Valor de Desconto do PagSeguro',
  `nu_valor_real` decimal(8,2) DEFAULT NULL COMMENT 'Valor de recebimento do PagSeguro\n',
  `ds_link_boleto` text DEFAULT 'null' COMMENT 'Link do Boleto que retorno da PagSeguro',
  `nu_filiais` int(11) DEFAULT 0 COMMENT 'Número de filiais para a assinatura',
  `co_plano_assinante_assinatura_ativo` int(11) DEFAULT 0 COMMENT 'Número do co_plano_assinante_assinatura que esta ativo',
  `st_status` varchar(1) DEFAULT 'I' COMMENT 'A - Ativo / I - Inativo',
  `ds_code_transacao` varchar(80) DEFAULT 'null' COMMENT 'Code da transação do PagSeguro',
  `nu_valor_assinatura` decimal(8,2) DEFAULT NULL COMMENT 'Valor final da assinatura',
  `nu_profissionais` int(3) DEFAULT NULL COMMENT 'Número de profissionais que o sistema ira gerenciar',
  `co_assinante` int(11) NOT NULL,
  `co_plano_assinante` int(11) NOT NULL,
  PRIMARY KEY (`co_plano_assinante_assinatura`,`co_assinante`,`co_plano_assinante`)
) ENGINE=InnoDB AUTO_INCREMENT=22 DEFAULT CHARSET=utf8;


INSERT INTO TB_PLANO_ASSINANTE_ASSINATURA VALUES("1","2020-03-25 12:09:13","2020-04-09","","","3","2020-03-25 12:09:13","","","null","0","0","A","null","0.00","3","1","1");

INSERT INTO TB_PLANO_ASSINANTE_ASSINATURA VALUES("2","2020-03-25 12:17:19","2020-04-09","","","3","2020-03-25 12:17:19","","","null","0","0","A","null","0.00","3","2","1");

INSERT INTO TB_PLANO_ASSINANTE_ASSINATURA VALUES("3","2020-03-25 12:53:31","2020-04-09","","","3","2020-03-25 12:53:31","","","null","0","0","A","null","0.00","3","3","1");

INSERT INTO TB_PLANO_ASSINANTE_ASSINATURA VALUES("4","2020-03-25 12:57:07","2020-04-09","","","3","2020-03-25 12:57:07","","","null","0","0","A","null","0.00","3","4","1");

INSERT INTO TB_PLANO_ASSINANTE_ASSINATURA VALUES("5","2020-03-25 13:03:42","2020-04-09","","","3","2020-03-25 13:03:42","","","null","0","0","A","null","0.00","3","5","1");

INSERT INTO TB_PLANO_ASSINANTE_ASSINATURA VALUES("6","2020-03-25 15:50:56","2022-04-09","","3","7","2020-03-25 16:14:48","17.03","222.87","","0","5","I","5E706DDC-A10D-4D74-A0B6-3B6AF09E97D8","239.90","49","5","6");

INSERT INTO TB_PLANO_ASSINANTE_ASSINATURA VALUES("7","2020-03-25 16:15:38","2021-04-09","2020-03-25 16:17:47","5","6","2020-03-25 16:18:46","5.38","119.52","https://sandbox.pagseguro.uol.com.br/checkout/payment/booklet/print.jhtml?c=7b44c80e5b528387bc67d405b29d4d7827c2f0f5f1425d56c8d41170005505e083fbc0f342424194","0","5","I","EDA0F0A7-B225-4F2B-877D-AE6021DE7077","124.90","25","5","5");

INSERT INTO TB_PLANO_ASSINANTE_ASSINATURA VALUES("8","2020-03-27 19:44:23","2022-04-09","","4","1","2020-03-27 19:44:26","9.97","229.93","https://sandbox.pagseguro.uol.com.br/checkout/payment/eft/print.jhtml?c=af67f2b0e357cfc862c36dd336d24b136ff153d2f084c2671d65f056ee5c9a190f48b18f41a05961","0","5","I","65150A2A-1D95-4220-8EBA-9D1EC6233B3D","239.90","49","5","6");

INSERT INTO TB_PLANO_ASSINANTE_ASSINATURA VALUES("9","2020-03-27 20:11:15","2020-10-09","","5","1","2020-03-27 20:11:20","3.19","66.71","https://sandbox.pagseguro.uol.com.br/checkout/payment/booklet/print.jhtml?c=eae56d9b6d547ac5aac0e4ca1a28ecc4b6d3173595fee1ab347a2a9e1b9a667f7b18b61f16abbd4a","0","5","I","3F9F1DF4-44DD-437F-92D4-F1DF473A8C6C","69.90","13","5","4");

INSERT INTO TB_PLANO_ASSINANTE_ASSINATURA VALUES("10","2020-03-27 20:16:26","2021-04-09","","5","1","2020-03-27 20:16:29","5.38","119.52","https://sandbox.pagseguro.uol.com.br/checkout/payment/booklet/print.jhtml?c=2c3663994b33bfcfed4b5db4fc3bebd38e82aa2cd5c32442634547b3a165d8ef3ece4f60594d7970","0","5","I","069BC6BF-743D-4282-96B9-0A25391A040C","124.90","25","5","5");

INSERT INTO TB_PLANO_ASSINANTE_ASSINATURA VALUES("11","2020-04-04 13:55:19","2020-07-09","","5","1","2020-04-04 13:55:27","1.99","37.91","https://sandbox.pagseguro.uol.com.br/checkout/payment/booklet/print.jhtml?c=035c74e4680fe8b271bd056c44f457a7fe00437c0fe106dcdfe145f256ab5acd53092dfb85a827ec","0","5","I","CD6110D9-4252-41E8-93DE-815263F3C02D","39.90","7","5","3");

INSERT INTO TB_PLANO_ASSINANTE_ASSINATURA VALUES("12","2020-04-04 13:57:43","2021-04-09","","5","1","2020-04-04 13:57:52","5.38","119.52","https://sandbox.pagseguro.uol.com.br/checkout/payment/booklet/print.jhtml?c=d71b3af5146918cb665df8d98fe28ff091c013353b587e74bc21ee64b415f9ae67b7766690138a66","0","5","I","29439106-A1B4-47FA-B558-BBA1AA16FCBC","124.90","25","5","5");

INSERT INTO TB_PLANO_ASSINANTE_ASSINATURA VALUES("13","2020-04-04 14:01:30","2020-05-09","","3","2","2020-04-04 14:01:37","0.99","13.91","","0","5","I","DCAB740B-F6D5-4150-AFF2-9CE647BF8038","14.90","3","5","2");

INSERT INTO TB_PLANO_ASSINANTE_ASSINATURA VALUES("14","2020-04-11 18:20:44","2020-04-26","","","3","2020-04-11 18:20:44","","","null","0","0","A","null","0.00","3","6","1");

INSERT INTO TB_PLANO_ASSINANTE_ASSINATURA VALUES("15","2020-04-15 10:45:16","2020-04-30","","","3","2020-04-15 10:45:16","","","null","0","0","A","null","0.00","3","7","1");

INSERT INTO TB_PLANO_ASSINANTE_ASSINATURA VALUES("16","2020-04-15 10:50:56","2020-04-30","","","3","2020-04-15 10:50:56","","","null","0","0","A","null","0.00","3","8","1");

INSERT INTO TB_PLANO_ASSINANTE_ASSINATURA VALUES("17","2020-04-15 10:52:51","2020-04-30","","","3","2020-04-15 10:52:51","","","null","0","0","A","null","0.00","3","9","1");

INSERT INTO TB_PLANO_ASSINANTE_ASSINATURA VALUES("18","2020-04-15 10:54:34","2020-04-30","","","3","2020-04-15 10:54:34","","","null","0","0","A","null","0.00","3","10","1");

INSERT INTO TB_PLANO_ASSINANTE_ASSINATURA VALUES("19","2020-04-15 10:55:55","2020-04-30","","","3","2020-04-15 10:55:55","","","null","0","0","A","null","0.00","3","11","1");

INSERT INTO TB_PLANO_ASSINANTE_ASSINATURA VALUES("20","2020-04-15 10:57:48","2020-04-30","","","3","2020-04-15 10:57:48","","","null","0","0","A","null","0.00","3","12","1");

INSERT INTO TB_PLANO_ASSINANTE_ASSINATURA VALUES("21","2020-04-15 11:00:35","2020-04-30","","","3","2020-04-15 11:00:35","","","null","0","0","A","null","0.00","3","13","1");




DROP TABLE IF EXISTS TB_PLANO_PACOTE;


CREATE TABLE `TB_PLANO_PACOTE` (
  `co_plano_pacote` int(10) NOT NULL AUTO_INCREMENT COMMENT 'Planos do Módulo',
  `co_plano` int(11) NOT NULL,
  `co_pacote` int(11) NOT NULL,
  PRIMARY KEY (`co_plano_pacote`,`co_plano`,`co_pacote`)
) ENGINE=InnoDB AUTO_INCREMENT=15 DEFAULT CHARSET=utf8;


INSERT INTO TB_PLANO_PACOTE VALUES("1","1","1");

INSERT INTO TB_PLANO_PACOTE VALUES("2","1","2");

INSERT INTO TB_PLANO_PACOTE VALUES("3","2","1");

INSERT INTO TB_PLANO_PACOTE VALUES("4","2","2");

INSERT INTO TB_PLANO_PACOTE VALUES("5","3","1");

INSERT INTO TB_PLANO_PACOTE VALUES("6","3","2");

INSERT INTO TB_PLANO_PACOTE VALUES("7","4","1");

INSERT INTO TB_PLANO_PACOTE VALUES("8","4","2");

INSERT INTO TB_PLANO_PACOTE VALUES("9","6","1");

INSERT INTO TB_PLANO_PACOTE VALUES("10","6","2");

INSERT INTO TB_PLANO_PACOTE VALUES("11","5","1");

INSERT INTO TB_PLANO_PACOTE VALUES("12","5","2");

INSERT INTO TB_PLANO_PACOTE VALUES("13","7","1");

INSERT INTO TB_PLANO_PACOTE VALUES("14","7","2");




DROP TABLE IF EXISTS TB_PRECO_SERVICO;


CREATE TABLE `TB_PRECO_SERVICO` (
  `co_preco_servico` int(11) NOT NULL AUTO_INCREMENT,
  `nu_valor` decimal(6,2) DEFAULT NULL,
  `dt_cadastro` datetime DEFAULT NULL,
  `ds_observacao` varchar(120) DEFAULT NULL,
  `co_servico` int(11) NOT NULL,
  `co_usuario` int(10) NOT NULL,
  PRIMARY KEY (`co_preco_servico`,`co_servico`,`co_usuario`)
) ENGINE=InnoDB DEFAULT CHARSET=utf8;





DROP TABLE IF EXISTS TB_PROFISSIONAL;


CREATE TABLE `TB_PROFISSIONAL` (
  `co_profissional` int(11) NOT NULL AUTO_INCREMENT,
  `dt_cadastro` datetime DEFAULT NULL,
  `ds_cor_agenda` varchar(7) DEFAULT NULL COMMENT 'Valor Hexadecimal',
  `st_assistente` varchar(1) DEFAULT 'S' COMMENT 'S - Sim / N - Não * Se pode ser assitente de outro profissional',
  `ds_sobre` text DEFAULT NULL,
  `no_apelido` varchar(45) DEFAULT NULL,
  `ds_motivo` text DEFAULT NULL,
  `st_agenda` varchar(1) DEFAULT 'S' COMMENT 'S - Sim / N - Não * Se possui agenda',
  `st_agenda_online` varchar(1) DEFAULT 'S' COMMENT 'S - Sim / N - Não * Se pode ser ter agendamento on line',
  `st_status` varchar(1) DEFAULT 'A' COMMENT 'A - Ativo / I - Inativo',
  `tp_contratacao` int(1) DEFAULT NULL COMMENT '1 - Contrato de trabalho CLT / 2 - Contrato de trabalho por prazo determinado / 3 - Sem vínculo empregatício / 4 - Contrato de Locação de espaço / 5 - Outros',
  `dt_admissao` date DEFAULT NULL,
  `dt_demissao` date DEFAULT NULL,
  `co_imagem` int(10) unsigned NOT NULL,
  `co_pessoa` int(10) unsigned NOT NULL,
  `co_usuario` int(10) NOT NULL,
  `co_assinante` int(11) NOT NULL,
  PRIMARY KEY (`co_profissional`,`co_imagem`,`co_pessoa`,`co_usuario`,`co_assinante`)
) ENGINE=InnoDB AUTO_INCREMENT=16 DEFAULT CHARSET=utf8;


INSERT INTO TB_PROFISSIONAL VALUES("1","2020-03-25 16:37:38","","S","","","","S","S","A","","","","0","7","0","5");

INSERT INTO TB_PROFISSIONAL VALUES("2","2020-03-25 16:47:42","","S","","","","S","S","A","","","","0","9","0","5");

INSERT INTO TB_PROFISSIONAL VALUES("3","2020-04-07 11:48:49","","S","","","","S","S","A","","","","0","13","0","5");

INSERT INTO TB_PROFISSIONAL VALUES("4","2020-04-07 11:49:18","","S","","","","S","S","A","","","","0","15","0","5");

INSERT INTO TB_PROFISSIONAL VALUES("5","2020-04-07 12:02:04","","S","","","","S","S","A","","","","0","17","0","5");

INSERT INTO TB_PROFISSIONAL VALUES("6","2020-04-07 12:02:48","","S","","","","S","S","A","","","","0","19","0","5");

INSERT INTO TB_PROFISSIONAL VALUES("7","2020-04-07 12:03:20","","S","","","","S","S","A","","","","0","21","0","5");

INSERT INTO TB_PROFISSIONAL VALUES("8","2020-04-07 12:08:46","","S","","","","S","S","A","","","","0","23","0","5");

INSERT INTO TB_PROFISSIONAL VALUES("9","2020-04-07 13:06:59","","S","","","","S","S","A","","","","0","25","0","5");

INSERT INTO TB_PROFISSIONAL VALUES("10","2020-04-07 13:08:32","","S","","","","S","S","A","","","","0","27","0","5");

INSERT INTO TB_PROFISSIONAL VALUES("11","2020-04-07 13:09:50","","S","","","","S","S","A","","","","0","29","0","5");

INSERT INTO TB_PROFISSIONAL VALUES("14","2020-04-07 13:14:21","","S","","","","S","S","A","","","","0","35","0","5");

INSERT INTO TB_PROFISSIONAL VALUES("15","2020-04-07 13:19:21","","S","","","","S","S","A","","","","0","37","0","2");




DROP TABLE IF EXISTS TB_PROJETO;


CREATE TABLE `TB_PROJETO` (
  `co_projeto` int(11) NOT NULL AUTO_INCREMENT,
  `no_projeto` varchar(80) DEFAULT NULL,
  `dt_cadastro` datetime DEFAULT NULL,
  PRIMARY KEY (`co_projeto`)
) ENGINE=InnoDB AUTO_INCREMENT=2 DEFAULT CHARSET=utf8;


INSERT INTO TB_PROJETO VALUES("1","SisBela","2018-07-25 11:07:40");




DROP TABLE IF EXISTS TB_SERVICO;


CREATE TABLE `TB_SERVICO` (
  `co_servico` int(11) NOT NULL AUTO_INCREMENT,
  `dt_cadastro` datetime DEFAULT NULL,
  `st_status` varchar(1) DEFAULT 'A' COMMENT 'A - Ativo / I - Inativo',
  `st_assistente` varchar(1) DEFAULT NULL COMMENT 'S - Sim / N - Não * Se precisa ter um assitente',
  `no_servico` varchar(100) DEFAULT NULL,
  `nu_duracao` int(3) DEFAULT NULL,
  `ds_descricao` text DEFAULT NULL,
  `co_categoria_servico` int(11) NOT NULL,
  `co_imagem` int(10) NOT NULL,
  `co_assinante` int(11) NOT NULL,
  PRIMARY KEY (`co_servico`,`co_categoria_servico`,`co_imagem`,`co_assinante`)
) ENGINE=InnoDB AUTO_INCREMENT=15 DEFAULT CHARSET=utf8;


INSERT INTO TB_SERVICO VALUES("1","2020-03-25 16:37:38","A","","Penteado afro","","","0","0","5");

INSERT INTO TB_SERVICO VALUES("2","2020-04-07 11:48:49","A","","Penteado afro  333 ","","","0","0","5");

INSERT INTO TB_SERVICO VALUES("3","2020-04-07 11:49:18","A","","Penteado afro  333","","","0","0","5");

INSERT INTO TB_SERVICO VALUES("4","2020-04-07 12:02:04","A","","Penteado afro  333","","","0","0","5");

INSERT INTO TB_SERVICO VALUES("5","2020-04-07 12:02:48","A","","Penteado afro  333","","","0","0","5");

INSERT INTO TB_SERVICO VALUES("6","2020-04-07 12:03:20","A","","Penteado afro  333","","","0","0","5");

INSERT INTO TB_SERVICO VALUES("7","2020-04-07 12:08:46","A","","Penteado afro  333","","","0","0","5");

INSERT INTO TB_SERVICO VALUES("8","2020-04-07 13:06:59","A","","Penteado afro  333","","","0","0","5");

INSERT INTO TB_SERVICO VALUES("9","2020-04-07 13:08:32","A","","Penteado afro  333","","","0","0","5");

INSERT INTO TB_SERVICO VALUES("10","2020-04-07 13:09:51","A","","Penteado afro  333","","","0","0","5");

INSERT INTO TB_SERVICO VALUES("13","2020-04-07 13:14:21","A","","Penteado afro  333","","","0","0","5");

INSERT INTO TB_SERVICO VALUES("14","2020-04-07 13:19:21","A","","Penteado afro  333","","","0","0","2");




DROP TABLE IF EXISTS TB_SESSAO;


CREATE TABLE `TB_SESSAO` (
  `co_sessao` int(11) NOT NULL AUTO_INCREMENT,
  `no_sessao` varchar(80) DEFAULT NULL,
  `dt_cadastro` datetime DEFAULT NULL,
  `co_modulo` int(11) NOT NULL,
  PRIMARY KEY (`co_sessao`,`co_modulo`)
) ENGINE=InnoDB AUTO_INCREMENT=16 DEFAULT CHARSET=utf8;


INSERT INTO TB_SESSAO VALUES("1","Assinante","2019-12-18 11:36:52","1");

INSERT INTO TB_SESSAO VALUES("2","Complemento do assinante","2019-12-18 11:37:00","1");

INSERT INTO TB_SESSAO VALUES("3","Agendamento","2019-12-18 11:39:46","2");

INSERT INTO TB_SESSAO VALUES("4","Iniciar o sistema","2019-12-18 11:40:59","2");

INSERT INTO TB_SESSAO VALUES("5","Suporte","2019-12-18 11:41:25","2");

INSERT INTO TB_SESSAO VALUES("6","Relatório","2019-12-18 11:41:33","2");

INSERT INTO TB_SESSAO VALUES("7","Usuário","2019-12-18 11:41:47","1");

INSERT INTO TB_SESSAO VALUES("8","Cron Jobs","2019-12-18 11:42:19","2");

INSERT INTO TB_SESSAO VALUES("9","Site do Sistema SisBela","2019-12-18 11:43:29","3");

INSERT INTO TB_SESSAO VALUES("10","PPL - Pré Pré Lançamento","2019-12-18 11:44:07","4");

INSERT INTO TB_SESSAO VALUES("11","PL - Pré Lançamento","2019-12-18 11:43:50","4");

INSERT INTO TB_SESSAO VALUES("12","L - Lançamento","2019-12-18 11:44:00","4");

INSERT INTO TB_SESSAO VALUES("13","Teste das Sessões","2019-12-18 11:45:19","5");

INSERT INTO TB_SESSAO VALUES("14","Configurar Ambiente de Teste","2020-03-17 18:45:38","5");

INSERT INTO TB_SESSAO VALUES("15","Pagamento","2020-03-23 15:24:26","1");




DROP TABLE IF EXISTS TB_STATUS_AGENDA;


CREATE TABLE `TB_STATUS_AGENDA` (
  `co_status_agenda` int(11) NOT NULL AUTO_INCREMENT,
  `dt_cadastro` datetime DEFAULT NULL,
  `st_status` int(2) DEFAULT NULL COMMENT '1 - Agendado / 2 - Confirmado / 3 - Aguardando / 4 - Em Atendimento / 5 - Cancelado / 6 - Faltou / 7 - Finalizado \n',
  `dt_inicio_agenda` datetime DEFAULT NULL,
  `dt_fim_agenda` datetime DEFAULT NULL,
  `nu_valor` decimal(8,2) DEFAULT NULL COMMENT 'Valor total do agendamento',
  `nu_duracao` int(3) DEFAULT NULL COMMENT 'Em minutos',
  `ds_observacao` text DEFAULT NULL,
  `co_cliente` int(11) NOT NULL,
  `co_agenda` int(11) NOT NULL,
  `co_usuario` int(10) NOT NULL,
  `co_profissional` int(11) NOT NULL,
  `co_servico` int(11) NOT NULL,
  PRIMARY KEY (`co_status_agenda`,`co_cliente`,`co_agenda`,`co_usuario`,`co_profissional`,`co_servico`)
) ENGINE=InnoDB AUTO_INCREMENT=25 DEFAULT CHARSET=utf8;


INSERT INTO TB_STATUS_AGENDA VALUES("1","2020-03-25 16:37:38","2","2020-03-18 17:50:00","2020-03-18 18:00:00","0.00","0","frf rg rg","1","1","6","1","1");

INSERT INTO TB_STATUS_AGENDA VALUES("2","2020-03-25 16:41:56","3","2020-03-18 17:50:00","2020-03-18 18:00:00","0.00","0","frf rg rg","1","1","6","1","1");

INSERT INTO TB_STATUS_AGENDA VALUES("3","2020-03-25 16:47:42","1","2020-03-25 11:00:00","2020-03-25 18:00:00","0.00","0","f dsaf g","2","2","6","2","1");

INSERT INTO TB_STATUS_AGENDA VALUES("4","2020-03-25 16:49:39","8","2020-03-25 11:00:00","2020-03-25 18:00:00","","","f dsaf g","2","2","6","2","1");

INSERT INTO TB_STATUS_AGENDA VALUES("5","2020-03-25 16:50:11","7","2020-03-18 17:50:00","2020-03-18 18:00:00","","","frf rg rg","1","1","6","1","1");

INSERT INTO TB_STATUS_AGENDA VALUES("6","2020-03-25 16:58:31","4","2020-03-27 08:00:00","2020-03-27 18:00:00","0.00","0","ghmghmhgmgmd  f bfdb d dfg fdg rthg th","2","3","6","2","1");

INSERT INTO TB_STATUS_AGENDA VALUES("7","2020-04-02 00:00:01","5","2020-03-27 08:00:00","2020-03-27 18:00:00","0.00","0","Mudou para o Status (Cancelado) automaticamente pelo Sistema","2","3","1","2","1");

INSERT INTO TB_STATUS_AGENDA VALUES("8","2020-04-07 11:48:49","1","2020-04-08 08:00:00","2020-04-08 18:00:00","0.00","0","htr trh trh","3","4","6","3","2");

INSERT INTO TB_STATUS_AGENDA VALUES("9","2020-04-07 11:49:18","1","2020-04-14 08:00:00","2020-04-14 18:00:00","0.00","0","gg er greg r eg","4","5","6","4","3");

INSERT INTO TB_STATUS_AGENDA VALUES("10","2020-04-07 12:02:04","1","2020-04-22 08:00:00","2020-04-22 18:00:00","0.00","0","re gre gr eh","5","6","6","5","4");

INSERT INTO TB_STATUS_AGENDA VALUES("11","2020-04-07 12:02:48","1","2020-04-22 08:00:00","2020-04-22 18:00:00","0.00","0","re gre gr eh","6","7","6","6","5");

INSERT INTO TB_STATUS_AGENDA VALUES("12","2020-04-07 12:03:20","1","2020-03-31 08:00:00","2020-03-31 18:00:00","0.00","0","g erg re g gre","7","8","6","7","6");

INSERT INTO TB_STATUS_AGENDA VALUES("13","2020-04-07 12:08:46","3","2020-04-15 08:00:00","2020-04-15 18:00:00","0.00","0","t ytryh 65ju k tjk","8","9","6","8","7");

INSERT INTO TB_STATUS_AGENDA VALUES("14","2020-04-07 13:06:58","1","2020-04-16 08:00:00","2020-04-16 18:00:00","0.00","0","rg eg h jy tjytjyt","9","10","6","9","8");

INSERT INTO TB_STATUS_AGENDA VALUES("15","2020-04-07 13:08:32","1","2020-04-16 08:00:00","2020-04-16 18:00:00","0.00","0","rg eg h jy tjytjyt","10","11","6","10","9");

INSERT INTO TB_STATUS_AGENDA VALUES("16","2020-04-07 13:09:50","1","2020-04-16 08:00:00","2020-04-16 18:00:00","0.00","0","rg eg h jy tjytjyt","11","12","6","11","10");

INSERT INTO TB_STATUS_AGENDA VALUES("19","2020-04-07 13:14:21","1","2020-04-16 08:00:00","2020-04-16 18:00:00","0.00","0","rg eg h jy tjytjyt","14","17","6","14","13");

INSERT INTO TB_STATUS_AGENDA VALUES("20","2020-04-07 13:19:21","1","2020-04-08 08:00:00","2020-04-08 18:00:00","0.00","0","rtf rgerh","15","18","3","15","14");

INSERT INTO TB_STATUS_AGENDA VALUES("21","2020-04-08 00:00:01","6","2020-03-31 08:00:00","2020-03-31 18:00:00","0.00","0","Mudou para o Status (Faltou) automaticamente pelo Sistema","7","8","1","7","6");

INSERT INTO TB_STATUS_AGENDA VALUES("22","2020-04-09 00:00:01","6","2020-04-08 08:00:00","2020-04-08 18:00:00","0.00","0","Mudou para o Status (Faltou) automaticamente pelo Sistema","15","18","1","15","14");

INSERT INTO TB_STATUS_AGENDA VALUES("23","2020-04-09 00:00:01","6","2020-04-08 08:00:00","2020-04-08 18:00:00","0.00","0","Mudou para o Status (Faltou) automaticamente pelo Sistema","3","4","1","3","2");

INSERT INTO TB_STATUS_AGENDA VALUES("24","2020-04-15 00:00:01","6","2020-04-14 08:00:00","2020-04-14 18:00:00","0.00","0","Mudou para o Status (Faltou) automaticamente pelo Sistema","4","5","1","4","3");




DROP TABLE IF EXISTS TB_SUPORTE;


CREATE TABLE `TB_SUPORTE` (
  `co_suporte` int(11) NOT NULL AUTO_INCREMENT,
  `st_status` varchar(1) DEFAULT 'A' COMMENT 'A - Ativa / I - Inativa',
  `dt_cadastro` datetime DEFAULT NULL,
  `ds_assunto` varchar(100) DEFAULT NULL,
  `st_tipo_assunto` int(1) DEFAULT NULL COMMENT '1 - Sugestão ou Melhorias / 2 - Reclamação / 3 -  Correção no Sistema / 4 - Outros',
  `co_assinante` int(11) NOT NULL,
  PRIMARY KEY (`co_suporte`,`co_assinante`)
) ENGINE=InnoDB AUTO_INCREMENT=3 DEFAULT CHARSET=utf8;


INSERT INTO TB_SUPORTE VALUES("1","I","2020-03-25 16:53:32","Novidade","2","5");

INSERT INTO TB_SUPORTE VALUES("2","A","2020-03-25 16:54:14","Novidade","2","5");




DROP TABLE IF EXISTS TB_TRAFEGO;


CREATE TABLE `TB_TRAFEGO` (
  `co_trafego` int(11) NOT NULL AUTO_INCREMENT,
  `nu_ip` varchar(20) DEFAULT NULL,
  `ds_pais` varchar(100) DEFAULT NULL,
  `ds_code_pais` varchar(100) DEFAULT NULL,
  `ds_uf` varchar(45) DEFAULT NULL,
  `ds_estado` varchar(100) DEFAULT NULL,
  `ds_cidade` varchar(120) DEFAULT NULL,
  `ds_navegador` varchar(45) DEFAULT NULL,
  `ds_sistema_operacional` varchar(45) DEFAULT NULL,
  `ds_dispositivo` varchar(45) DEFAULT NULL,
  `ds_agente` varchar(255) DEFAULT NULL,
  PRIMARY KEY (`co_trafego`)
) ENGINE=InnoDB AUTO_INCREMENT=73 DEFAULT CHARSET=utf8;


INSERT INTO TB_TRAFEGO VALUES("29","::1","Desconhecido","Desconhecida","Desconhecida","Desconhecida","Desconhecida","Firefox","Windows 8.1","Desktop","Mozilla/5.0 (Windows NT 6.3; Win64; x64; rv:74.0) Gecko/20100101 Firefox/74.0");

INSERT INTO TB_TRAFEGO VALUES("30","::1","Desconhecido","Desconhecida","Desconhecida","Desconhecida","Desconhecida","Firefox","Windows 8.1","Desktop","Mozilla/5.0 (Windows NT 6.3; Win64; x64; rv:74.0) Gecko/20100101 Firefox/74.0");

INSERT INTO TB_TRAFEGO VALUES("31","::1","Desconhecido","Desconhecida","Desconhecida","Desconhecida","Desconhecida","Firefox","Windows 8.1","Desktop","Mozilla/5.0 (Windows NT 6.3; Win64; x64; rv:74.0) Gecko/20100101 Firefox/74.0");

INSERT INTO TB_TRAFEGO VALUES("32","::1","Desconhecido","Desconhecida","Desconhecida","Desconhecida","Desconhecida","Firefox","Windows 8.1","Desktop","Mozilla/5.0 (Windows NT 6.3; Win64; x64; rv:74.0) Gecko/20100101 Firefox/74.0");

INSERT INTO TB_TRAFEGO VALUES("33","::1","Desconhecido","Desconhecida","Desconhecida","Desconhecida","Desconhecida","Firefox","Windows 8.1","Desktop","Mozilla/5.0 (Windows NT 6.3; Win64; x64; rv:74.0) Gecko/20100101 Firefox/74.0");

INSERT INTO TB_TRAFEGO VALUES("34","::1","Desconhecido","Desconhecida","Desconhecida","Desconhecida","Desconhecida","Firefox","Windows 8.1","Desktop","Mozilla/5.0 (Windows NT 6.3; Win64; x64; rv:74.0) Gecko/20100101 Firefox/74.0");

INSERT INTO TB_TRAFEGO VALUES("35","::1","Desconhecido","Desconhecida","Desconhecida","Desconhecida","Desconhecida","Firefox","Windows 8.1","Desktop","Mozilla/5.0 (Windows NT 6.3; Win64; x64; rv:74.0) Gecko/20100101 Firefox/74.0");

INSERT INTO TB_TRAFEGO VALUES("36","::1","Desconhecido","Desconhecida","Desconhecida","Desconhecida","Desconhecida","Firefox","Windows 8.1","Desktop","Mozilla/5.0 (Windows NT 6.3; Win64; x64; rv:74.0) Gecko/20100101 Firefox/74.0");

INSERT INTO TB_TRAFEGO VALUES("37","::1","Desconhecido","Desconhecida","Desconhecida","Desconhecida","Desconhecida","Firefox","Windows 8.1","Desktop","Mozilla/5.0 (Windows NT 6.3; Win64; x64; rv:74.0) Gecko/20100101 Firefox/74.0");

INSERT INTO TB_TRAFEGO VALUES("38","::1","Desconhecido","Desconhecida","Desconhecida","Desconhecida","Desconhecida","Firefox","Windows 8.1","Desktop","Mozilla/5.0 (Windows NT 6.3; Win64; x64; rv:74.0) Gecko/20100101 Firefox/74.0");

INSERT INTO TB_TRAFEGO VALUES("39","::1","Desconhecido","Desconhecida","Desconhecida","Desconhecida","Desconhecida","Firefox","Windows 8.1","Desktop","Mozilla/5.0 (Windows NT 6.3; Win64; x64; rv:74.0) Gecko/20100101 Firefox/74.0");

INSERT INTO TB_TRAFEGO VALUES("40","::1","Desconhecido","Desconhecida","Desconhecida","Desconhecida","Desconhecida","Firefox","Windows 8.1","Desktop","Mozilla/5.0 (Windows NT 6.3; Win64; x64; rv:74.0) Gecko/20100101 Firefox/74.0");

INSERT INTO TB_TRAFEGO VALUES("41","::1","Desconhecido","Desconhecida","Desconhecida","Desconhecida","Desconhecida","Firefox","Windows 8.1","Desktop","Mozilla/5.0 (Windows NT 6.3; Win64; x64; rv:74.0) Gecko/20100101 Firefox/74.0");

INSERT INTO TB_TRAFEGO VALUES("42","::1","Desconhecido","Desconhecida","Desconhecida","Desconhecida","Desconhecida","Firefox","Windows 8.1","Desktop","Mozilla/5.0 (Windows NT 6.3; Win64; x64; rv:74.0) Gecko/20100101 Firefox/74.0");

INSERT INTO TB_TRAFEGO VALUES("43","::1","Desconhecido","Desconhecida","Desconhecida","Desconhecida","Desconhecida","Firefox","Windows 8.1","Desktop","Mozilla/5.0 (Windows NT 6.3; Win64; x64; rv:74.0) Gecko/20100101 Firefox/74.0");

INSERT INTO TB_TRAFEGO VALUES("44","::1","Desconhecido","Desconhecida","Desconhecida","Desconhecida","Desconhecida","Firefox","Windows 8.1","Desktop","Mozilla/5.0 (Windows NT 6.3; Win64; x64; rv:74.0) Gecko/20100101 Firefox/74.0");

INSERT INTO TB_TRAFEGO VALUES("45","::1","Desconhecido","Desconhecida","Desconhecida","Desconhecida","Desconhecida","Firefox","Windows 8.1","Desktop","Mozilla/5.0 (Windows NT 6.3; Win64; x64; rv:74.0) Gecko/20100101 Firefox/74.0");

INSERT INTO TB_TRAFEGO VALUES("46","::1","Desconhecido","Desconhecida","Desconhecida","Desconhecida","Desconhecida","Firefox","Windows 8.1","Desktop","Mozilla/5.0 (Windows NT 6.3; Win64; x64; rv:74.0) Gecko/20100101 Firefox/74.0");

INSERT INTO TB_TRAFEGO VALUES("47","::1","Desconhecido","Desconhecida","Desconhecida","Desconhecida","Desconhecida","Firefox","Windows 8.1","Desktop","Mozilla/5.0 (Windows NT 6.3; Win64; x64; rv:74.0) Gecko/20100101 Firefox/74.0");

INSERT INTO TB_TRAFEGO VALUES("48","::1","Desconhecido","Desconhecida","Desconhecida","Desconhecida","Desconhecida","Firefox","Windows 8.1","Desktop","Mozilla/5.0 (Windows NT 6.3; Win64; x64; rv:74.0) Gecko/20100101 Firefox/74.0");

INSERT INTO TB_TRAFEGO VALUES("49","::1","Desconhecido","Desconhecida","Desconhecida","Desconhecida","Desconhecida","Firefox","Windows 8.1","Desktop","Mozilla/5.0 (Windows NT 6.3; Win64; x64; rv:74.0) Gecko/20100101 Firefox/74.0");

INSERT INTO TB_TRAFEGO VALUES("50","::1","Desconhecido","Desconhecida","Desconhecida","Desconhecida","Desconhecida","Firefox","Windows 8.1","Desktop","Mozilla/5.0 (Windows NT 6.3; Win64; x64; rv:74.0) Gecko/20100101 Firefox/74.0");

INSERT INTO TB_TRAFEGO VALUES("51","::1","Desconhecido","Desconhecida","Desconhecida","Desconhecida","Desconhecida","Firefox","Windows 8.1","Desktop","Mozilla/5.0 (Windows NT 6.3; Win64; x64; rv:74.0) Gecko/20100101 Firefox/74.0");

INSERT INTO TB_TRAFEGO VALUES("52","::1","Desconhecido","Desconhecida","Desconhecida","Desconhecida","Desconhecida","Firefox","Windows 8.1","Desktop","Mozilla/5.0 (Windows NT 6.3; Win64; x64; rv:74.0) Gecko/20100101 Firefox/74.0");

INSERT INTO TB_TRAFEGO VALUES("53","::1","Desconhecido","Desconhecida","Desconhecida","Desconhecida","Desconhecida","Firefox","Windows 8.1","Desktop","Mozilla/5.0 (Windows NT 6.3; Win64; x64; rv:74.0) Gecko/20100101 Firefox/74.0");

INSERT INTO TB_TRAFEGO VALUES("54","::1","Desconhecido","Desconhecida","Desconhecida","Desconhecida","Desconhecida","Firefox","Windows 8.1","Desktop","Mozilla/5.0 (Windows NT 6.3; Win64; x64; rv:74.0) Gecko/20100101 Firefox/74.0");

INSERT INTO TB_TRAFEGO VALUES("55","127.0.0.1","Desconhecido","Desconhecida","Desconhecida","Desconhecida","Desconhecida","Firefox","Windows 8.1","Desktop","Mozilla/5.0 (Windows NT 6.3; Win64; x64; rv:74.0) Gecko/20100101 Firefox/74.0");

INSERT INTO TB_TRAFEGO VALUES("56","127.0.0.1","Desconhecido","Desconhecida","Desconhecida","Desconhecida","Desconhecida","Firefox","Windows 8.1","Desktop","Mozilla/5.0 (Windows NT 6.3; Win64; x64; rv:74.0) Gecko/20100101 Firefox/74.0");

INSERT INTO TB_TRAFEGO VALUES("57","127.0.0.1","Desconhecido","Desconhecida","Desconhecida","Desconhecida","Desconhecida","Firefox","Windows 8.1","Desktop","Mozilla/5.0 (Windows NT 6.3; Win64; x64; rv:74.0) Gecko/20100101 Firefox/74.0");

INSERT INTO TB_TRAFEGO VALUES("58","127.0.0.1","Desconhecido","Desconhecida","Desconhecida","Desconhecida","Desconhecida","Firefox","Windows 8.1","Desktop","Mozilla/5.0 (Windows NT 6.3; Win64; x64; rv:74.0) Gecko/20100101 Firefox/74.0");

INSERT INTO TB_TRAFEGO VALUES("59","127.0.0.1","Desconhecido","Desconhecida","Desconhecida","Desconhecida","Desconhecida","Firefox","Windows 8.1","Desktop","Mozilla/5.0 (Windows NT 6.3; Win64; x64; rv:74.0) Gecko/20100101 Firefox/74.0");

INSERT INTO TB_TRAFEGO VALUES("60","127.0.0.1","Desconhecido","Desconhecida","Desconhecida","Desconhecida","Desconhecida","Firefox","Windows 8.1","Desktop","Mozilla/5.0 (Windows NT 6.3; Win64; x64; rv:74.0) Gecko/20100101 Firefox/74.0");

INSERT INTO TB_TRAFEGO VALUES("61","127.0.0.1","Desconhecido","Desconhecida","Desconhecida","Desconhecida","Desconhecida","Firefox","Windows 8.1","Desktop","Mozilla/5.0 (Windows NT 6.3; Win64; x64; rv:74.0) Gecko/20100101 Firefox/74.0");

INSERT INTO TB_TRAFEGO VALUES("62","127.0.0.1","Desconhecido","Desconhecida","Desconhecida","Desconhecida","Desconhecida","Firefox","Windows 8.1","Desktop","Mozilla/5.0 (Windows NT 6.3; Win64; x64; rv:74.0) Gecko/20100101 Firefox/74.0");

INSERT INTO TB_TRAFEGO VALUES("63","::1","Desconhecido","Desconhecida","Desconhecida","Desconhecida","Desconhecida","Firefox","Windows 8.1","Desktop","Mozilla/5.0 (Windows NT 6.3; Win64; x64; rv:74.0) Gecko/20100101 Firefox/74.0");

INSERT INTO TB_TRAFEGO VALUES("64","::1","Desconhecido","Desconhecida","Desconhecida","Desconhecida","Desconhecida","Firefox","Windows 8.1","Desktop","Mozilla/5.0 (Windows NT 6.3; Win64; x64; rv:75.0) Gecko/20100101 Firefox/75.0");

INSERT INTO TB_TRAFEGO VALUES("65","::1","Desconhecido","Desconhecida","Desconhecida","Desconhecida","Desconhecida","Firefox","Windows 8.1","Desktop","Mozilla/5.0 (Windows NT 6.3; Win64; x64; rv:75.0) Gecko/20100101 Firefox/75.0");

INSERT INTO TB_TRAFEGO VALUES("66","::1","Desconhecido","Desconhecida","Desconhecida","Desconhecida","Desconhecida","Firefox","Windows 8.1","Desktop","Mozilla/5.0 (Windows NT 6.3; Win64; x64; rv:75.0) Gecko/20100101 Firefox/75.0");

INSERT INTO TB_TRAFEGO VALUES("67","::1","Desconhecido","Desconhecida","Desconhecida","Desconhecida","Desconhecida","Firefox","Windows 8.1","Desktop","Mozilla/5.0 (Windows NT 6.3; Win64; x64; rv:75.0) Gecko/20100101 Firefox/75.0");

INSERT INTO TB_TRAFEGO VALUES("68","::1","Desconhecido","Desconhecida","Desconhecida","Desconhecida","Desconhecida","Firefox","Windows 8.1","Desktop","Mozilla/5.0 (Windows NT 6.3; Win64; x64; rv:75.0) Gecko/20100101 Firefox/75.0");

INSERT INTO TB_TRAFEGO VALUES("69","::1","Desconhecido","Desconhecida","Desconhecida","Desconhecida","Desconhecida","Firefox","Windows 8.1","Desktop","Mozilla/5.0 (Windows NT 6.3; Win64; x64; rv:75.0) Gecko/20100101 Firefox/75.0");

INSERT INTO TB_TRAFEGO VALUES("70","::1","Desconhecido","Desconhecida","Desconhecida","Desconhecida","Desconhecida","Firefox","Windows 8.1","Desktop","Mozilla/5.0 (Windows NT 6.3; Win64; x64; rv:75.0) Gecko/20100101 Firefox/75.0");

INSERT INTO TB_TRAFEGO VALUES("71","::1","Desconhecido","Desconhecida","Desconhecida","Desconhecida","Desconhecida","Firefox","Windows 8.1","Desktop","Mozilla/5.0 (Windows NT 6.3; Win64; x64; rv:75.0) Gecko/20100101 Firefox/75.0");

INSERT INTO TB_TRAFEGO VALUES("72","::1","Desconhecido","Desconhecida","Desconhecida","Desconhecida","Desconhecida","Firefox","Windows 8.1","Desktop","Mozilla/5.0 (Windows NT 6.3; Win64; x64; rv:75.0) Gecko/20100101 Firefox/75.0");




DROP TABLE IF EXISTS TB_USUARIO;


CREATE TABLE `TB_USUARIO` (
  `co_usuario` int(10) NOT NULL AUTO_INCREMENT,
  `ds_senha` varchar(100) NOT NULL,
  `ds_code` varchar(50) NOT NULL COMMENT 'Senha criptografada',
  `st_status` varchar(1) NOT NULL DEFAULT 'I' COMMENT '''A - Ativo / I - Inativo''',
  `st_troca_senha` varchar(1) DEFAULT 'N',
  `dt_cadastro` datetime NOT NULL,
  `co_imagem` int(10) NOT NULL,
  `co_pessoa` int(11) NOT NULL,
  `co_assinante` int(11) NOT NULL,
  PRIMARY KEY (`co_usuario`,`co_imagem`,`co_pessoa`,`co_assinante`)
) ENGINE=InnoDB AUTO_INCREMENT=17 DEFAULT CHARSET=utf8;


INSERT INTO TB_USUARIO VALUES("1","123456**","TVRJek5EVTJLaW89","A","S","2016-10-31 00:00:00","1","1","0");

INSERT INTO TB_USUARIO VALUES("2","JRU0GSB3","U2xKVk1FZFRRak09","I","N","2020-03-25 12:09:13","0","2","1");

INSERT INTO TB_USUARIO VALUES("3","123456**","TVRJek5EVTJLaW89","A","N","2020-03-25 12:17:19","11","3","2");

INSERT INTO TB_USUARIO VALUES("4","QYK2NEW6","VVZsTE1rNUZWelk9","I","N","2020-03-25 12:53:31","0","4","3");

INSERT INTO TB_USUARIO VALUES("5","ALO7ZKC0","UVV4UE4xcExRekE9","I","N","2020-03-25 12:57:07","0","5","4");

INSERT INTO TB_USUARIO VALUES("6","12345678**","TVRJek5EVTJOemdxS2c9PQ==","A","S","2020-03-25 13:03:39","0","6","5");

INSERT INTO TB_USUARIO VALUES("7","12345678**","TVRJek5EVTJOemdxS2c9PQ==","A","N","2020-03-25 17:05:01","6","11","5");

INSERT INTO TB_USUARIO VALUES("8","12345678**","TVRJek5EVTJOemdxS2c9PQ==","A","N","2020-03-25 17:33:09","7","12","5");

INSERT INTO TB_USUARIO VALUES("9","BIJ6HMC7","UWtsS05raE5RemM9","I","N","2020-04-11 18:20:44","0","39","6");

INSERT INTO TB_USUARIO VALUES("10","KHU7VVQ0","UzBoVk4xWldVVEE9","I","N","2020-04-15 10:44:55","0","40","7");

INSERT INTO TB_USUARIO VALUES("11","WMD1OVY0","VjAxRU1VOVdXVEE9","I","N","2020-04-15 10:50:44","0","41","8");

INSERT INTO TB_USUARIO VALUES("12","IRB5YWB8","U1ZKQ05WbFhRamc9","I","N","2020-04-15 10:52:48","0","42","9");

INSERT INTO TB_USUARIO VALUES("13","NYU4PBQ8","VGxsVk5GQkNVVGc9","I","N","2020-04-15 10:54:18","0","43","10");

INSERT INTO TB_USUARIO VALUES("14","WHZ5KYN6","VjBoYU5VdFpUalk9","I","N","2020-04-15 10:55:48","0","44","11");

INSERT INTO TB_USUARIO VALUES("15","HEX8AWT0","U0VWWU9FRlhWREE9","I","N","2020-04-15 10:57:20","0","45","12");

INSERT INTO TB_USUARIO VALUES("16","OWR3KWM1","VDFkU00wdFhUVEU9","I","N","2020-04-15 11:00:01","0","46","13");




DROP TABLE IF EXISTS TB_USUARIO_PERFIL;


CREATE TABLE `TB_USUARIO_PERFIL` (
  `co_usuario_perfil` int(11) NOT NULL AUTO_INCREMENT,
  `co_usuario` int(10) NOT NULL,
  `co_perfil` int(11) NOT NULL,
  `co_perfil_assinante` int(10) NOT NULL,
  PRIMARY KEY (`co_usuario_perfil`,`co_usuario`,`co_perfil`,`co_perfil_assinante`)
) ENGINE=InnoDB AUTO_INCREMENT=24 DEFAULT CHARSET=utf8;


INSERT INTO TB_USUARIO_PERFIL VALUES("1","1","1","0");

INSERT INTO TB_USUARIO_PERFIL VALUES("2","2","2","0");

INSERT INTO TB_USUARIO_PERFIL VALUES("3","3","2","0");

INSERT INTO TB_USUARIO_PERFIL VALUES("4","4","2","0");

INSERT INTO TB_USUARIO_PERFIL VALUES("5","5","2","0");

INSERT INTO TB_USUARIO_PERFIL VALUES("6","6","2","0");

INSERT INTO TB_USUARIO_PERFIL VALUES("7","7","3","0");

INSERT INTO TB_USUARIO_PERFIL VALUES("10","8","4","0");

INSERT INTO TB_USUARIO_PERFIL VALUES("11","8","3","0");

INSERT INTO TB_USUARIO_PERFIL VALUES("12","0","4","0");

INSERT INTO TB_USUARIO_PERFIL VALUES("13","0","3","0");

INSERT INTO TB_USUARIO_PERFIL VALUES("14","0","2","0");

INSERT INTO TB_USUARIO_PERFIL VALUES("15","0","3","0");

INSERT INTO TB_USUARIO_PERFIL VALUES("16","9","2","0");

INSERT INTO TB_USUARIO_PERFIL VALUES("17","10","2","0");

INSERT INTO TB_USUARIO_PERFIL VALUES("18","11","2","0");

INSERT INTO TB_USUARIO_PERFIL VALUES("19","12","2","0");

INSERT INTO TB_USUARIO_PERFIL VALUES("20","13","2","0");

INSERT INTO TB_USUARIO_PERFIL VALUES("21","14","2","0");

INSERT INTO TB_USUARIO_PERFIL VALUES("22","15","2","0");

INSERT INTO TB_USUARIO_PERFIL VALUES("23","16","2","0");




DROP TABLE IF EXISTS TB_VISITA;


CREATE TABLE `TB_VISITA` (
  `co_visita` int(11) NOT NULL AUTO_INCREMENT,
  `dt_realizado` datetime DEFAULT NULL,
  `dt_atualizado` datetime DEFAULT NULL,
  `nu_visitas` int(11) DEFAULT NULL,
  `co_trafego` int(11) NOT NULL,
  PRIMARY KEY (`co_visita`,`co_trafego`)
) ENGINE=InnoDB DEFAULT CHARSET=utf8;





